customerID,gender,SeniorCitizen,Partner,Dependents,tenure,PhoneService,InternetService,OnlineSecurity,OnlineBackup,TechSupport,StreamingTV,StreamingMovies,Contract,PaperlessBilling,PaymentMethod,MonthlyCharges,TotalCharges,Churn
CUST00001,Male,0,Yes,No,63,Yes,DSL,No,No,Yes,Yes,Yes,Month-to-month,Yes,Mailed check,107.95,6944.91,Yes
CUST00002,Female,0,Yes,No,15,Yes,No,No internet service,No internet service,No internet service,No internet service,No internet service,Two year,No,Bank transfer,73.87,1178.69,Yes
CUST00003,Female,0,No,Yes,57,Yes,DSL,No,Yes,No,Yes,No,Month-to-month,No,Electronic check,25.76,1400.75,No
CUST00004,Male,0,Yes,No,27,Yes,DSL,Yes,No,No,Yes,Yes,Month-to-month,Yes,Mailed check,52.51,1464.85,No
CUST00005,Male,0,No,Yes,7,Yes,DSL,No,No,No,No,Yes,One year,No,Bank transfer,54.36,422.75,No
CUST00006,Female,0,No,No,35,Yes,Fiber optic,No,No,No,No,Yes,One year,Yes,Mailed check,85.89,3143.95,No
CUST00007,Male,0,No,No,34,Yes,Fiber optic,Yes,No,Yes,Yes,Yes,Month-to-month,Yes,Electronic check,39.83,1315.1,Yes
CUST00008,Female,0,Yes,No,36,Yes,No,No internet service,No internet service,No internet service,No internet service,No internet service,One year,Yes,Electronic check,97.6,3495.02,Yes
CUST00009,Male,0,Yes,No,62,Yes,DSL,Yes,No,Yes,Yes,No,Two year,Yes,Mailed check,85.89,5359.84,No
CUST00010,Male,0,No,Yes,20,Yes,DSL,No,Yes,Yes,No,No,Two year,Yes,Electronic check,99.5,1991.45,No
CUST00011,Female,0,No,No,46,Yes,Fiber optic,,No,Yes,Yes,Yes,One year,No,Credit card,57.5,2533.78,No
CUST00012,Female,0,No,Yes,14,No,DSL,No,Yes,No,No,No,Month-to-month,No,Bank transfer,83.91,1255.93,Yes
CUST00013,Female,0,Yes,Yes,64,Yes,DSL,No,Yes,Yes,Yes,Yes,Two year,Yes,Bank transfer,48.1,3206.25,No
CUST00014,Female,0,Yes,Yes,33,Yes,No,No internet service,No internet service,No internet service,No internet service,No internet service,One year,Yes,Mailed check,90.92,3012.63,No
CUST00015,Female,0,Yes,No,58,Yes,Fiber optic,Yes,No,No,Yes,No,Month-to-month,No,Credit card,68.07,3846.25,Yes
CUST00016,Female,0,No,No,19,Yes,Fiber optic,Yes,No,Yes,Yes,Yes,Month-to-month,No,Bank transfer,70.52,1330.83,No
CUST00017,Female,0,Yes,No,22,Yes,No,No internet service,No internet service,No internet service,No internet service,No internet service,One year,Yes,Bank transfer,73.18,1537.22,No
CUST00018,Male,0,No,No,71,Yes,DSL,Yes,Yes,Yes,Yes,No,Month-to-month,Yes,Mailed check,30.47,2142.64,No
CUST00019,Female,1,Yes,No,14,Yes,DSL,No,Yes,No,Yes,Yes,Month-to-month,No,Electronic check,103.75,1467.34,Yes
CUST00020,Male,0,Yes,No,40,Yes,DSL,No,No,Yes,No,No,Month-to-month,Yes,Electronic check,76.07,3095.28,Yes
CUST00021,Female,1,No,No,23,Yes,DSL,No,Yes,Yes,Yes,No,One year,No,Bank transfer,103.85,2500.96,No
CUST00022,Male,0,No,No,28,Yes,Fiber optic,No,No,No,Yes,No,Month-to-month,Yes,Credit card,102.0,2906.17,Yes
CUST00023,Male,0,No,No,50,Yes,No,No internet service,No internet service,No internet service,No internet service,No internet service,One year,No,Electronic check,53.67,2598.86,No
CUST00024,Female,0,Yes,No,57,Yes,No,No internet service,No internet service,No internet service,No internet service,No internet service,One year,No,Electronic check,67.25,,No
CUST00025,Female,0,No,Yes,35,Yes,Fiber optic,No,Yes,Yes,No,No,Month-to-month,Yes,Electronic check,35.23,1210.19,Yes
CUST00026,Female,1,Yes,No,46,No,No,No internet service,No internet service,No internet service,No internet service,No internet service,Two year,Yes,Mailed check,104.65,4800.06,No
CUST00027,Male,0,No,No,3,No,Fiber optic,No,Yes,Yes,No,No,Month-to-month,Yes,Electronic check,82.12,245.24,Yes
CUST00028,Female,1,No,No,17,Yes,DSL,No,No,Yes,Yes,Yes,One year,Yes,Bank transfer,79.03,1354.32,No
CUST00029,Female,1,Yes,Yes,54,Yes,DSL,No,Yes,No,No,Yes,Month-to-month,Yes,Credit card,67.1,3704.41,No
CUST00030,Male,0,No,Yes,48,Yes,Fiber optic,No,No,Yes,No,Yes,Two year,Yes,Bank transfer,49.76,2428.23,No
CUST00031,Male,0,Yes,No,3,Yes,DSL,No,Yes,No,Yes,Yes,Two year,Yes,Mailed check,106.07,223.37,No
CUST00032,Male,0,Yes,No,65,Yes,DSL,No,Yes,No,Yes,No,Month-to-month,No,Mailed check,124.14,7948.93,Yes
CUST00033,Male,0,Yes,No,29,Yes,No,No internet service,No internet service,No internet service,No internet service,No internet service,Two year,Yes,Credit card,107.04,3156.18,No
CUST00034,Female,0,Yes,No,22,Yes,DSL,Yes,No,No,Yes,Yes,Month-to-month,Yes,Credit card,69.82,1579.14,No
CUST00035,Female,0,No,No,33,Yes,Fiber optic,Yes,Yes,Yes,Yes,Yes,Two year,No,Electronic check,83.75,2864.64,No
CUST00036,Male,1,No,No,28,No,DSL,,No,No,No,No,Month-to-month,No,Mailed check,100.75,2813.12,No
CUST00037,Female,0,No,Yes,36,No,Fiber optic,No,No,Yes,No,Yes,Month-to-month,Yes,Electronic check,76.35,2771.0,Yes
CUST00038,Female,0,No,Yes,11,Yes,Fiber optic,Yes,No,No,Yes,Yes,One year,Yes,Credit card,122.62,1387.01,No
CUST00039,Male,0,No,No,10,Yes,DSL,No,Yes,No,No,Yes,Month-to-month,Yes,Bank transfer,105.21,927.75,Yes
CUST00040,Female,0,Yes,No,72,Yes,DSL,Yes,No,No,Yes,No,Two year,No,Electronic check,143.64,10213.1,No
CUST00041,Male,1,Yes,No,54,Yes,Fiber optic,No,Yes,No,No,Yes,Two year,Yes,Bank transfer,78.86,4317.31,Yes
CUST00042,Female,0,Yes,No,26,Yes,Fiber optic,No,No,No,Yes,Yes,One year,Yes,Mailed check,18.0,497.54,No
CUST00043,Female,1,No,Yes,62,Yes,DSL,Yes,No,No,Yes,No,Month-to-month,No,Credit card,75.8,4807.34,No
CUST00044,Male,0,No,No,58,Yes,Fiber optic,No,No,Yes,No,No,Two year,Yes,Electronic check,64.51,3889.08,No
CUST00045,Male,1,No,Yes,50,Yes,DSL,No,Yes,Yes,No,Yes,Two year,No,Mailed check,78.32,3891.97,No
CUST00046,Female,0,Yes,No,52,Yes,DSL,Yes,No,Yes,No,No,One year,No,Bank transfer,118.58,6137.96,No
CUST00047,Male,0,Yes,Yes,69,Yes,No,No internet service,No internet service,No internet service,No internet service,No internet service,Month-to-month,Yes,Electronic check,60.45,4062.52,Yes
CUST00048,Female,0,No,No,60,Yes,DSL,Yes,Yes,Yes,Yes,Yes,Month-to-month,No,Mailed check,53.21,3234.05,No
CUST00049,Female,0,Yes,No,18,Yes,Fiber optic,Yes,No,Yes,Yes,Yes,Month-to-month,Yes,Bank transfer,57.83,876.28,Yes
CUST00050,Female,0,No,No,53,Yes,Fiber optic,Yes,Yes,Yes,No,No,Two year,No,Bank transfer,127.85,6698.42,No
CUST00051,Female,0,Yes,Yes,11,Yes,No,No internet service,No internet service,No internet service,No internet service,No internet service,Month-to-month,Yes,Electronic check,62.48,711.97,Yes
CUST00052,Male,0,Yes,Yes,36,Yes,DSL,No,No,Yes,Yes,Yes,Month-to-month,Yes,Bank transfer,80.49,,No
CUST00053,Male,0,No,No,4,Yes,Fiber optic,No,Yes,Yes,No,Yes,Month-to-month,Yes,Bank transfer,120.16,476.86,No
CUST00054,Male,0,No,Yes,12,Yes,Fiber optic,Yes,No,Yes,No,No,Month-to-month,Yes,Mailed check,90.59,1070.52,Yes
CUST00055,Male,0,No,Yes,52,No,DSL,No,No,Yes,Yes,No,One year,Yes,Credit card,18.0,847.04,No
CUST00056,Male,0,No,No,27,Yes,DSL,Yes,No,Yes,Yes,No,Two year,Yes,Bank transfer,61.92,1506.57,No
CUST00057,Female,0,Yes,Yes,11,Yes,No,No internet service,No internet service,No internet service,No internet service,No internet service,Two year,Yes,Credit card,57.68,690.49,No
CUST00058,Male,0,No,Yes,71,Yes,Fiber optic,No,No,Yes,Yes,No,Month-to-month,Yes,Bank transfer,30.43,2146.3,No
CUST00059,Female,0,No,No,68,Yes,DSL,Yes,No,No,Yes,Yes,Month-to-month,Yes,Credit card,62.09,4249.29,No
CUST00060,Female,0,No,No,16,No,Fiber optic,Yes,Yes,Yes,No,Yes,Month-to-month,No,Credit card,18.0,283.32,No
CUST00061,Female,0,No,No,43,Yes,Fiber optic,No,No,No,Yes,Yes,Two year,No,Mailed check,82.13,3525.48,No
CUST00062,Female,0,Yes,No,21,Yes,DSL,Yes,No,Yes,Yes,No,Two year,No,Electronic check,74.19,1571.07,No
CUST00063,Male,1,Yes,No,58,Yes,DSL,No,Yes,Yes,Yes,No,Month-to-month,No,Bank transfer,56.3,3250.01,No
CUST00064,Female,0,No,No,50,Yes,DSL,Yes,Yes,No,Yes,No,Month-to-month,Yes,Bank transfer,28.76,1410.92,Yes
CUST00065,Male,0,No,No,31,Yes,Fiber optic,Yes,Yes,No,Yes,No,Two year,Yes,Credit card,108.86,3294.26,No
CUST00066,Male,0,Yes,Yes,67,No,Fiber optic,No,Yes,No,Yes,Yes,One year,No,Credit card,59.79,4204.53,No
CUST00067,Female,0,Yes,No,53,No,DSL,Yes,No,Yes,Yes,Yes,Month-to-month,Yes,Electronic check,101.44,5456.88,Yes
CUST00068,Male,0,No,No,11,Yes,Fiber optic,Yes,Yes,No,Yes,Yes,Month-to-month,No,Mailed check,70.86,898.74,Yes
CUST00069,Male,0,No,No,32,Yes,Fiber optic,Yes,No,No,Yes,Yes,Month-to-month,Yes,Bank transfer,110.48,3636.88,Yes
CUST00070,Male,0,No,No,60,Yes,Fiber optic,Yes,No,Yes,No,Yes,Month-to-month,Yes,Bank transfer,88.61,5294.26,No
CUST00071,Female,0,Yes,No,39,Yes,DSL,No,Yes,Yes,No,Yes,One year,Yes,Mailed check,76.79,2980.27,No
CUST00072,Male,0,No,No,7,Yes,DSL,Yes,No,No,No,No,One year,No,Mailed check,53.01,371.3,No
CUST00073,Male,0,No,No,56,Yes,No,No internet service,No internet service,No internet service,No internet service,No internet service,Month-to-month,No,Mailed check,106.48,5933.75,No
CUST00074,Male,1,No,No,35,Yes,DSL,No,No,No,Yes,No,One year,Yes,Credit card,68.86,2480.33,No
CUST00075,Female,1,Yes,No,17,Yes,DSL,Yes,Yes,No,Yes,Yes,Month-to-month,No,Credit card,53.63,846.63,Yes
CUST00076,Male,1,No,No,59,Yes,Fiber optic,Yes,No,No,Yes,Yes,Month-to-month,No,Bank transfer,70.07,4048.78,No
CUST00077,Male,1,No,No,64,No,No,No internet service,No internet service,No internet service,No internet service,No internet service,Month-to-month,No,Electronic check,72.85,4558.69,No
CUST00078,Male,0,No,No,42,Yes,No,No internet service,No internet service,No internet service,No internet service,No internet service,Month-to-month,No,Credit card,95.85,3999.78,No
CUST00079,Female,0,No,Yes,52,Yes,Fiber optic,Yes,Yes,Yes,Yes,Yes,Two year,Yes,Bank transfer,26.95,1363.65,No
CUST00080,Female,0,No,Yes,17,Yes,No,No internet service,No internet service,No internet service,No internet service,No internet service,Month-to-month,Yes,Bank transfer,133.58,2221.36,No
CUST00081,Female,0,Yes,No,54,Yes,DSL,No,No,No,Yes,Yes,Month-to-month,No,Bank transfer,85.58,4628.02,No
CUST00082,Male,0,No,Yes,66,Yes,No,No internet service,No internet service,No internet service,No internet service,No internet service,Two year,No,Mailed check,73.6,4764.33,No
CUST00083,Male,1,No,Yes,17,No,DSL,Yes,No,No,Yes,Yes,Month-to-month,Yes,Bank transfer,85.1,1506.08,Yes
CUST00084,Female,0,Yes,Yes,68,No,No,No internet service,No internet service,No internet service,No internet service,No internet service,Month-to-month,No,Bank transfer,35.71,2340.52,No
CUST00085,Female,0,Yes,No,6,Yes,No,No internet service,No internet service,No internet service,No internet service,No internet service,Month-to-month,Yes,Electronic check,77.1,368.79,Yes
CUST00086,Female,0,No,No,32,Yes,Fiber optic,No,Yes,No,No,Yes,Month-to-month,No,Credit card,90.26,2836.83,Yes
CUST00087,Male,0,Yes,No,5,Yes,Fiber optic,Yes,No,Yes,Yes,Yes,Month-to-month,Yes,Mailed check,66.64,322.15,No
CUST00088,Male,0,No,No,32,Yes,DSL,No,Yes,Yes,No,Yes,One year,No,Bank transfer,87.09,2855.72,Yes
CUST00089,Female,0,Yes,No,47,Yes,Fiber optic,No,Yes,Yes,No,Yes,Month-to-month,No,Electronic check,93.83,4404.04,Yes
CUST00090,Female,0,Yes,No,63,No,DSL,No,No,No,No,No,Month-to-month,Yes,Electronic check,55.79,3386.4,Yes
CUST00091,Male,0,Yes,No,10,Yes,Fiber optic,Yes,Yes,No,Yes,No,Two year,No,Mailed check,105.22,1091.2,No
CUST00092,Female,1,No,No,64,Yes,DSL,No,No,No,Yes,Yes,Month-to-month,Yes,Mailed check,72.49,4676.83,Yes
CUST00093,Female,0,No,No,72,Yes,DSL,No,No,Yes,No,Yes,Month-to-month,No,Electronic check,121.66,8713.09,No
CUST00094,Male,0,Yes,No,4,Yes,DSL,Yes,Yes,No,Yes,Yes,Month-to-month,Yes,Bank transfer,106.74,440.63,Yes
CUST00095,Female,0,Yes,Yes,70,Yes,No,No internet service,No internet service,No internet service,No internet service,No internet service,Month-to-month,Yes,Electronic check,84.16,6005.97,Yes
CUST00096,Male,0,Yes,Yes,66,Yes,Fiber optic,Yes,No,Yes,No,No,One year,No,Electronic check,53.7,3475.06,No
CUST00097,Male,0,No,No,2,Yes,Fiber optic,Yes,Yes,No,Yes,Yes,Month-to-month,No,Bank transfer,71.21,219.26,Yes
CUST00098,Female,1,No,No,4,No,DSL,No,Yes,No,Yes,Yes,Month-to-month,No,Bank transfer,99.2,498.04,No
CUST00099,Female,0,No,No,52,Yes,DSL,No,Yes,No,No,No,Month-to-month,No,Bank transfer,60.01,3134.59,No
CUST00100,Male,0,Yes,Yes,30,Yes,Fiber optic,No,No,No,Yes,Yes,Two year,Yes,Credit card,84.84,2446.88,No
CUST00101,Female,0,No,No,19,Yes,DSL,Yes,Yes,Yes,Yes,No,Month-to-month,No,Credit card,87.66,1770.09,No
CUST00102,Male,0,Yes,No,29,Yes,Fiber optic,No,No,Yes,Yes,No,Month-to-month,No,Mailed check,71.19,2137.79,Yes
CUST00103,Female,0,Yes,No,24,Yes,Fiber optic,Yes,No,No,No,No,Month-to-month,No,Bank transfer,53.46,1326.91,Yes
CUST00104,Male,0,Yes,No,71,Yes,No,No internet service,No internet service,No internet service,No internet service,No internet service,Month-to-month,No,Electronic check,113.94,8085.55,No
CUST00105,Female,1,Yes,No,17,Yes,DSL,Yes,Yes,Yes,Yes,Yes,Month-to-month,No,Credit card,85.88,1552.55,Yes
CUST00106,Female,0,Yes,No,6,Yes,Fiber optic,No,Yes,Yes,Yes,Yes,Month-to-month,No,Credit card,66.45,330.69,No
CUST00107,Female,0,No,No,60,No,No,No internet service,No internet service,No internet service,No internet service,No internet service,Month-to-month,No,Bank transfer,54.25,,No
CUST00108,Female,0,Yes,No,61,No,No,No internet service,No internet service,No internet service,No internet service,No internet service,Two year,Yes,Mailed check,96.46,5858.32,No
CUST00109,Male,0,No,No,65,Yes,Fiber optic,No,Yes,Yes,Yes,Yes,Two year,No,Bank transfer,72.26,4562.78,Yes
CUST00110,Female,1,No,No,70,Yes,DSL,No,No,Yes,Yes,No,Month-to-month,Yes,Credit card,98.44,6810.43,Yes
CUST00111,Male,0,No,Yes,2,Yes,Fiber optic,Yes,Yes,Yes,No,Yes,Two year,Yes,Credit card,,134.21,No
CUST00112,Female,0,No,No,56,Yes,Fiber optic,Yes,Yes,No,Yes,Yes,Month-to-month,Yes,Electronic check,81.57,4585.7,Yes
CUST00113,Female,0,No,No,19,Yes,DSL,Yes,Yes,No,Yes,No,Two year,Yes,Bank transfer,62.01,1213.65,No
CUST00114,Male,0,Yes,Yes,30,Yes,DSL,No,No,Yes,No,Yes,One year,No,Electronic check,117.54,3496.84,No
CUST00115,Female,0,Yes,No,32,Yes,Fiber optic,No,No,No,Yes,Yes,One year,Yes,Electronic check,83.21,2679.6,No
CUST00116,Female,0,No,No,71,Yes,DSL,No,No,No,No,No,Month-to-month,Yes,Electronic check,49.11,3536.85,No
CUST00117,Male,0,No,Yes,38,Yes,No,No internet service,No internet service,No internet service,No internet service,No internet service,One year,Yes,Electronic check,97.37,3888.86,No
CUST00118,Male,0,No,No,16,No,DSL,Yes,No,Yes,No,Yes,One year,No,Mailed check,104.87,1646.55,No
CUST00119,Male,0,No,Yes,6,Yes,No,No internet service,No internet service,No internet service,No internet service,No internet service,One year,Yes,Credit card,65.57,475.4,No
CUST00120,Male,0,No,No,42,Yes,Fiber optic,No,Yes,Yes,No,No,Month-to-month,Yes,Credit card,53.76,2309.65,No
CUST00121,Male,0,No,No,60,Yes,No,No internet service,No internet service,No internet service,No internet service,No internet service,Month-to-month,Yes,Credit card,18.93,,Yes
CUST00122,Female,0,No,No,51,Yes,Fiber optic,No,No,No,No,Yes,Month-to-month,No,Bank transfer,101.52,5073.41,Yes
CUST00123,Female,0,No,No,68,Yes,DSL,Yes,No,No,Yes,Yes,Month-to-month,Yes,Bank transfer,30.17,2162.75,No
CUST00124,Male,0,No,Yes,3,Yes,DSL,No,No,Yes,Yes,No,Month-to-month,No,Electronic check,72.79,238.28,No
CUST00125,Female,0,No,No,29,Yes,DSL,Yes,Yes,No,No,No,Month-to-month,Yes,Credit card,30.87,847.96,Yes
CUST00126,Female,0,No,Yes,44,Yes,Fiber optic,No,Yes,No,No,Yes,Month-to-month,Yes,Electronic check,119.03,5166.57,No
CUST00127,Male,0,No,No,62,No,DSL,No,No,No,No,No,Month-to-month,No,Credit card,107.36,6677.2,No
CUST00128,Female,1,Yes,No,22,Yes,Fiber optic,Yes,Yes,No,Yes,Yes,Month-to-month,No,Bank transfer,81.5,1717.97,No
CUST00129,Female,0,Yes,Yes,49,Yes,No,No internet service,No internet service,No internet service,No internet service,No internet service,Month-to-month,Yes,Mailed check,100.19,4863.81,Yes
CUST00130,Female,0,No,No,15,Yes,Fiber optic,No,No,No,Yes,Yes,Two year,Yes,Electronic check,70.69,1013.04,Yes
CUST00131,Female,0,Yes,No,43,Yes,Fiber optic,Yes,Yes,Yes,Yes,No,Month-to-month,Yes,Credit card,53.38,2299.03,Yes
CUST00132,Female,0,Yes,No,56,Yes,No,No internet service,No internet service,No internet service,No internet service,No internet service,Two year,Yes,Electronic check,32.09,1845.08,No
CUST00133,Male,0,No,Yes,59,Yes,Fiber optic,No,No,No,No,Yes,Month-to-month,Yes,Bank transfer,93.8,5508.78,Yes
CUST00134,Female,0,No,No,32,Yes,DSL,No,No,No,Yes,No,Month-to-month,Yes,Bank transfer,48.77,1543.63,No
CUST00135,Female,0,No,Yes,34,No,DSL,Yes,Yes,Yes,Yes,Yes,Month-to-month,Yes,Mailed check,137.16,4672.1,No
CUST00136,Male,0,No,No,64,Yes,Fiber optic,No,No,Yes,Yes,Yes,Month-to-month,Yes,Electronic check,46.19,2896.28,Yes
CUST00137,Female,1,Yes,No,39,Yes,DSL,Yes,Yes,Yes,Yes,Yes,Two year,No,Mailed check,99.3,3825.72,No
CUST00138,Male,0,Yes,No,25,Yes,Fiber optic,Yes,No,Yes,No,No,Month-to-month,Yes,Mailed check,105.9,2610.11,No
CUST00139,Male,0,No,No,20,Yes,No,No internet service,No internet service,No internet service,No internet service,No internet service,Month-to-month,Yes,Mailed check,40.51,833.24,No
CUST00140,Male,1,Yes,No,51,Yes,Fiber optic,Yes,Yes,No,Yes,No,One year,Yes,Mailed check,62.76,3329.46,No
CUST00141,Female,1,No,No,51,Yes,DSL,No,Yes,Yes,Yes,Yes,One year,No,Electronic check,68.25,3381.09,No
CUST00142,Male,0,No,No,39,Yes,DSL,No,Yes,No,Yes,No,One year,Yes,Mailed check,150.0,5869.13,No
CUST00143,Male,0,No,No,11,No,No,No internet service,No internet service,No internet service,No internet service,No internet service,Month-to-month,Yes,Mailed check,67.87,728.21,No
CUST00144,Male,0,No,No,11,Yes,DSL,No,No,Yes,Yes,Yes,Two year,No,Mailed check,45.55,487.47,No
CUST00145,Female,0,No,No,17,Yes,DSL,Yes,Yes,Yes,No,No,Month-to-month,Yes,Electronic check,86.29,1427.89,Yes
CUST00146,Female,0,No,Yes,0,Yes,Fiber optic,No,Yes,Yes,Yes,Yes,Month-to-month,Yes,Mailed check,47.81,91.3,No
CUST00147,Male,0,Yes,No,35,Yes,Fiber optic,No,No,No,Yes,Yes,Two year,No,Credit card,72.46,2342.03,No
CUST00148,Male,0,No,No,30,Yes,Fiber optic,Yes,No,No,No,Yes,Two year,Yes,Electronic check,62.63,1788.05,No
CUST00149,Female,0,Yes,No,28,Yes,Fiber optic,Yes,No,No,Yes,No,Two year,Yes,Bank transfer,86.95,2521.8,No
CUST00150,Male,0,No,No,68,Yes,Fiber optic,Yes,Yes,Yes,Yes,Yes,Month-to-month,Yes,Credit card,59.97,4171.15,Yes
CUST00151,Female,0,Yes,Yes,17,Yes,DSL,No,No,Yes,No,No,Two year,No,Credit card,56.6,1103.0,No
CUST00152,Male,0,No,Yes,59,Yes,Fiber optic,No,No,No,Yes,Yes,Month-to-month,No,Mailed check,100.98,5982.35,Yes
CUST00153,Female,0,No,No,14,Yes,Fiber optic,No,No,Yes,No,Yes,Two year,No,Electronic check,81.23,,Yes
CUST00154,Male,1,Yes,No,44,Yes,Fiber optic,Yes,Yes,Yes,No,Yes,One year,Yes,Bank transfer,74.71,3138.19,No
CUST00155,Male,0,No,No,62,No,No,No internet service,No internet service,No internet service,No internet service,No internet service,Month-to-month,Yes,Mailed check,25.88,1604.79,No
CUST00156,Female,0,Yes,No,61,Yes,DSL,No,Yes,Yes,Yes,Yes,Month-to-month,No,Mailed check,89.55,5507.31,No
CUST00157,Male,0,Yes,Yes,43,No,Fiber optic,No,No,Yes,No,No,One year,No,Bank transfer,62.23,2636.86,No
CUST00158,Female,0,Yes,No,15,Yes,Fiber optic,No,No,Yes,Yes,No,Month-to-month,Yes,Mailed check,80.96,1207.02,Yes
CUST00159,Female,0,Yes,No,27,Yes,Fiber optic,Yes,No,Yes,Yes,Yes,Two year,No,Bank transfer,27.89,851.6,No
CUST00160,Female,0,No,No,30,Yes,DSL,Yes,No,No,No,No,Two year,No,Mailed check,80.93,2544.44,No
CUST00161,Female,0,No,Yes,61,No,Fiber optic,No,No,Yes,Yes,No,Two year,Yes,Credit card,78.83,4828.65,Yes
CUST00162,Female,0,No,No,27,Yes,No,No internet service,No internet service,No internet service,No internet service,No internet service,Month-to-month,No,Bank transfer,68.26,1838.95,No
CUST00163,Male,0,No,No,60,Yes,Fiber optic,Yes,Yes,Yes,No,No,One year,No,Mailed check,51.85,3169.31,No
CUST00164,Male,0,No,No,69,Yes,DSL,No,No,No,No,Yes,One year,Yes,Electronic check,,7087.8,Yes
CUST00165,Male,0,No,No,8,Yes,DSL,Yes,Yes,No,Yes,Yes,Month-to-month,No,Electronic check,55.34,526.24,No
CUST00166,Female,1,No,Yes,68,Yes,Fiber optic,No,Yes,No,No,Yes,Month-to-month,Yes,Electronic check,96.75,6537.01,No
CUST00167,Male,0,Yes,No,41,Yes,DSL,No,Yes,No,No,No,One year,Yes,Credit card,100.18,4167.38,No
CUST00168,Male,0,No,Yes,43,Yes,No,No internet service,No internet service,No internet service,No internet service,No internet service,Month-to-month,No,Credit card,53.19,2285.6,No
CUST00169,Male,0,No,No,22,Yes,No,No internet service,No internet service,No internet service,No internet service,No internet service,Month-to-month,No,Electronic check,92.7,1989.87,No
CUST00170,Male,0,Yes,No,24,Yes,No,No internet service,No internet service,No internet service,No internet service,No internet service,Month-to-month,Yes,Mailed check,63.26,1546.97,No
CUST00171,Male,0,Yes,Yes,39,Yes,Fiber optic,Yes,No,Yes,Yes,Yes,Month-to-month,No,Electronic check,89.96,3477.06,Yes
CUST00172,Male,0,Yes,No,14,Yes,Fiber optic,No,Yes,Yes,No,No,Month-to-month,No,Credit card,50.6,787.94,No
CUST00173,Female,0,Yes,Yes,52,Yes,DSL,Yes,No,No,No,No,Month-to-month,No,Bank transfer,71.12,3618.69,Yes
CUST00174,Female,0,No,No,48,Yes,DSL,No,No,No,Yes,Yes,One year,Yes,Electronic check,75.93,3662.61,Yes
CUST00175,Female,0,Yes,Yes,0,Yes,Fiber optic,No,Yes,No,No,No,Two year,No,Bank transfer,73.27,0.0,No
CUST00176,Male,0,No,No,15,Yes,DSL,No,No,Yes,Yes,Yes,One year,No,Credit card,83.53,1349.04,No
CUST00177,Female,0,No,No,37,Yes,DSL,Yes,Yes,No,Yes,No,Month-to-month,No,Electronic check,53.78,2047.03,No
CUST00178,Male,0,Yes,Yes,54,Yes,No,No internet service,No internet service,No internet service,No internet service,No internet service,Month-to-month,Yes,Bank transfer,60.19,3246.68,Yes
CUST00179,Female,1,No,No,21,Yes,No,No internet service,No internet service,No internet service,No internet service,No internet service,Month-to-month,Yes,Bank transfer,91.85,1927.63,Yes
CUST00180,Female,0,No,Yes,64,Yes,No,No internet service,No internet service,No internet service,No internet service,No internet service,One year,Yes,Electronic check,63.69,4210.91,No
CUST00181,Female,0,No,No,38,Yes,DSL,Yes,Yes,Yes,No,Yes,Two year,Yes,Credit card,61.57,2400.39,No
CUST00182,Male,0,No,Yes,39,Yes,No,No internet service,No internet service,No internet service,No internet service,No internet service,Two year,No,Electronic check,52.95,2004.59,No
CUST00183,Male,0,No,No,8,Yes,Fiber optic,Yes,No,Yes,No,No,Month-to-month,No,Mailed check,62.5,574.78,Yes
CUST00184,Female,0,Yes,Yes,45,Yes,DSL,No,No,No,No,No,Month-to-month,Yes,Credit card,,2129.38,No
CUST00185,Male,0,Yes,Yes,59,Yes,Fiber optic,Yes,Yes,Yes,Yes,Yes,One year,Yes,Mailed check,92.23,5453.81,No
CUST00186,Male,0,Yes,Yes,15,Yes,Fiber optic,Yes,Yes,Yes,Yes,Yes,Two year,No,Mailed check,62.77,773.69,No
CUST00187,Male,0,Yes,No,39,Yes,Fiber optic,No,No,Yes,No,Yes,Two year,Yes,Bank transfer,46.91,1894.69,No
CUST00188,Male,0,No,No,0,Yes,No,No internet service,No internet service,No internet service,No internet service,No internet service,Two year,No,Electronic check,68.92,0.0,No
CUST00189,Male,1,Yes,No,15,Yes,Fiber optic,Yes,No,Yes,Yes,Yes,Month-to-month,Yes,Bank transfer,39.09,569.74,Yes
CUST00190,Male,0,No,No,5,Yes,No,No internet service,No internet service,No internet service,No internet service,No internet service,Two year,Yes,Electronic check,52.61,151.6,No
CUST00191,Female,1,Yes,Yes,56,Yes,DSL,No,Yes,Yes,No,No,Month-to-month,Yes,Electronic check,107.86,6054.59,No
CUST00192,Female,0,No,No,72,Yes,Fiber optic,Yes,No,No,Yes,Yes,Month-to-month,Yes,Mailed check,46.8,3375.24,Yes
CUST00193,Female,1,No,No,2,Yes,No,No internet service,No internet service,No internet service,No internet service,No internet service,One year,No,Electronic check,70.41,38.87,No
CUST00194,Male,0,No,No,51,Yes,Fiber optic,Yes,No,No,No,Yes,Month-to-month,No,Bank transfer,129.16,6589.77,No
CUST00195,Female,0,No,No,43,Yes,No,No internet service,No internet service,No internet service,No internet service,No internet service,Month-to-month,Yes,Mailed check,80.23,3428.68,Yes
CUST00196,Male,0,Yes,No,51,Yes,Fiber optic,Yes,Yes,Yes,No,No,Month-to-month,No,Mailed check,61.23,3220.65,Yes
CUST00197,Male,1,No,Yes,36,Yes,DSL,Yes,No,No,No,No,Month-to-month,No,Credit card,24.31,818.48,No
CUST00198,Male,0,Yes,No,72,Yes,Fiber optic,Yes,No,No,Yes,Yes,Month-to-month,No,Credit card,78.17,5666.56,No
CUST00199,Male,0,No,Yes,2,Yes,Fiber optic,Yes,Yes,Yes,Yes,No,One year,No,Mailed check,54.81,0.0,No
CUST00200,Female,0,No,No,10,Yes,DSL,Yes,No,Yes,Yes,No,Month-to-month,Yes,Electronic check,87.95,885.9,Yes
CUST00201,Male,1,Yes,Yes,18,Yes,Fiber optic,No,No,No,Yes,No,One year,Yes,Electronic check,57.09,1056.23,No
CUST00202,Female,0,Yes,No,57,Yes,DSL,No,No,No,Yes,No,One year,Yes,Bank transfer,80.93,4645.6,No
CUST00203,Male,0,Yes,No,5,Yes,DSL,Yes,Yes,Yes,No,No,Month-to-month,Yes,Credit card,110.16,541.3,Yes
CUST00204,Female,0,No,No,9,Yes,No,No internet service,No internet service,No internet service,No internet service,No internet service,Two year,Yes,Credit card,90.78,955.56,No
CUST00205,Male,1,No,No,53,Yes,No,No internet service,No internet service,No internet service,No internet service,No internet service,Month-to-month,Yes,Credit card,41.04,2146.27,No
CUST00206,Male,0,Yes,No,30,Yes,Fiber optic,Yes,No,Yes,No,No,Two year,Yes,Electronic check,76.22,2325.14,No
CUST00207,Female,0,Yes,No,51,Yes,Fiber optic,Yes,Yes,Yes,Yes,No,Two year,Yes,Credit card,98.09,4977.4,No
CUST00208,Female,0,Yes,No,26,Yes,Fiber optic,Yes,Yes,Yes,No,No,Two year,No,Credit card,36.01,869.23,No
CUST00209,Male,1,No,No,6,Yes,DSL,No,Yes,Yes,No,Yes,Month-to-month,Yes,Electronic check,116.18,602.07,Yes
CUST00210,Female,1,Yes,Yes,43,Yes,DSL,Yes,Yes,Yes,Yes,Yes,Two year,Yes,Mailed check,77.52,3260.21,No
CUST00211,Male,0,Yes,No,7,Yes,No,No internet service,No internet service,No internet service,No internet service,No internet service,Month-to-month,Yes,Credit card,88.41,667.21,No
CUST00212,Female,0,No,No,34,Yes,Fiber optic,No,No,Yes,No,Yes,Two year,Yes,Mailed check,65.4,2329.77,No
CUST00213,Female,0,Yes,No,64,Yes,Fiber optic,No,Yes,No,Yes,No,Month-to-month,Yes,Bank transfer,75.16,4858.34,No
CUST00214,Male,1,No,Yes,13,Yes,DSL,No,No,No,Yes,Yes,One year,No,Electronic check,,644.52,No
CUST00215,Female,0,No,No,14,Yes,No,No internet service,No internet service,No internet service,No internet service,No internet service,Month-to-month,Yes,Bank transfer,112.68,1527.26,Yes
CUST00216,Male,0,Yes,No,69,Yes,DSL,Yes,No,No,Yes,No,Two year,Yes,Mailed check,118.83,8212.41,Yes
CUST00217,Male,0,No,No,22,Yes,Fiber optic,Yes,No,Yes,Yes,Yes,One year,No,Credit card,127.67,2725.43,Yes
CUST00218,Male,0,Yes,No,27,Yes,DSL,No,Yes,No,No,No,Month-to-month,Yes,Electronic check,29.86,876.92,Yes
CUST00219,Male,0,Yes,Yes,49,No,DSL,Yes,No,Yes,No,No,Month-to-month,No,Credit card,82.24,4059.32,No
CUST00220,Female,0,No,No,9,Yes,Fiber optic,Yes,Yes,Yes,Yes,Yes,Two year,Yes,Electronic check,,685.78,No
CUST00221,Male,1,No,No,4,Yes,Fiber optic,No,Yes,No,No,No,Two year,Yes,Mailed check,56.36,344.75,Yes
CUST00222,Male,0,No,No,61,Yes,Fiber optic,Yes,Yes,Yes,Yes,Yes,Month-to-month,Yes,Electronic check,83.32,4986.03,Yes
CUST00223,Female,0,Yes,No,69,Yes,DSL,Yes,No,No,No,Yes,One year,No,Electronic check,38.08,2631.66,Yes
CUST00224,Male,0,Yes,Yes,72,Yes,No,No internet service,No internet service,No internet service,No internet service,No internet service,Month-to-month,Yes,Credit card,110.79,8043.58,No
CUST00225,Female,0,Yes,No,1,Yes,Fiber optic,Yes,Yes,Yes,Yes,No,Month-to-month,Yes,Bank transfer,35.67,94.42,Yes
CUST00226,Male,1,No,Yes,38,No,No,No internet service,No internet service,No internet service,No internet service,No internet service,Month-to-month,Yes,Credit card,80.26,2999.88,Yes
CUST00227,Female,0,No,No,61,Yes,DSL,Yes,No,Yes,No,No,One year,No,Credit card,93.73,5684.55,Yes
CUST00228,Female,0,No,No,61,Yes,No,No internet service,No internet service,No internet service,No internet service,No internet service,Month-to-month,Yes,Bank transfer,59.01,,No
CUST00229,Female,0,No,Yes,26,Yes,Fiber optic,No,No,No,Yes,No,Two year,Yes,Bank transfer,108.32,2833.82,Yes
CUST00230,Male,0,Yes,No,35,Yes,Fiber optic,Yes,Yes,Yes,No,No,Month-to-month,Yes,Mailed check,28.38,1058.91,No
CUST00231,Male,0,No,No,10,Yes,DSL,Yes,No,Yes,Yes,No,One year,No,Bank transfer,73.23,,No
CUST00232,Female,0,Yes,No,10,Yes,DSL,No,Yes,Yes,No,No,Month-to-month,Yes,Credit card,31.83,362.77,Yes
CUST00233,Male,0,Yes,Yes,27,Yes,No,No internet service,No internet service,No internet service,No internet service,No internet service,One year,Yes,Electronic check,54.67,1436.74,No
CUST00234,Female,0,No,No,16,Yes,Fiber optic,Yes,No,No,Yes,No,Month-to-month,Yes,Credit card,61.65,978.96,Yes
CUST00235,Male,0,No,No,71,Yes,Fiber optic,No,Yes,No,Yes,No,Month-to-month,Yes,Bank transfer,60.13,4184.04,Yes
CUST00236,Female,0,Yes,No,5,No,Fiber optic,Yes,No,No,No,No,Month-to-month,Yes,Credit card,105.77,479.35,Yes
CUST00237,Female,1,Yes,No,38,No,Fiber optic,Yes,Yes,No,No,Yes,One year,No,Mailed check,44.69,1857.61,No
CUST00238,Male,0,No,No,40,Yes,Fiber optic,No,No,Yes,Yes,Yes,One year,Yes,Bank transfer,35.14,1378.53,No
CUST00239,Male,1,Yes,No,4,Yes,No,No internet service,No internet service,No internet service,No internet service,No internet service,Month-to-month,Yes,Bank transfer,63.22,252.01,Yes
CUST00240,Female,0,No,Yes,32,Yes,DSL,No,No,Yes,Yes,Yes,Month-to-month,Yes,Mailed check,76.83,2385.37,Yes
CUST00241,Male,0,No,Yes,68,Yes,No,No internet service,No internet service,No internet service,No internet service,No internet service,Month-to-month,Yes,Electronic check,86.58,6094.07,No
CUST00242,Female,0,Yes,No,7,Yes,Fiber optic,No,No,Yes,No,No,Month-to-month,No,Credit card,102.85,757.22,Yes
CUST00243,Male,0,Yes,No,10,Yes,DSL,No,No,Yes,No,Yes,Month-to-month,No,Bank transfer,20.25,200.78,Yes
CUST00244,Female,0,Yes,No,12,Yes,Fiber optic,Yes,No,No,Yes,Yes,Month-to-month,No,Mailed check,116.22,1468.27,Yes
CUST00245,Female,0,No,Yes,3,Yes,No,No internet service,No internet service,No internet service,No internet service,No internet service,Month-to-month,No,Bank transfer,53.54,189.02,Yes
CUST00246,Male,0,Yes,Yes,64,Yes,Fiber optic,Yes,Yes,No,No,No,Month-to-month,Yes,Bank transfer,67.04,4276.79,Yes
CUST00247,Female,0,No,No,3,Yes,DSL,No,Yes,No,Yes,No,Month-to-month,No,Electronic check,74.58,213.48,Yes
CUST00248,Male,0,Yes,Yes,20,Yes,DSL,Yes,No,Yes,Yes,No,Two year,No,Electronic check,19.74,271.66,No
CUST00249,Female,1,No,No,60,Yes,Fiber optic,No,No,Yes,No,Yes,Two year,Yes,Credit card,63.19,3762.16,No
CUST00250,Male,1,Yes,No,72,Yes,DSL,Yes,Yes,No,No,Yes,One year,No,Electronic check,98.8,7073.17,No
CUST00251,Male,0,Yes,Yes,11,Yes,DSL,Yes,No,Yes,Yes,Yes,Month-to-month,Yes,Electronic check,89.79,1013.37,No
CUST00252,Male,0,No,No,26,Yes,Fiber optic,Yes,No,Yes,Yes,No,Month-to-month,Yes,Credit card,61.49,1581.8,No
CUST00253,Male,0,No,No,13,Yes,DSL,No,Yes,No,No,No,Month-to-month,Yes,Credit card,79.33,1086.15,No
CUST00254,Male,0,Yes,No,14,Yes,DSL,No,Yes,No,Yes,Yes,One year,Yes,Bank transfer,85.54,1205.54,No
CUST00255,Female,0,Yes,Yes,68,Yes,Fiber optic,Yes,Yes,No,Yes,Yes,Two year,No,Credit card,67.53,4524.74,No
CUST00256,Male,0,No,No,24,No,Fiber optic,No,No,No,No,No,One year,Yes,Bank transfer,86.31,2190.54,Yes
CUST00257,Female,0,Yes,No,44,Yes,Fiber optic,No,Yes,Yes,Yes,No,Two year,Yes,Electronic check,53.99,2344.63,No
CUST00258,Male,1,Yes,No,11,Yes,DSL,Yes,No,No,Yes,Yes,Month-to-month,No,Electronic check,50.37,598.41,Yes
CUST00259,Male,0,Yes,Yes,20,Yes,Fiber optic,No,No,No,Yes,Yes,Month-to-month,Yes,Credit card,66.58,1226.71,Yes
CUST00260,Female,0,Yes,Yes,26,Yes,Fiber optic,No,Yes,No,Yes,Yes,Month-to-month,Yes,Mailed check,18.0,529.61,Yes
CUST00261,Female,1,No,No,42,Yes,Fiber optic,Yes,No,No,No,Yes,Month-to-month,No,Mailed check,91.33,3704.99,Yes
CUST00262,Male,0,No,No,65,No,DSL,Yes,No,Yes,Yes,No,Month-to-month,No,Mailed check,76.08,5100.17,No
CUST00263,Male,0,No,No,17,Yes,DSL,Yes,Yes,No,No,Yes,Two year,Yes,Credit card,68.45,1218.43,No
CUST00264,Female,1,No,No,47,Yes,Fiber optic,No,No,No,Yes,Yes,Month-to-month,No,Credit card,93.91,4396.37,Yes
CUST00265,Female,1,Yes,No,36,No,DSL,No,No,Yes,No,No,Two year,No,Bank transfer,83.68,3058.19,Yes
CUST00266,Female,0,No,No,58,Yes,No,No internet service,No internet service,No internet service,No internet service,No internet service,Two year,Yes,Mailed check,100.6,5733.41,No
CUST00267,Male,0,Yes,Yes,24,No,No,No internet service,No internet service,No internet service,No internet service,No internet service,One year,No,Bank transfer,113.5,2707.82,No
CUST00268,Male,0,Yes,Yes,30,Yes,Fiber optic,No,No,Yes,No,Yes,Two year,No,Mailed check,82.26,2527.4,No
CUST00269,Female,0,No,Yes,45,Yes,Fiber optic,No,Yes,Yes,Yes,Yes,Month-to-month,No,Mailed check,56.01,2566.29,No
CUST00270,Female,0,Yes,No,32,Yes,Fiber optic,No,Yes,Yes,Yes,No,Two year,Yes,Electronic check,92.12,2947.22,Yes
CUST00271,Male,0,Yes,Yes,55,Yes,DSL,No,No,No,Yes,No,One year,No,Mailed check,56.09,3110.19,No
CUST00272,Male,0,Yes,No,1,No,Fiber optic,No,Yes,No,Yes,Yes,One year,Yes,Mailed check,54.94,141.39,Yes
CUST00273,Male,0,No,No,25,Yes,No,No internet service,No internet service,No internet service,No internet service,No internet service,One year,No,Mailed check,66.68,1724.84,No
CUST00274,Female,0,Yes,No,12,Yes,DSL,No,Yes,Yes,No,No,Two year,Yes,Mailed check,102.95,1085.11,No
CUST00275,Male,0,No,No,10,Yes,Fiber optic,Yes,No,Yes,No,No,Two year,No,Bank transfer,92.75,926.88,No
CUST00276,Male,0,No,Yes,3,Yes,Fiber optic,Yes,No,No,No,Yes,Month-to-month,No,Credit card,96.15,289.94,No
CUST00277,Male,0,No,No,25,Yes,DSL,No,Yes,Yes,Yes,No,Month-to-month,Yes,Credit card,77.07,1826.71,No
CUST00278,Female,0,Yes,No,15,Yes,Fiber optic,No,Yes,No,Yes,Yes,Month-to-month,Yes,Credit card,88.24,1239.14,Yes
CUST00279,Male,0,No,No,55,Yes,No,No internet service,No internet service,No internet service,No internet service,No internet service,Two year,Yes,Credit card,89.02,5015.88,No
CUST00280,Male,0,Yes,No,36,Yes,DSL,No,Yes,No,Yes,No,Month-to-month,Yes,Mailed check,56.79,1986.36,No
CUST00281,Male,0,No,No,57,Yes,DSL,No,No,Yes,Yes,No,One year,No,Credit card,88.71,5022.6,No
CUST00282,Male,0,No,No,64,Yes,DSL,No,No,No,Yes,No,Month-to-month,No,Mailed check,73.9,4665.62,No
CUST00283,Female,0,Yes,Yes,57,Yes,Fiber optic,Yes,No,No,No,Yes,Two year,No,Credit card,63.88,3674.22,No
CUST00284,Male,0,No,No,30,Yes,Fiber optic,Yes,Yes,Yes,Yes,No,Two year,No,Credit card,65.08,1974.75,No
CUST00285,Male,0,No,No,71,Yes,Fiber optic,Yes,Yes,Yes,No,Yes,Month-to-month,Yes,Credit card,60.19,4428.57,Yes
CUST00286,Female,0,Yes,Yes,28,Yes,No,No internet service,No internet service,No internet service,No internet service,No internet service,Month-to-month,Yes,Mailed check,66.98,1832.52,Yes
CUST00287,Male,1,Yes,Yes,60,No,No,No internet service,No internet service,No internet service,No internet service,No internet service,Two year,Yes,Mailed check,73.8,4469.89,No
CUST00288,Female,0,No,No,12,Yes,DSL,Yes,Yes,No,Yes,Yes,Month-to-month,Yes,Bank transfer,90.63,936.61,No
CUST00289,Female,0,No,No,70,Yes,No,No internet service,No internet service,No internet service,No internet service,No internet service,Month-to-month,No,Credit card,111.73,7707.64,No
CUST00290,Male,0,No,Yes,22,Yes,Fiber optic,Yes,Yes,Yes,No,No,Two year,No,Electronic check,88.21,2047.14,No
CUST00291,Female,0,Yes,No,45,Yes,DSL,Yes,No,No,No,No,One year,Yes,Mailed check,76.93,3550.26,No
CUST00292,Male,0,No,No,25,Yes,DSL,Yes,No,No,Yes,Yes,Two year,Yes,Mailed check,24.0,635.51,No
CUST00293,Female,0,No,No,16,Yes,Fiber optic,No,Yes,Yes,Yes,Yes,Month-to-month,Yes,Credit card,134.47,2241.64,Yes
CUST00294,Male,0,No,No,24,Yes,No,No internet service,No internet service,No internet service,No internet service,No internet service,One year,No,Electronic check,,1265.15,Yes
CUST00295,Female,0,No,No,44,Yes,Fiber optic,,No,Yes,No,No,Two year,No,Mailed check,57.11,2645.05,No
CUST00296,Female,0,Yes,Yes,8,Yes,Fiber optic,Yes,Yes,No,Yes,Yes,One year,Yes,Electronic check,105.6,762.01,Yes
CUST00297,Female,0,No,No,14,Yes,DSL,No,Yes,No,No,Yes,Two year,No,Bank transfer,46.47,676.51,No
CUST00298,Male,1,Yes,Yes,67,Yes,DSL,Yes,Yes,Yes,No,Yes,Two year,No,Electronic check,,5802.18,No
CUST00299,Male,0,Yes,No,6,Yes,No,No internet service,No internet service,No internet service,No internet service,No internet service,Month-to-month,Yes,Electronic check,62.43,304.02,Yes
CUST00300,Male,0,No,No,52,Yes,No,No internet service,No internet service,No internet service,No internet service,No internet service,Month-to-month,No,Mailed check,67.68,3627.24,Yes
CUST00301,Male,0,Yes,No,21,No,Fiber optic,No,No,Yes,Yes,No,One year,Yes,Electronic check,75.24,1657.35,Yes
CUST00302,Female,0,Yes,No,23,Yes,DSL,Yes,Yes,No,No,Yes,Two year,No,Mailed check,44.16,972.99,No
CUST00303,Male,0,Yes,No,26,Yes,DSL,Yes,Yes,No,Yes,No,Two year,No,Credit card,70.91,2010.86,No
CUST00304,Female,0,No,No,27,Yes,No,No internet service,No internet service,No internet service,No internet service,No internet service,Month-to-month,Yes,Credit card,99.65,2617.62,No
CUST00305,Female,0,No,Yes,51,No,DSL,Yes,Yes,Yes,No,Yes,One year,Yes,Bank transfer,72.13,3675.7,No
CUST00306,Male,0,Yes,No,58,Yes,DSL,No,No,Yes,No,No,One year,No,Mailed check,150.0,8751.32,No
CUST00307,Male,1,Yes,No,26,Yes,Fiber optic,Yes,Yes,No,No,No,Month-to-month,Yes,Credit card,76.29,1975.89,Yes
CUST00308,Female,0,No,No,12,Yes,No,No internet service,No internet service,No internet service,No internet service,No internet service,One year,Yes,Electronic check,44.09,777.76,Yes
CUST00309,Male,0,Yes,No,0,Yes,DSL,No,Yes,No,No,Yes,Two year,Yes,Mailed check,60.96,0.0,No
CUST00310,Male,0,No,No,52,Yes,Fiber optic,No,Yes,Yes,Yes,Yes,Month-to-month,Yes,Mailed check,25.64,1462.71,Yes
CUST00311,Female,0,No,No,66,Yes,DSL,Yes,No,No,Yes,No,Month-to-month,No,Electronic check,100.94,6481.05,Yes
CUST00312,Female,0,Yes,No,2,Yes,Fiber optic,Yes,No,Yes,No,No,Month-to-month,Yes,Electronic check,114.14,0.0,Yes
CUST00313,Male,0,No,Yes,43,Yes,DSL,No,Yes,Yes,Yes,No,Month-to-month,No,Mailed check,95.07,4092.24,No
CUST00314,Male,0,Yes,No,15,Yes,No,No internet service,No internet service,No internet service,No internet service,No internet service,One year,No,Electronic check,53.0,853.96,No
CUST00315,Male,0,No,No,15,Yes,Fiber optic,No,Yes,Yes,No,No,Two year,No,Credit card,52.19,902.06,No
CUST00316,Female,0,Yes,No,60,Yes,No,No internet service,No internet service,No internet service,No internet service,No internet service,One year,Yes,Electronic check,92.42,5673.87,Yes
CUST00317,Female,0,No,No,18,Yes,Fiber optic,Yes,No,No,Yes,No,Two year,Yes,Electronic check,60.98,1113.64,No
CUST00318,Female,0,No,No,22,Yes,No,No internet service,No internet service,No internet service,No internet service,No internet service,One year,No,Credit card,52.48,1194.43,No
CUST00319,Female,0,No,No,9,Yes,Fiber optic,Yes,No,No,Yes,No,Month-to-month,Yes,Mailed check,49.69,466.65,Yes
CUST00320,Female,0,No,No,65,Yes,Fiber optic,Yes,No,No,No,No,Month-to-month,Yes,Mailed check,120.73,7969.53,No
CUST00321,Male,0,Yes,No,66,Yes,DSL,No,Yes,No,Yes,No,Month-to-month,No,Mailed check,,4019.57,No
CUST00322,Male,0,No,No,66,Yes,No,No internet service,No internet service,No internet service,No internet service,No internet service,Month-to-month,No,Electronic check,94.79,6202.96,Yes
CUST00323,Female,1,No,No,16,Yes,Fiber optic,No,No,No,Yes,Yes,Month-to-month,Yes,Bank transfer,87.74,1472.33,No
CUST00324,Female,0,Yes,No,13,Yes,Fiber optic,Yes,No,No,Yes,No,One year,Yes,Bank transfer,52.78,770.36,Yes
CUST00325,Female,0,Yes,Yes,68,Yes,Fiber optic,Yes,No,No,Yes,Yes,Month-to-month,Yes,Mailed check,75.01,5208.34,No
CUST00326,Male,0,Yes,No,44,Yes,Fiber optic,No,No,No,Yes,No,Month-to-month,Yes,Electronic check,48.97,2149.04,No
CUST00327,Male,0,Yes,Yes,19,Yes,Fiber optic,No,No,Yes,No,Yes,Month-to-month,No,Electronic check,110.2,2053.95,No
CUST00328,Male,0,No,No,3,Yes,Fiber optic,Yes,No,No,No,No,Two year,No,Bank transfer,51.23,209.99,No
CUST00329,Male,0,Yes,Yes,58,Yes,Fiber optic,Yes,No,Yes,Yes,Yes,Month-to-month,No,Electronic check,83.13,4733.8,No
CUST00330,Female,0,No,No,58,Yes,Fiber optic,Yes,No,Yes,No,No,Two year,No,Credit card,61.65,3709.0,No
CUST00331,Female,0,No,No,0,Yes,Fiber optic,No,No,No,Yes,Yes,Month-to-month,Yes,Bank transfer,50.88,0.0,Yes
CUST00332,Male,0,Yes,No,34,Yes,Fiber optic,No,Yes,Yes,No,Yes,Month-to-month,No,Electronic check,100.93,3409.48,Yes
CUST00333,Male,0,No,No,35,Yes,No,No internet service,No internet service,No internet service,No internet service,No internet service,Month-to-month,Yes,Credit card,60.97,2194.05,Yes
CUST00334,Female,0,Yes,Yes,33,Yes,Fiber optic,No,No,No,Yes,No,Month-to-month,No,Mailed check,28.26,874.48,No
CUST00335,Male,0,Yes,Yes,26,Yes,DSL,Yes,No,Yes,Yes,No,Month-to-month,Yes,Mailed check,84.61,2107.92,No
CUST00336,Female,0,Yes,Yes,23,Yes,Fiber optic,Yes,Yes,Yes,No,Yes,Month-to-month,Yes,Bank transfer,56.31,1387.35,Yes
CUST00337,Female,0,Yes,No,24,No,No,No internet service,No internet service,No internet service,No internet service,No internet service,One year,Yes,Electronic check,77.94,1787.11,No
CUST00338,Male,0,Yes,No,67,Yes,No,No internet service,No internet service,No internet service,No internet service,No internet service,Month-to-month,Yes,Bank transfer,95.4,6412.59,No
CUST00339,Male,0,Yes,No,72,Yes,DSL,No,No,Yes,No,Yes,Month-to-month,Yes,Mailed check,82.92,5971.96,Yes
CUST00340,Female,0,Yes,No,8,Yes,No,No internet service,No internet service,No internet service,No internet service,No internet service,Month-to-month,No,Credit card,96.22,617.81,Yes
CUST00341,Female,0,Yes,Yes,52,Yes,DSL,No,Yes,No,No,No,Two year,No,Mailed check,41.55,2076.86,No
CUST00342,Male,0,No,No,41,Yes,No,No internet service,No internet service,No internet service,No internet service,No internet service,Month-to-month,Yes,Bank transfer,103.96,4290.73,No
CUST00343,Female,1,Yes,No,18,Yes,No,No internet service,No internet service,No internet service,No internet service,No internet service,One year,No,Mailed check,66.56,1296.72,No
CUST00344,Female,0,No,No,13,Yes,Fiber optic,No,No,No,Yes,No,One year,Yes,Electronic check,38.33,437.32,Yes
CUST00345,Female,0,No,Yes,54,No,No,No internet service,No internet service,No internet service,No internet service,No internet service,Month-to-month,No,Mailed check,18.0,901.12,No
CUST00346,Male,0,No,No,26,Yes,Fiber optic,No,No,Yes,No,No,Month-to-month,Yes,Credit card,66.29,,Yes
CUST00347,Female,0,No,No,9,No,Fiber optic,Yes,No,Yes,Yes,No,One year,No,Bank transfer,54.34,553.21,No
CUST00348,Female,0,No,Yes,70,Yes,No,No internet service,No internet service,No internet service,No internet service,No internet service,Two year,No,Electronic check,54.73,3905.82,No
CUST00349,Male,0,No,No,67,No,DSL,No,No,Yes,No,Yes,Two year,Yes,Electronic check,82.36,5535.78,No
CUST00350,Male,0,No,No,30,Yes,DSL,No,Yes,No,No,Yes,Month-to-month,No,Electronic check,117.01,3467.86,Yes
CUST00351,Female,0,No,No,31,Yes,DSL,Yes,Yes,No,Yes,No,Month-to-month,No,Credit card,51.46,1657.96,No
CUST00352,Male,0,Yes,No,30,Yes,Fiber optic,Yes,Yes,Yes,Yes,Yes,Month-to-month,No,Credit card,76.3,2282.29,No
CUST00353,Male,1,No,No,13,Yes,Fiber optic,No,Yes,No,Yes,No,Month-to-month,No,Bank transfer,59.81,831.21,Yes
CUST00354,Male,0,No,No,7,Yes,No,No internet service,No internet service,No internet service,No internet service,No internet service,Two year,Yes,Bank transfer,49.33,303.81,No
CUST00355,Female,0,Yes,No,19,Yes,No,No internet service,No internet service,No internet service,No internet service,No internet service,Month-to-month,Yes,Bank transfer,48.6,906.61,No
CUST00356,Female,1,No,No,28,Yes,No,No internet service,No internet service,No internet service,No internet service,No internet service,Month-to-month,No,Mailed check,115.06,3264.51,Yes
CUST00357,Male,0,No,No,11,Yes,Fiber optic,No,Yes,No,No,Yes,Month-to-month,Yes,Credit card,74.33,653.06,Yes
CUST00358,Female,0,No,No,2,Yes,No,No internet service,No internet service,No internet service,No internet service,No internet service,Two year,No,Mailed check,69.25,245.6,No
CUST00359,Male,0,Yes,No,67,Yes,DSL,No,Yes,Yes,Yes,No,Month-to-month,No,Bank transfer,56.87,3806.26,No
CUST00360,Female,1,Yes,No,64,Yes,Fiber optic,Yes,No,No,Yes,No,Month-to-month,No,Electronic check,75.68,4618.06,No
CUST00361,Female,0,Yes,No,22,Yes,DSL,No,Yes,No,Yes,No,Month-to-month,Yes,Bank transfer,58.05,1290.62,Yes
CUST00362,Female,0,No,Yes,44,Yes,DSL,Yes,Yes,No,Yes,Yes,Month-to-month,Yes,Bank transfer,122.25,5344.34,Yes
CUST00363,Male,1,No,No,10,Yes,DSL,No,Yes,Yes,Yes,Yes,Month-to-month,No,Electronic check,80.3,719.61,No
CUST00364,Female,0,No,No,67,Yes,DSL,Yes,Yes,Yes,Yes,No,Two year,Yes,Credit card,77.49,5348.45,No
CUST00365,Male,1,Yes,Yes,59,Yes,No,No internet service,No internet service,No internet service,No internet service,No internet service,One year,Yes,Electronic check,76.92,4605.24,No
CUST00366,Female,1,Yes,No,12,No,Fiber optic,Yes,Yes,Yes,Yes,No,One year,No,Bank transfer,106.7,1267.76,No
CUST00367,Male,1,No,No,15,Yes,No,No internet service,No internet service,No internet service,No internet service,No internet service,Month-to-month,Yes,Mailed check,73.45,1106.11,Yes
CUST00368,Male,0,No,No,24,Yes,Fiber optic,No,Yes,Yes,Yes,Yes,Month-to-month,No,Credit card,62.09,1511.53,Yes
CUST00369,Male,0,No,No,6,Yes,Fiber optic,Yes,Yes,Yes,No,No,Two year,Yes,Mailed check,78.03,337.91,No
CUST00370,Female,0,Yes,No,25,Yes,DSL,Yes,Yes,No,No,No,Month-to-month,No,Bank transfer,93.78,2554.81,Yes
CUST00371,Male,0,Yes,No,48,No,No,,No internet service,No internet service,No internet service,No internet service,One year,Yes,Bank transfer,103.57,4974.92,No
CUST00372,Female,0,No,Yes,53,No,DSL,No,Yes,Yes,No,No,One year,Yes,Electronic check,79.38,4351.82,No
CUST00373,Male,1,No,No,0,Yes,Fiber optic,No,No,No,No,No,Month-to-month,No,Electronic check,79.73,0.0,Yes
CUST00374,Male,0,Yes,No,25,Yes,No,No internet service,No internet service,No internet service,No internet service,No internet service,Month-to-month,No,Mailed check,98.82,2517.44,No
CUST00375,Female,0,No,No,60,Yes,No,No internet service,No internet service,No internet service,No internet service,No internet service,Two year,Yes,Mailed check,18.0,985.32,No
CUST00376,Male,0,No,No,63,Yes,No,No internet service,No internet service,No internet service,No internet service,No internet service,Two year,Yes,Electronic check,76.21,4570.69,No
CUST00377,Female,0,No,No,41,Yes,DSL,No,No,No,Yes,Yes,Month-to-month,Yes,Bank transfer,59.39,2507.34,No
CUST00378,Female,0,Yes,No,53,No,Fiber optic,Yes,No,Yes,No,Yes,Month-to-month,No,Electronic check,75.45,4014.45,No
CUST00379,Male,0,Yes,Yes,18,Yes,DSL,Yes,Yes,No,Yes,No,One year,Yes,Credit card,82.89,1449.6,No
CUST00380,Male,0,No,Yes,63,Yes,Fiber optic,No,No,No,Yes,Yes,Two year,Yes,Electronic check,105.13,6353.18,No
CUST00381,Male,0,No,No,34,Yes,DSL,No,No,No,No,Yes,Month-to-month,Yes,Bank transfer,39.39,1301.62,No
CUST00382,Female,0,No,No,50,Yes,Fiber optic,Yes,No,Yes,No,No,Two year,No,Credit card,56.02,2822.89,No
CUST00383,Female,0,No,Yes,19,Yes,No,No internet service,No internet service,No internet service,No internet service,No internet service,Two year,No,Mailed check,51.76,897.26,No
CUST00384,Male,0,Yes,Yes,12,Yes,Fiber optic,Yes,Yes,No,No,No,Month-to-month,Yes,Electronic check,58.83,716.51,Yes
CUST00385,Male,0,Yes,No,38,Yes,No,No internet service,No internet service,No internet service,No internet service,No internet service,Month-to-month,No,Electronic check,39.74,1459.34,Yes
CUST00386,Male,1,Yes,Yes,38,Yes,Fiber optic,Yes,Yes,Yes,Yes,No,Month-to-month,Yes,Mailed check,127.44,4746.58,Yes
CUST00387,Male,0,No,Yes,41,Yes,DSL,Yes,Yes,No,Yes,No,Two year,Yes,Mailed check,95.77,3915.19,No
CUST00388,Female,0,Yes,Yes,58,Yes,Fiber optic,No,Yes,Yes,Yes,No,One year,Yes,Credit card,54.62,2994.37,No
CUST00389,Female,0,No,No,56,Yes,DSL,No,Yes,No,No,Yes,Two year,No,Credit card,74.39,4205.95,No
CUST00390,Male,0,No,No,22,Yes,Fiber optic,Yes,No,No,No,No,One year,No,Bank transfer,63.13,1396.73,No
CUST00391,Female,1,No,No,34,Yes,No,No internet service,No internet service,No internet service,No internet service,No internet service,One year,Yes,Mailed check,77.9,2696.99,Yes
CUST00392,Male,0,No,No,6,Yes,Fiber optic,No,No,No,Yes,Yes,Month-to-month,Yes,Electronic check,54.81,419.15,Yes
CUST00393,Male,0,No,Yes,57,Yes,DSL,No,Yes,Yes,No,No,Month-to-month,No,Electronic check,,2027.22,No
CUST00394,Female,0,No,No,9,Yes,DSL,Yes,Yes,Yes,Yes,No,Two year,No,Mailed check,59.69,322.18,No
CUST00395,Female,0,No,No,5,Yes,Fiber optic,No,Yes,No,Yes,Yes,Month-to-month,No,Credit card,108.53,522.11,Yes
CUST00396,Female,0,Yes,No,37,Yes,DSL,Yes,Yes,Yes,No,No,Two year,Yes,Credit card,36.88,1272.96,No
CUST00397,Male,0,Yes,No,67,Yes,Fiber optic,No,Yes,Yes,Yes,Yes,Month-to-month,No,Credit card,101.43,6910.43,No
CUST00398,Male,0,No,No,27,Yes,Fiber optic,Yes,Yes,Yes,Yes,Yes,One year,Yes,Mailed check,88.0,2346.33,No
CUST00399,Male,0,No,No,13,Yes,No,No internet service,No internet service,No internet service,No internet service,No internet service,One year,Yes,Bank transfer,64.01,899.44,No
CUST00400,Male,1,No,No,13,Yes,No,No internet service,No internet service,No internet service,No internet service,No internet service,Month-to-month,Yes,Electronic check,92.75,1322.63,Yes
CUST00401,Female,0,Yes,Yes,61,Yes,DSL,Yes,No,No,No,No,Month-to-month,Yes,Bank transfer,79.22,4772.6,Yes
CUST00402,Female,1,No,Yes,48,Yes,No,No internet service,No internet service,No internet service,No internet service,No internet service,Two year,Yes,Bank transfer,20.56,992.92,Yes
CUST00403,Male,0,No,No,36,Yes,DSL,No,No,Yes,Yes,No,Month-to-month,No,Electronic check,63.89,2303.18,Yes
CUST00404,Female,0,No,No,67,Yes,DSL,Yes,No,Yes,Yes,No,Month-to-month,No,Mailed check,64.62,4506.04,No
CUST00405,Male,0,Yes,No,7,Yes,Fiber optic,No,No,Yes,No,No,One year,No,Credit card,110.12,872.13,No
CUST00406,Female,0,No,Yes,44,Yes,DSL,No,Yes,No,Yes,No,Two year,Yes,Bank transfer,63.98,2729.98,No
CUST00407,Male,0,No,Yes,26,Yes,No,No internet service,No internet service,No internet service,No internet service,No internet service,Two year,No,Mailed check,68.73,1738.13,No
CUST00408,Male,1,No,No,17,Yes,No,No internet service,No internet service,No internet service,No internet service,No internet service,Month-to-month,No,Electronic check,44.97,727.38,No
CUST00409,Female,0,Yes,No,67,No,No,No internet service,No internet service,No internet service,No internet service,No internet service,Month-to-month,Yes,Credit card,72.42,4787.16,No
CUST00410,Male,0,No,No,69,Yes,DSL,No,Yes,Yes,Yes,Yes,Month-to-month,Yes,Credit card,44.28,3030.0,No
CUST00411,Male,0,Yes,No,60,Yes,Fiber optic,No,Yes,Yes,Yes,No,Two year,No,Credit card,101.15,6026.6,No
CUST00412,Male,0,Yes,No,10,Yes,Fiber optic,,No,Yes,No,Yes,Two year,Yes,Credit card,63.49,637.81,No
CUST00413,Male,0,Yes,No,52,Yes,DSL,No,Yes,Yes,Yes,No,One year,No,Credit card,44.22,2290.22,No
CUST00414,Male,0,No,No,26,Yes,No,No internet service,No internet service,No internet service,No internet service,No internet service,Month-to-month,No,Mailed check,104.64,2812.94,No
CUST00415,Male,0,No,Yes,27,Yes,No,No internet service,No internet service,No internet service,No internet service,No internet service,Two year,Yes,Credit card,41.35,1055.51,No
CUST00416,Female,0,Yes,No,14,Yes,No,No internet service,No internet service,No internet service,No internet service,No internet service,Month-to-month,Yes,Mailed check,80.38,991.79,No
CUST00417,Female,0,Yes,No,42,Yes,No,No internet service,No internet service,No internet service,No internet service,No internet service,Month-to-month,No,Mailed check,36.82,1506.98,No
CUST00418,Male,0,Yes,No,62,Yes,DSL,Yes,No,Yes,Yes,Yes,Month-to-month,Yes,Electronic check,81.33,4993.4,No
CUST00419,Male,0,Yes,No,16,Yes,No,No internet service,No internet service,No internet service,No internet service,No internet service,One year,No,Electronic check,100.69,1728.9,Yes
CUST00420,Female,0,No,Yes,39,Yes,No,No internet service,No internet service,No internet service,No internet service,No internet service,Month-to-month,Yes,Bank transfer,57.79,2321.44,No
CUST00421,Female,0,Yes,No,47,Yes,Fiber optic,Yes,Yes,No,No,No,Month-to-month,No,Electronic check,44.51,2195.8,No
CUST00422,Female,0,Yes,No,46,Yes,DSL,Yes,No,Yes,No,Yes,Two year,Yes,Electronic check,45.28,2159.89,No
CUST00423,Female,0,No,Yes,19,Yes,Fiber optic,Yes,No,Yes,Yes,No,One year,Yes,Electronic check,72.62,1222.0,No
CUST00424,Female,1,Yes,No,2,Yes,DSL,No,No,Yes,No,Yes,Month-to-month,No,Bank transfer,122.2,176.2,No
CUST00425,Male,0,No,Yes,60,Yes,DSL,No,Yes,No,No,Yes,Month-to-month,No,Mailed check,,5922.11,No
CUST00426,Male,0,No,No,43,Yes,No,No internet service,No internet service,No internet service,No internet service,No internet service,One year,No,Credit card,103.26,4565.55,No
CUST00427,Female,1,No,No,51,Yes,No,No internet service,No internet service,No internet service,No internet service,No internet service,Month-to-month,No,Bank transfer,47.25,2476.95,No
CUST00428,Female,0,No,Yes,38,Yes,No,No internet service,No internet service,No internet service,No internet service,No internet service,Month-to-month,No,Electronic check,101.42,3885.82,No
CUST00429,Male,0,Yes,No,28,Yes,DSL,No,Yes,No,Yes,No,Two year,No,Mailed check,98.68,2717.54,No
CUST00430,Female,1,No,No,18,Yes,Fiber optic,No,Yes,Yes,No,Yes,One year,No,Electronic check,81.63,1432.88,No
CUST00431,Male,1,No,No,48,Yes,Fiber optic,No,No,Yes,Yes,No,Month-to-month,Yes,Mailed check,58.21,2725.27,No
CUST00432,Female,0,Yes,No,60,Yes,Fiber optic,Yes,No,Yes,No,Yes,One year,No,Electronic check,98.3,5949.99,No
CUST00433,Female,0,No,Yes,23,Yes,Fiber optic,No,No,Yes,Yes,Yes,One year,No,Mailed check,57.05,1320.44,No
CUST00434,Male,0,No,No,1,Yes,No,No internet service,No internet service,No internet service,No internet service,No internet service,Month-to-month,No,Mailed check,90.43,145.93,Yes
CUST00435,Male,1,No,No,11,Yes,No,No internet service,No internet service,No internet service,No internet service,No internet service,One year,No,Electronic check,64.48,742.77,Yes
CUST00436,Male,1,No,Yes,42,Yes,No,No internet service,No internet service,No internet service,No internet service,No internet service,One year,No,Credit card,49.36,2139.16,No
CUST00437,Female,0,Yes,No,17,Yes,DSL,Yes,Yes,Yes,Yes,Yes,Month-to-month,Yes,Mailed check,63.87,1127.11,No
CUST00438,Female,0,No,Yes,59,Yes,Fiber optic,No,No,Yes,No,Yes,Month-to-month,Yes,Electronic check,123.2,7356.97,No
CUST00439,Male,0,No,Yes,19,Yes,Fiber optic,Yes,No,Yes,Yes,No,Month-to-month,No,Bank transfer,44.85,911.33,No
CUST00440,Male,0,No,No,36,Yes,Fiber optic,No,No,No,Yes,Yes,Two year,Yes,Bank transfer,98.79,3515.3,No
CUST00441,Female,0,Yes,No,16,Yes,No,No internet service,No internet service,No internet service,No internet service,No internet service,Two year,Yes,Mailed check,95.01,1559.3,No
CUST00442,Male,0,No,No,33,Yes,DSL,Yes,Yes,Yes,Yes,No,Two year,No,Mailed check,69.39,2314.61,No
CUST00443,Male,0,No,No,49,No,DSL,No,Yes,Yes,Yes,No,Month-to-month,Yes,Electronic check,60.2,2934.56,No
CUST00444,Male,0,Yes,Yes,58,Yes,No,No internet service,No internet service,No internet service,No internet service,No internet service,One year,No,Mailed check,42.79,2480.44,Yes
CUST00445,Female,0,No,No,53,Yes,Fiber optic,Yes,Yes,Yes,No,Yes,One year,Yes,Electronic check,106.22,5710.21,No
CUST00446,Female,0,No,Yes,37,Yes,Fiber optic,No,Yes,Yes,No,Yes,Month-to-month,No,Electronic check,44.26,1680.89,No
CUST00447,Male,0,No,Yes,33,Yes,No,No internet service,No internet service,No internet service,No internet service,No internet service,Two year,Yes,Mailed check,18.0,668.45,No
CUST00448,Female,0,No,Yes,23,Yes,Fiber optic,Yes,Yes,No,No,No,Month-to-month,Yes,Credit card,81.7,1882.32,No
CUST00449,Female,1,Yes,Yes,72,No,Fiber optic,No,No,Yes,Yes,No,Month-to-month,No,Electronic check,40.23,2988.55,No
CUST00450,Male,0,No,No,53,Yes,DSL,Yes,No,Yes,No,Yes,Two year,Yes,Credit card,71.26,3838.66,No
CUST00451,Female,0,No,No,65,Yes,Fiber optic,No,No,No,Yes,No,One year,No,Credit card,40.4,2561.5,No
CUST00452,Female,0,No,No,53,Yes,Fiber optic,Yes,Yes,No,Yes,No,Month-to-month,No,Electronic check,59.47,3123.27,No
CUST00453,Male,0,Yes,No,6,Yes,Fiber optic,No,No,No,Yes,No,Month-to-month,Yes,Mailed check,75.74,386.46,Yes
CUST00454,Male,0,Yes,Yes,19,Yes,Fiber optic,Yes,Yes,Yes,Yes,No,One year,No,Bank transfer,80.79,1448.65,No
CUST00455,Female,0,No,No,33,Yes,DSL,No,No,No,No,Yes,Month-to-month,Yes,Electronic check,107.47,3760.88,Yes
CUST00456,Female,0,Yes,No,22,No,Fiber optic,Yes,Yes,No,No,No,One year,Yes,Mailed check,74.03,1762.11,No
CUST00457,Male,0,No,No,66,Yes,Fiber optic,No,Yes,No,Yes,Yes,Two year,No,Bank transfer,76.68,5153.33,No
CUST00458,Female,0,No,No,35,Yes,Fiber optic,No,No,No,No,No,Month-to-month,Yes,Electronic check,,2415.92,Yes
CUST00459,Female,0,No,Yes,16,Yes,DSL,Yes,No,Yes,Yes,Yes,One year,Yes,Bank transfer,97.1,1510.24,Yes
CUST00460,Male,0,Yes,No,43,Yes,No,No internet service,No internet service,No internet service,No internet service,No internet service,Month-to-month,No,Mailed check,45.72,1877.3,No
CUST00461,Female,0,No,No,27,Yes,DSL,No,Yes,No,Yes,No,One year,Yes,Credit card,63.06,1685.84,No
CUST00462,Male,0,Yes,Yes,9,Yes,Fiber optic,Yes,Yes,No,Yes,Yes,Month-to-month,Yes,Electronic check,73.97,608.11,Yes
CUST00463,Female,0,No,No,69,Yes,Fiber optic,No,Yes,No,No,Yes,Month-to-month,Yes,Bank transfer,51.35,3600.26,Yes
CUST00464,Male,0,No,No,69,Yes,Fiber optic,Yes,Yes,Yes,No,Yes,Month-to-month,Yes,Credit card,108.89,7525.57,No
CUST00465,Male,0,No,No,56,No,Fiber optic,No,No,No,No,Yes,Month-to-month,Yes,Mailed check,81.96,4658.26,Yes
CUST00466,Female,0,Yes,No,22,Yes,DSL,Yes,Yes,No,Yes,No,One year,Yes,Mailed check,43.36,973.31,No
CUST00467,Male,1,Yes,No,60,Yes,DSL,No,Yes,No,No,No,Month-to-month,No,Mailed check,84.21,4917.35,Yes
CUST00468,Female,1,No,No,21,Yes,DSL,Yes,Yes,Yes,Yes,Yes,Month-to-month,No,Credit card,106.75,2227.96,Yes
CUST00469,Male,1,No,No,64,Yes,DSL,No,No,Yes,No,No,Two year,Yes,Mailed check,56.01,3615.64,No
CUST00470,Female,0,No,No,64,Yes,Fiber optic,Yes,Yes,Yes,No,Yes,Month-to-month,No,Credit card,108.04,6936.55,No
CUST00471,Female,0,No,Yes,12,Yes,Fiber optic,No,No,No,No,Yes,Month-to-month,Yes,Electronic check,80.42,920.67,Yes
CUST00472,Female,0,No,No,22,No,DSL,Yes,Yes,No,No,Yes,Month-to-month,Yes,Mailed check,79.04,1699.68,No
CUST00473,Male,0,Yes,No,51,Yes,Fiber optic,No,Yes,Yes,Yes,No,Two year,Yes,Bank transfer,103.96,5248.76,No
CUST00474,Male,0,No,No,17,Yes,DSL,No,No,Yes,Yes,Yes,Month-to-month,No,Bank transfer,79.09,1210.93,Yes
CUST00475,Female,0,No,No,58,Yes,No,No internet service,No internet service,No internet service,No internet service,No internet service,Month-to-month,Yes,Mailed check,83.76,4855.75,Yes
CUST00476,Female,0,No,No,49,Yes,Fiber optic,No,Yes,Yes,No,No,Two year,No,Credit card,76.31,3801.52,No
CUST00477,Female,0,Yes,No,16,Yes,Fiber optic,Yes,Yes,Yes,Yes,No,Month-to-month,No,Mailed check,30.16,444.5,No
CUST00478,Male,0,No,Yes,56,Yes,DSL,Yes,No,No,No,Yes,Two year,No,Electronic check,84.29,4620.88,No
CUST00479,Female,0,Yes,Yes,3,Yes,Fiber optic,Yes,No,Yes,No,No,Month-to-month,No,Mailed check,80.3,320.45,Yes
CUST00480,Male,0,No,No,28,Yes,Fiber optic,Yes,No,No,No,No,Month-to-month,Yes,Electronic check,64.5,1915.02,No
CUST00481,Male,1,No,No,13,Yes,No,No internet service,No internet service,No internet service,No internet service,No internet service,One year,No,Mailed check,18.0,198.76,No
CUST00482,Female,0,No,No,0,Yes,DSL,No,No,No,No,Yes,Month-to-month,Yes,Mailed check,89.55,0.0,No
CUST00483,Male,0,Yes,No,54,Yes,Fiber optic,Yes,No,Yes,Yes,No,Month-to-month,Yes,Electronic check,52.49,2822.87,No
CUST00484,Female,0,Yes,No,11,Yes,No,No internet service,No internet service,No internet service,No internet service,No internet service,Month-to-month,Yes,Mailed check,45.83,526.6,No
CUST00485,Male,0,Yes,No,50,Yes,Fiber optic,Yes,No,Yes,Yes,Yes,Month-to-month,Yes,Electronic check,43.45,2136.54,Yes
CUST00486,Male,0,Yes,No,5,Yes,Fiber optic,No,No,Yes,No,No,Two year,No,Credit card,25.02,0.0,No
CUST00487,Male,0,Yes,No,65,No,No,No internet service,No internet service,No internet service,No internet service,No internet service,Two year,Yes,Electronic check,85.54,5636.95,No
CUST00488,Female,0,No,Yes,71,Yes,Fiber optic,No,Yes,No,No,No,Month-to-month,Yes,Mailed check,132.9,9455.28,No
CUST00489,Female,0,Yes,Yes,23,Yes,DSL,No,Yes,Yes,Yes,Yes,Month-to-month,No,Electronic check,59.5,1492.41,No
CUST00490,Female,0,Yes,No,35,Yes,No,No internet service,No internet service,No internet service,No internet service,No internet service,Two year,Yes,Mailed check,94.53,3311.94,No
CUST00491,Female,1,No,No,45,Yes,DSL,No,No,No,No,Yes,One year,Yes,Mailed check,71.66,3342.48,No
CUST00492,Female,0,Yes,No,43,Yes,No,No internet service,No internet service,No internet service,No internet service,No internet service,One year,Yes,Mailed check,80.89,3460.16,No
CUST00493,Female,0,Yes,No,1,Yes,DSL,No,Yes,Yes,Yes,No,Two year,Yes,Mailed check,72.33,23.99,Yes
CUST00494,Female,0,No,No,71,Yes,DSL,No,No,No,Yes,No,Month-to-month,No,Mailed check,93.56,6602.74,No
CUST00495,Male,0,Yes,Yes,68,Yes,Fiber optic,No,Yes,Yes,No,No,Month-to-month,No,Mailed check,43.8,3124.34,No
CUST00496,Male,0,Yes,No,35,Yes,No,No internet service,No internet service,No internet service,No internet service,No internet service,Two year,No,Credit card,76.49,2662.14,No
CUST00497,Male,0,No,Yes,40,Yes,DSL,No,No,No,No,Yes,Month-to-month,Yes,Bank transfer,102.37,4221.33,Yes
CUST00498,Male,0,Yes,No,12,Yes,DSL,Yes,No,Yes,No,Yes,One year,No,Bank transfer,91.53,1061.45,No
CUST00499,Female,0,Yes,Yes,54,Yes,DSL,Yes,Yes,No,Yes,Yes,Two year,No,Mailed check,82.16,4325.87,Yes
CUST00500,Male,0,Yes,No,37,Yes,DSL,No,No,Yes,No,Yes,Month-to-month,No,Credit card,76.44,2884.2,No
CUST00501,Male,0,Yes,No,20,Yes,DSL,No,Yes,No,No,Yes,Two year,Yes,Bank transfer,64.98,1248.29,No
CUST00502,Female,1,No,No,22,Yes,No,No internet service,No internet service,No internet service,No internet service,No internet service,Month-to-month,No,Electronic check,65.18,1458.25,No
CUST00503,Female,0,Yes,No,5,Yes,Fiber optic,No,Yes,No,Yes,No,Two year,Yes,Mailed check,35.17,191.93,No
CUST00504,Female,1,Yes,No,57,No,DSL,Yes,No,No,No,Yes,Month-to-month,Yes,Credit card,86.58,4949.96,No
CUST00505,Male,0,Yes,No,4,No,DSL,No,No,No,Yes,Yes,Month-to-month,No,Credit card,108.12,564.37,No
CUST00506,Male,0,No,No,41,Yes,DSL,Yes,No,Yes,No,No,One year,No,Credit card,81.35,3355.53,No
CUST00507,Female,0,Yes,Yes,59,Yes,Fiber optic,No,No,No,No,No,Two year,No,Credit card,74.42,4400.35,No
CUST00508,Male,1,No,Yes,3,Yes,DSL,Yes,No,Yes,No,Yes,Two year,Yes,Credit card,88.98,238.56,No
CUST00509,Male,0,Yes,Yes,11,Yes,No,No internet service,No internet service,No internet service,No internet service,No internet service,One year,Yes,Mailed check,21.04,274.47,No
CUST00510,Male,0,No,Yes,55,Yes,DSL,Yes,Yes,No,No,No,Two year,No,Credit card,61.32,3408.28,No
CUST00511,Female,0,Yes,No,60,Yes,Fiber optic,No,Yes,No,Yes,No,One year,Yes,Credit card,72.15,4296.88,No
CUST00512,Female,0,Yes,No,5,Yes,Fiber optic,No,Yes,Yes,No,No,Two year,Yes,Bank transfer,31.33,232.02,No
CUST00513,Female,0,No,No,19,Yes,DSL,Yes,Yes,No,No,Yes,Month-to-month,Yes,Bank transfer,78.01,1465.82,No
CUST00514,Female,0,Yes,No,44,Yes,No,No internet service,No internet service,No internet service,No internet service,No internet service,Month-to-month,No,Bank transfer,27.73,1266.53,No
CUST00515,Female,0,No,No,39,Yes,Fiber optic,No,No,No,No,Yes,Month-to-month,Yes,Electronic check,91.28,3453.83,No
CUST00516,Male,1,No,Yes,37,Yes,DSL,Yes,No,Yes,No,Yes,Two year,Yes,Electronic check,79.65,3020.14,Yes
CUST00517,Female,0,No,No,19,Yes,No,No internet service,No internet service,No internet service,No internet service,No internet service,Month-to-month,No,Electronic check,69.23,1257.93,No
CUST00518,Male,0,Yes,No,39,Yes,Fiber optic,Yes,No,No,Yes,No,Month-to-month,No,Mailed check,93.04,3682.59,No
CUST00519,Male,0,No,No,3,Yes,DSL,Yes,No,Yes,No,No,Month-to-month,No,Electronic check,77.68,335.51,Yes
CUST00520,Female,0,Yes,Yes,63,Yes,Fiber optic,No,No,No,No,Yes,Month-to-month,Yes,Credit card,85.88,5443.24,Yes
CUST00521,Male,0,No,No,39,Yes,Fiber optic,No,No,Yes,Yes,No,One year,Yes,Electronic check,81.09,3254.72,No
CUST00522,Male,1,No,No,27,Yes,DSL,No,Yes,Yes,No,Yes,Month-to-month,Yes,Mailed check,52.5,1331.23,No
CUST00523,Male,0,No,No,26,No,Fiber optic,No,Yes,Yes,Yes,Yes,Two year,Yes,Electronic check,113.21,2936.84,No
CUST00524,Female,0,No,Yes,27,Yes,No,No internet service,No internet service,No internet service,No internet service,No internet service,Two year,Yes,Bank transfer,,2786.96,No
CUST00525,Male,0,No,Yes,31,Yes,Fiber optic,Yes,No,No,No,Yes,One year,No,Credit card,84.72,2573.46,No
CUST00526,Male,0,No,No,14,Yes,Fiber optic,No,No,No,No,No,Month-to-month,No,Bank transfer,77.76,962.39,Yes
CUST00527,Female,0,Yes,No,43,Yes,Fiber optic,No,No,Yes,Yes,Yes,Two year,Yes,Bank transfer,92.76,3995.12,No
CUST00528,Male,0,No,Yes,13,Yes,Fiber optic,Yes,Yes,No,No,No,Month-to-month,Yes,Bank transfer,105.5,1446.76,Yes
CUST00529,Female,1,Yes,No,22,Yes,Fiber optic,No,No,Yes,No,Yes,Month-to-month,Yes,Mailed check,121.6,2776.5,Yes
CUST00530,Female,0,Yes,No,63,Yes,DSL,Yes,No,No,Yes,Yes,Month-to-month,Yes,Mailed check,60.46,3724.45,No
CUST00531,Female,0,No,No,41,Yes,DSL,Yes,Yes,No,Yes,No,Month-to-month,Yes,Mailed check,100.15,4067.77,No
CUST00532,Male,0,Yes,No,65,Yes,Fiber optic,Yes,Yes,Yes,No,Yes,One year,Yes,Credit card,71.82,4609.04,No
CUST00533,Male,0,No,No,48,Yes,Fiber optic,Yes,Yes,Yes,No,Yes,Month-to-month,Yes,Mailed check,33.77,,Yes
CUST00534,Male,1,Yes,No,57,Yes,Fiber optic,No,No,Yes,Yes,No,Two year,Yes,Electronic check,94.95,5388.42,No
CUST00535,Female,0,Yes,No,6,Yes,Fiber optic,No,No,No,No,Yes,One year,No,Bank transfer,110.68,665.66,No
CUST00536,Male,1,No,Yes,36,Yes,Fiber optic,No,No,No,Yes,Yes,Month-to-month,Yes,Credit card,98.33,3516.67,Yes
CUST00537,Male,0,Yes,No,25,Yes,Fiber optic,No,Yes,No,No,Yes,Month-to-month,Yes,Mailed check,69.77,1632.84,No
CUST00538,Male,0,No,Yes,1,Yes,No,No internet service,No internet service,No internet service,No internet service,No internet service,One year,Yes,Electronic check,83.69,161.21,No
CUST00539,Female,1,No,No,6,Yes,No,No internet service,No internet service,No internet service,No internet service,No internet service,Month-to-month,Yes,Mailed check,91.47,563.06,No
CUST00540,Male,0,No,No,13,Yes,No,No internet service,No internet service,No internet service,No internet service,No internet service,Month-to-month,Yes,Credit card,88.32,1179.65,No
CUST00541,Female,0,Yes,No,0,Yes,No,No internet service,No internet service,No internet service,No internet service,No internet service,One year,Yes,Credit card,104.75,36.1,No
CUST00542,Male,0,No,No,31,Yes,No,No internet service,No internet service,No internet service,No internet service,No internet service,Month-to-month,No,Credit card,97.57,3073.99,Yes
CUST00543,Male,0,Yes,No,3,Yes,DSL,No,Yes,Yes,Yes,Yes,Month-to-month,Yes,Bank transfer,59.53,190.87,No
CUST00544,Male,0,Yes,Yes,60,Yes,Fiber optic,Yes,No,Yes,No,No,Month-to-month,No,Credit card,74.66,4412.94,No
CUST00545,Female,0,Yes,Yes,43,Yes,Fiber optic,No,Yes,No,Yes,No,One year,Yes,Electronic check,61.38,2760.56,No
CUST00546,Male,0,Yes,No,70,Yes,Fiber optic,No,No,No,No,Yes,Month-to-month,No,Electronic check,78.03,5513.18,No
CUST00547,Male,1,No,No,6,Yes,No,No internet service,No internet service,No internet service,No internet service,No internet service,Two year,No,Bank transfer,27.28,91.86,Yes
CUST00548,Female,0,Yes,No,5,Yes,DSL,Yes,Yes,Yes,No,No,Month-to-month,Yes,Credit card,122.21,540.38,No
CUST00549,Female,0,Yes,No,63,Yes,DSL,Yes,Yes,Yes,Yes,Yes,Month-to-month,Yes,Electronic check,54.51,3593.32,No
CUST00550,Female,0,No,No,28,Yes,DSL,No,No,Yes,Yes,No,Two year,No,Mailed check,61.17,1699.76,No
CUST00551,Female,0,No,No,55,Yes,DSL,No,No,No,Yes,No,One year,No,Electronic check,76.07,4129.65,No
CUST00552,Male,0,Yes,No,13,No,Fiber optic,Yes,No,No,No,Yes,Two year,Yes,Electronic check,39.56,471.85,Yes
CUST00553,Female,0,Yes,No,0,Yes,DSL,No,Yes,No,No,Yes,Month-to-month,No,Electronic check,65.62,36.08,No
CUST00554,Male,0,Yes,No,36,Yes,DSL,Yes,No,Yes,No,No,Month-to-month,Yes,Electronic check,78.22,2777.87,No
CUST00555,Female,0,No,No,41,Yes,Fiber optic,Yes,Yes,No,No,Yes,One year,Yes,Bank transfer,115.22,4734.69,No
CUST00556,Female,0,No,No,8,Yes,Fiber optic,Yes,No,No,No,No,Two year,No,Bank transfer,77.55,805.15,Yes
CUST00557,Female,0,No,Yes,0,Yes,Fiber optic,Yes,No,No,No,No,Two year,No,Credit card,63.86,0.0,No
CUST00558,Female,0,No,Yes,15,Yes,DSL,Yes,No,No,No,Yes,One year,Yes,Credit card,45.86,655.42,Yes
CUST00559,Female,0,Yes,No,7,Yes,No,No internet service,No internet service,No internet service,No internet service,No internet service,Two year,Yes,Electronic check,127.46,897.13,Yes
CUST00560,Female,0,No,No,72,Yes,DSL,No,Yes,No,No,No,Month-to-month,No,Bank transfer,75.92,5325.12,No
CUST00561,Female,0,Yes,No,72,Yes,Fiber optic,No,Yes,Yes,Yes,Yes,One year,No,Mailed check,76.06,5517.68,No
CUST00562,Male,0,Yes,No,1,Yes,No,No internet service,No internet service,No internet service,No internet service,No internet service,One year,Yes,Mailed check,39.71,111.33,No
CUST00563,Male,0,Yes,No,33,Yes,No,No internet service,No internet service,No internet service,No internet service,No internet service,Month-to-month,Yes,Bank transfer,87.12,2763.89,No
CUST00564,Male,1,Yes,No,28,Yes,Fiber optic,No,No,Yes,No,No,Month-to-month,Yes,Mailed check,59.3,1653.89,Yes
CUST00565,Female,0,No,No,1,Yes,DSL,Yes,No,No,No,Yes,Month-to-month,Yes,Bank transfer,110.79,125.44,Yes
CUST00566,Male,0,Yes,No,48,Yes,No,No internet service,No internet service,No internet service,No internet service,No internet service,Month-to-month,Yes,Electronic check,85.61,4155.26,Yes
CUST00567,Male,0,Yes,No,62,Yes,Fiber optic,No,No,Yes,No,Yes,Month-to-month,No,Mailed check,77.13,4995.58,No
CUST00568,Male,0,Yes,Yes,44,Yes,No,No internet service,No internet service,No internet service,No internet service,No internet service,Month-to-month,No,Electronic check,40.93,1741.62,No
CUST00569,Female,0,No,Yes,66,Yes,Fiber optic,Yes,Yes,Yes,No,No,One year,No,Electronic check,71.55,4765.29,No
CUST00570,Female,0,No,No,46,Yes,No,No internet service,No internet service,No internet service,No internet service,No internet service,Month-to-month,Yes,Credit card,68.65,3147.7,Yes
CUST00571,Female,0,No,No,40,Yes,No,No internet service,No internet service,No internet service,No internet service,No internet service,Month-to-month,Yes,Credit card,77.07,3058.95,No
CUST00572,Male,0,No,No,69,Yes,Fiber optic,No,No,No,Yes,No,One year,No,Electronic check,24.75,1709.05,No
CUST00573,Male,0,No,No,51,Yes,No,No internet service,No internet service,No internet service,No internet service,No internet service,Month-to-month,No,Bank transfer,51.26,2647.12,No
CUST00574,Male,0,Yes,No,55,Yes,Fiber optic,Yes,No,Yes,Yes,Yes,Month-to-month,Yes,Bank transfer,61.6,3388.77,Yes
CUST00575,Male,0,Yes,No,56,No,DSL,,Yes,No,Yes,Yes,Two year,Yes,Mailed check,86.51,4866.59,No
CUST00576,Male,0,Yes,No,2,Yes,Fiber optic,Yes,No,Yes,No,Yes,Two year,No,Mailed check,25.74,45.05,No
CUST00577,Female,0,Yes,No,53,Yes,Fiber optic,Yes,No,Yes,No,No,One year,Yes,Mailed check,108.54,5677.66,Yes
CUST00578,Female,1,No,Yes,54,Yes,Fiber optic,No,Yes,No,Yes,Yes,One year,No,Electronic check,105.05,5738.74,Yes
CUST00579,Female,0,Yes,No,36,Yes,DSL,No,No,No,No,Yes,Month-to-month,No,Credit card,49.14,1851.18,No
CUST00580,Male,0,Yes,No,41,Yes,Fiber optic,Yes,No,Yes,Yes,No,Month-to-month,Yes,Mailed check,135.73,5643.43,Yes
CUST00581,Male,0,No,No,60,Yes,DSL,Yes,Yes,Yes,Yes,No,Month-to-month,Yes,Bank transfer,79.96,4851.55,Yes
CUST00582,Female,0,Yes,No,10,Yes,Fiber optic,Yes,Yes,Yes,Yes,No,Month-to-month,Yes,Electronic check,71.28,650.73,Yes
CUST00583,Male,1,Yes,No,38,Yes,No,No internet service,No internet service,No internet service,No internet service,No internet service,Two year,No,Electronic check,88.85,3300.02,No
CUST00584,Male,0,Yes,Yes,56,Yes,DSL,Yes,Yes,No,Yes,No,Two year,Yes,Bank transfer,84.45,4802.48,No
CUST00585,Male,0,No,Yes,18,Yes,No,No internet service,No internet service,No internet service,No internet service,No internet service,One year,Yes,Mailed check,76.93,1288.41,No
CUST00586,Female,0,Yes,No,19,Yes,DSL,No,Yes,No,Yes,No,One year,Yes,Bank transfer,46.89,836.08,No
CUST00587,Female,1,Yes,Yes,0,Yes,Fiber optic,No,Yes,Yes,No,No,One year,Yes,Credit card,63.07,171.69,No
CUST00588,Male,0,Yes,No,22,Yes,No,No internet service,No internet service,No internet service,No internet service,No internet service,Month-to-month,No,Credit card,82.93,1865.09,No
CUST00589,Female,0,No,Yes,26,Yes,DSL,No,No,Yes,Yes,No,Two year,Yes,Electronic check,94.85,2478.86,No
CUST00590,Female,0,Yes,Yes,69,Yes,DSL,Yes,Yes,Yes,No,Yes,One year,Yes,Mailed check,109.99,7441.16,No
CUST00591,Female,0,Yes,No,6,Yes,No,No internet service,No internet service,No internet service,No internet service,No internet service,One year,Yes,Electronic check,62.57,321.73,No
CUST00592,Female,0,No,Yes,47,Yes,DSL,No,Yes,Yes,No,No,Month-to-month,No,Electronic check,75.98,3637.94,No
CUST00593,Male,0,No,No,4,Yes,Fiber optic,No,Yes,Yes,Yes,Yes,Month-to-month,Yes,Mailed check,57.49,111.3,Yes
CUST00594,Female,0,Yes,No,58,Yes,Fiber optic,Yes,No,Yes,Yes,No,Month-to-month,Yes,Mailed check,101.35,5910.51,No
CUST00595,Male,0,Yes,No,34,Yes,DSL,Yes,Yes,No,Yes,No,Month-to-month,Yes,Credit card,66.22,2140.91,No
CUST00596,Female,1,Yes,Yes,31,Yes,DSL,No,No,No,No,Yes,One year,Yes,Credit card,59.3,1788.39,No
CUST00597,Female,0,No,Yes,68,Yes,No,No internet service,No internet service,No internet service,No internet service,No internet service,Two year,No,Electronic check,75.55,5011.53,No
CUST00598,Female,0,Yes,No,54,Yes,Fiber optic,Yes,Yes,No,No,No,One year,Yes,Bank transfer,32.17,1744.79,No
CUST00599,Female,1,No,No,7,Yes,Fiber optic,No,No,Yes,No,Yes,Month-to-month,No,Electronic check,87.53,476.66,No
CUST00600,Female,0,No,No,19,No,Fiber optic,Yes,Yes,Yes,No,No,Month-to-month,No,Credit card,,1252.05,No
CUST00601,Female,1,No,Yes,19,No,DSL,No,Yes,Yes,Yes,No,Month-to-month,No,Mailed check,143.19,2771.71,No
CUST00602,Female,0,Yes,Yes,44,Yes,Fiber optic,No,Yes,Yes,No,Yes,Month-to-month,Yes,Electronic check,58.55,2592.19,Yes
CUST00603,Female,1,No,Yes,60,Yes,No,No internet service,No internet service,No internet service,No internet service,No internet service,Month-to-month,Yes,Credit card,67.32,4076.39,Yes
CUST00604,Male,0,No,No,46,Yes,Fiber optic,No,No,Yes,Yes,Yes,Month-to-month,Yes,Bank transfer,99.43,4591.85,No
CUST00605,Female,0,No,Yes,29,Yes,Fiber optic,No,No,No,No,No,Month-to-month,No,Bank transfer,93.55,2705.68,No
CUST00606,Female,0,Yes,Yes,54,Yes,Fiber optic,Yes,No,No,Yes,No,Month-to-month,No,Bank transfer,99.9,5389.12,Yes
CUST00607,Male,0,No,No,55,Yes,No,No internet service,No internet service,No internet service,No internet service,No internet service,Month-to-month,Yes,Bank transfer,67.01,3708.99,No
CUST00608,Female,1,No,No,5,Yes,Fiber optic,Yes,Yes,Yes,No,Yes,Two year,No,Electronic check,45.33,139.31,No
CUST00609,Female,0,No,No,39,Yes,DSL,Yes,No,No,No,No,Two year,No,Bank transfer,140.7,5455.62,No
CUST00610,Female,0,No,Yes,51,Yes,Fiber optic,Yes,No,No,Yes,No,Two year,No,Electronic check,86.91,4595.13,No
CUST00611,Female,0,No,No,44,Yes,DSL,Yes,Yes,Yes,No,Yes,Month-to-month,No,Credit card,79.64,3542.94,No
CUST00612,Male,0,Yes,Yes,17,Yes,No,No internet service,No internet service,No internet service,No internet service,No internet service,Month-to-month,No,Mailed check,94.15,1700.48,No
CUST00613,Female,0,No,No,11,Yes,Fiber optic,Yes,Yes,Yes,No,Yes,One year,Yes,Credit card,41.42,482.85,No
CUST00614,Male,0,No,No,21,Yes,Fiber optic,No,Yes,Yes,No,No,Two year,Yes,Mailed check,62.59,1255.84,No
CUST00615,Female,0,No,Yes,25,Yes,Fiber optic,Yes,Yes,No,Yes,No,One year,No,Electronic check,47.93,1173.88,No
CUST00616,Female,1,Yes,No,67,Yes,No,No internet service,No internet service,No internet service,No internet service,No internet service,Two year,Yes,Mailed check,78.17,5098.01,No
CUST00617,Male,0,Yes,No,45,Yes,Fiber optic,No,No,Yes,Yes,No,Month-to-month,Yes,Bank transfer,39.55,1889.7,No
CUST00618,Male,0,No,No,61,Yes,Fiber optic,Yes,No,Yes,Yes,No,Two year,No,Bank transfer,90.84,5612.88,No
CUST00619,Male,0,No,Yes,1,Yes,No,No internet service,No internet service,No internet service,No internet service,No internet service,Two year,Yes,Electronic check,103.59,36.68,No
CUST00620,Male,0,Yes,No,57,Yes,No,No internet service,No internet service,No internet service,No internet service,No internet service,Month-to-month,Yes,Electronic check,102.67,5913.33,No
CUST00621,Male,0,Yes,Yes,13,Yes,Fiber optic,No,Yes,No,No,No,Month-to-month,Yes,Mailed check,85.01,1159.1,No
CUST00622,Male,0,No,No,41,Yes,Fiber optic,No,Yes,No,No,Yes,One year,Yes,Bank transfer,78.81,3237.39,No
CUST00623,Male,0,No,Yes,28,Yes,DSL,No,Yes,Yes,No,No,Month-to-month,Yes,Mailed check,63.55,1817.49,No
CUST00624,Male,0,Yes,No,63,Yes,No,No internet service,No internet service,No internet service,No internet service,No internet service,Month-to-month,No,Mailed check,85.21,5413.83,No
CUST00625,Female,0,Yes,No,49,Yes,DSL,Yes,No,No,Yes,Yes,One year,No,Credit card,71.25,3522.01,No
CUST00626,Male,0,Yes,No,33,Yes,Fiber optic,No,No,No,Yes,No,One year,Yes,Electronic check,27.26,911.67,No
CUST00627,Male,0,Yes,No,37,Yes,Fiber optic,No,Yes,No,Yes,Yes,Two year,Yes,Electronic check,58.58,2174.32,No
CUST00628,Male,0,No,No,51,No,No,No internet service,No internet service,No internet service,No internet service,No internet service,Month-to-month,Yes,Bank transfer,93.81,4738.93,Yes
CUST00629,Female,0,No,No,52,Yes,DSL,Yes,Yes,Yes,No,Yes,Two year,Yes,Credit card,45.86,2457.39,No
CUST00630,Male,0,No,No,41,Yes,DSL,Yes,Yes,No,No,No,Month-to-month,Yes,Mailed check,45.37,2018.68,Yes
CUST00631,Female,0,No,No,53,Yes,No,No internet service,No internet service,No internet service,No internet service,No internet service,Two year,Yes,Electronic check,69.01,3567.93,No
CUST00632,Male,0,Yes,Yes,57,Yes,Fiber optic,Yes,Yes,No,No,Yes,Month-to-month,Yes,Electronic check,19.78,1130.21,Yes
CUST00633,Male,0,Yes,No,2,Yes,DSL,Yes,Yes,No,Yes,Yes,Month-to-month,Yes,Credit card,92.24,132.2,No
CUST00634,Male,0,Yes,Yes,26,No,DSL,Yes,Yes,No,No,No,Two year,Yes,Bank transfer,90.03,2384.81,No
CUST00635,Male,1,Yes,No,65,Yes,No,No internet service,No internet service,No internet service,No internet service,No internet service,Month-to-month,No,Mailed check,97.68,6383.32,No
CUST00636,Female,0,No,No,23,Yes,Fiber optic,No,No,Yes,No,Yes,Two year,No,Mailed check,79.53,1839.97,No
CUST00637,Male,0,Yes,Yes,60,Yes,Fiber optic,Yes,Yes,Yes,Yes,Yes,Month-to-month,Yes,Electronic check,52.68,3113.49,No
CUST00638,Male,0,No,No,40,Yes,No,No internet service,No internet service,No internet service,No internet service,No internet service,Month-to-month,No,Mailed check,43.25,1692.16,No
CUST00639,Female,0,Yes,No,19,Yes,No,No internet service,No internet service,No internet service,No internet service,No internet service,One year,Yes,Credit card,87.77,1606.78,No
CUST00640,Female,0,Yes,No,25,Yes,Fiber optic,No,Yes,No,No,Yes,Month-to-month,No,Mailed check,91.89,2159.52,No
CUST00641,Female,1,Yes,No,35,Yes,DSL,Yes,No,Yes,No,No,One year,No,Credit card,46.08,,No
CUST00642,Female,0,No,Yes,9,Yes,Fiber optic,Yes,No,No,Yes,No,Month-to-month,No,Bank transfer,42.73,438.06,No
CUST00643,Female,0,No,Yes,22,Yes,Fiber optic,Yes,No,Yes,No,Yes,One year,No,Bank transfer,73.52,1720.66,Yes
CUST00644,Male,0,No,Yes,49,Yes,DSL,No,Yes,Yes,No,Yes,One year,No,Bank transfer,77.42,3765.67,No
CUST00645,Female,0,Yes,No,66,Yes,No,No internet service,No internet service,No internet service,No internet service,No internet service,Month-to-month,Yes,Electronic check,97.37,6465.62,Yes
CUST00646,Male,0,No,Yes,69,Yes,DSL,No,Yes,No,No,Yes,Month-to-month,No,Mailed check,90.56,6180.83,No
CUST00647,Male,0,No,No,27,Yes,Fiber optic,No,Yes,No,No,No,One year,Yes,Credit card,72.0,1898.43,No
CUST00648,Female,0,Yes,No,57,No,Fiber optic,Yes,Yes,No,No,Yes,Month-to-month,Yes,Bank transfer,99.89,5857.68,No
CUST00649,Female,1,Yes,No,28,Yes,No,No internet service,No internet service,No internet service,No internet service,No internet service,One year,No,Mailed check,65.26,1797.43,No
CUST00650,Female,0,Yes,No,58,Yes,DSL,No,Yes,Yes,No,No,Two year,Yes,Bank transfer,66.29,3920.61,No
CUST00651,Male,1,Yes,No,66,No,Fiber optic,Yes,No,Yes,No,Yes,Month-to-month,Yes,Bank transfer,95.21,6303.95,No
CUST00652,Female,0,No,No,32,No,Fiber optic,Yes,No,No,No,No,Month-to-month,Yes,Credit card,97.94,3022.49,Yes
CUST00653,Male,0,Yes,No,43,No,No,No internet service,No internet service,No internet service,No internet service,No internet service,Two year,No,Credit card,98.59,4228.61,No
CUST00654,Female,0,No,No,63,Yes,Fiber optic,No,Yes,Yes,Yes,Yes,Two year,Yes,Electronic check,69.51,4409.35,No
CUST00655,Female,0,No,No,10,Yes,Fiber optic,Yes,Yes,Yes,No,No,Month-to-month,Yes,Bank transfer,75.79,814.68,Yes
CUST00656,Female,1,Yes,No,18,No,No,No internet service,No internet service,No internet service,No internet service,No internet service,Two year,Yes,Bank transfer,52.34,799.16,No
CUST00657,Female,0,No,No,45,Yes,Fiber optic,Yes,No,Yes,No,Yes,Month-to-month,No,Bank transfer,96.5,4265.27,Yes
CUST00658,Female,1,Yes,No,13,Yes,DSL,Yes,No,No,Yes,No,One year,Yes,Electronic check,59.22,794.7,Yes
CUST00659,Male,0,No,No,57,No,DSL,No,Yes,Yes,No,No,Month-to-month,Yes,Mailed check,24.09,1297.86,Yes
CUST00660,Male,0,Yes,No,19,Yes,Fiber optic,No,No,No,Yes,No,Month-to-month,Yes,Mailed check,62.97,1293.94,Yes
CUST00661,Male,0,Yes,Yes,24,Yes,Fiber optic,Yes,Yes,No,No,No,Month-to-month,No,Electronic check,52.61,1257.66,No
CUST00662,Female,0,Yes,No,59,Yes,DSL,Yes,Yes,Yes,No,Yes,Month-to-month,No,Credit card,18.0,1100.92,Yes
CUST00663,Male,1,No,Yes,38,Yes,Fiber optic,No,No,Yes,Yes,No,Month-to-month,Yes,Mailed check,59.66,2370.75,Yes
CUST00664,Male,0,No,No,57,Yes,No,No internet service,No internet service,No internet service,No internet service,No internet service,Month-to-month,Yes,Mailed check,93.56,5235.75,No
CUST00665,Female,0,No,Yes,45,Yes,Fiber optic,No,No,Yes,Yes,Yes,Two year,Yes,Bank transfer,84.34,3832.29,No
CUST00666,Female,0,Yes,No,37,Yes,Fiber optic,Yes,No,No,Yes,Yes,Month-to-month,Yes,Electronic check,84.3,3129.88,Yes
CUST00667,Female,0,No,Yes,37,Yes,DSL,No,No,Yes,Yes,No,One year,No,Electronic check,109.64,4069.89,No
CUST00668,Female,0,Yes,Yes,58,Yes,DSL,No,No,No,No,Yes,Month-to-month,Yes,Bank transfer,59.53,3434.84,No
CUST00669,Female,0,No,No,72,No,No,No internet service,No internet service,No internet service,No internet service,No internet service,Two year,No,Electronic check,45.37,3279.38,No
CUST00670,Male,0,No,No,1,Yes,Fiber optic,,No,No,Yes,No,Month-to-month,Yes,Mailed check,86.35,0.0,Yes
CUST00671,Female,0,No,Yes,36,Yes,DSL,No,Yes,Yes,Yes,Yes,Month-to-month,Yes,Mailed check,82.93,3085.01,Yes
CUST00672,Female,0,Yes,Yes,57,Yes,Fiber optic,No,Yes,Yes,No,No,One year,No,Credit card,42.34,2306.48,No
CUST00673,Female,0,No,Yes,46,Yes,DSL,No,Yes,Yes,No,Yes,Month-to-month,No,Credit card,69.6,3343.56,No
CUST00674,Male,0,No,No,35,No,Fiber optic,Yes,Yes,No,No,Yes,Month-to-month,Yes,Credit card,87.46,2985.15,No
CUST00675,Female,0,Yes,No,57,Yes,DSL,No,Yes,No,No,Yes,Month-to-month,No,Mailed check,80.87,4530.17,No
CUST00676,Female,1,No,No,34,No,No,No internet service,No internet service,No internet service,No internet service,No internet service,Month-to-month,Yes,Mailed check,92.3,3170.61,No
CUST00677,Female,0,Yes,No,9,Yes,Fiber optic,No,Yes,No,Yes,No,Month-to-month,No,Bank transfer,57.2,536.51,Yes
CUST00678,Male,0,No,No,19,Yes,Fiber optic,Yes,Yes,No,Yes,Yes,Two year,Yes,Credit card,38.54,768.32,No
CUST00679,Female,0,No,No,3,Yes,Fiber optic,No,Yes,Yes,No,No,Month-to-month,Yes,Credit card,51.17,182.46,Yes
CUST00680,Female,0,No,No,51,No,No,No internet service,No internet service,No internet service,No internet service,No internet service,Month-to-month,No,Bank transfer,95.61,4864.87,Yes
CUST00681,Female,0,Yes,Yes,71,Yes,DSL,No,No,Yes,No,Yes,Month-to-month,Yes,Bank transfer,99.89,7062.78,No
CUST00682,Male,0,Yes,No,27,Yes,DSL,No,No,No,Yes,No,Month-to-month,Yes,Bank transfer,69.81,1931.45,Yes
CUST00683,Female,0,No,No,53,Yes,No,No internet service,No internet service,No internet service,No internet service,No internet service,Month-to-month,No,Mailed check,111.82,5871.13,Yes
CUST00684,Female,0,Yes,No,71,Yes,No,No internet service,No internet service,No internet service,No internet service,No internet service,Month-to-month,Yes,Electronic check,69.95,4975.99,Yes
CUST00685,Male,0,No,No,28,Yes,DSL,Yes,No,No,Yes,No,Month-to-month,No,Mailed check,61.19,1577.75,No
CUST00686,Female,0,Yes,No,64,Yes,DSL,Yes,No,No,No,No,Two year,Yes,Credit card,38.73,2499.04,No
CUST00687,Male,0,No,No,1,Yes,Fiber optic,Yes,Yes,No,No,Yes,Month-to-month,Yes,Credit card,72.11,79.99,No
CUST00688,Female,0,Yes,No,49,Yes,DSL,No,No,Yes,No,Yes,Month-to-month,Yes,Bank transfer,100.51,4921.71,No
CUST00689,Male,0,Yes,Yes,12,Yes,Fiber optic,No,No,Yes,No,No,One year,Yes,Credit card,105.71,1405.02,No
CUST00690,Female,0,Yes,No,57,Yes,Fiber optic,Yes,No,Yes,No,No,Month-to-month,Yes,Credit card,100.73,5861.2,No
CUST00691,Female,0,Yes,No,0,Yes,Fiber optic,Yes,Yes,No,No,Yes,Month-to-month,Yes,Bank transfer,86.49,73.15,Yes
CUST00692,Female,0,Yes,Yes,60,No,Fiber optic,Yes,Yes,Yes,No,Yes,Two year,No,Credit card,113.92,6906.6,No
CUST00693,Female,0,Yes,No,28,Yes,No,No internet service,No internet service,No internet service,No internet service,No internet service,One year,Yes,Electronic check,49.78,1402.29,No
CUST00694,Female,0,No,Yes,17,Yes,No,No internet service,No internet service,No internet service,No internet service,No internet service,Month-to-month,Yes,Mailed check,103.63,1786.3,No
CUST00695,Male,0,Yes,Yes,40,No,Fiber optic,No,No,No,No,Yes,Month-to-month,No,Mailed check,81.03,3275.81,No
CUST00696,Male,0,No,No,72,Yes,Fiber optic,Yes,Yes,Yes,No,No,Two year,Yes,Credit card,79.26,5754.92,No
CUST00697,Female,1,No,No,11,Yes,No,No internet service,No internet service,No internet service,No internet service,No internet service,Month-to-month,No,Mailed check,38.42,428.33,Yes
CUST00698,Female,0,No,No,22,Yes,Fiber optic,Yes,Yes,No,Yes,Yes,Two year,Yes,Mailed check,82.53,1859.03,No
CUST00699,Male,0,Yes,No,46,Yes,DSL,No,No,No,No,Yes,Month-to-month,No,Mailed check,102.85,4736.27,Yes
CUST00700,Male,0,Yes,Yes,6,Yes,DSL,No,Yes,Yes,Yes,Yes,Month-to-month,No,Credit card,,158.41,No
CUST00701,Female,0,Yes,No,69,Yes,Fiber optic,No,Yes,Yes,Yes,Yes,Month-to-month,Yes,Bank transfer,93.89,6551.82,No
CUST00702,Female,0,No,Yes,38,Yes,DSL,Yes,No,No,Yes,No,One year,No,Electronic check,18.0,631.51,No
CUST00703,Male,0,No,Yes,72,Yes,Fiber optic,Yes,No,Yes,Yes,Yes,Two year,Yes,Electronic check,38.57,2787.63,No
CUST00704,Male,1,Yes,No,30,Yes,DSL,No,Yes,Yes,Yes,No,One year,Yes,Mailed check,71.64,2155.27,No
CUST00705,Male,0,Yes,No,60,Yes,Fiber optic,No,No,No,Yes,No,Month-to-month,Yes,Credit card,113.57,6732.74,No
CUST00706,Female,0,Yes,Yes,24,Yes,No,No internet service,No internet service,No internet service,No internet service,No internet service,Two year,Yes,Credit card,70.8,1810.49,No
CUST00707,Male,0,Yes,Yes,32,Yes,DSL,No,Yes,Yes,No,No,Two year,Yes,Electronic check,85.75,2677.96,No
CUST00708,Female,0,No,No,25,Yes,Fiber optic,Yes,No,Yes,No,No,Month-to-month,No,Electronic check,51.25,1395.86,Yes
CUST00709,Male,1,Yes,Yes,39,Yes,No,No internet service,No internet service,No internet service,No internet service,No internet service,Month-to-month,Yes,Mailed check,69.14,2589.07,Yes
CUST00710,Male,0,Yes,No,16,Yes,DSL,No,No,No,No,No,Month-to-month,No,Credit card,72.63,1042.35,Yes
CUST00711,Female,0,Yes,No,36,Yes,Fiber optic,Yes,No,Yes,No,No,One year,No,Mailed check,114.73,4103.39,Yes
CUST00712,Female,0,Yes,Yes,61,Yes,DSL,No,No,No,Yes,No,Month-to-month,Yes,Electronic check,55.32,3406.34,No
CUST00713,Female,0,Yes,No,11,Yes,Fiber optic,No,Yes,No,No,No,Month-to-month,Yes,Bank transfer,57.52,664.1,Yes
CUST00714,Female,0,Yes,No,57,Yes,Fiber optic,No,Yes,Yes,Yes,Yes,One year,Yes,Bank transfer,,5855.88,No
CUST00715,Female,0,Yes,No,62,Yes,No,No internet service,No internet service,No internet service,No internet service,No internet service,Two year,No,Electronic check,67.83,4143.86,No
CUST00716,Female,1,Yes,No,2,Yes,Fiber optic,No,No,Yes,No,Yes,Month-to-month,No,Bank transfer,76.83,227.74,Yes
CUST00717,Female,0,No,No,49,Yes,Fiber optic,No,No,No,Yes,No,One year,Yes,Credit card,84.88,4026.45,No
CUST00718,Male,0,No,No,35,Yes,No,No internet service,No internet service,No internet service,No internet service,No internet service,Two year,No,Electronic check,58.09,1955.8,No
CUST00719,Male,0,Yes,No,46,Yes,DSL,No,No,No,Yes,No,Month-to-month,Yes,Electronic check,22.69,1022.68,Yes
CUST00720,Female,0,No,No,21,Yes,No,No internet service,No internet service,No internet service,No internet service,No internet service,Month-to-month,Yes,Credit card,100.88,2030.45,No
CUST00721,Male,0,Yes,Yes,16,Yes,Fiber optic,No,Yes,Yes,Yes,Yes,Month-to-month,Yes,Mailed check,76.9,1274.17,Yes
CUST00722,Female,0,No,No,20,Yes,Fiber optic,Yes,Yes,No,Yes,Yes,One year,No,Electronic check,42.08,,No
CUST00723,Female,0,No,Yes,11,Yes,Fiber optic,Yes,Yes,No,Yes,No,One year,Yes,Electronic check,93.45,1108.2,No
CUST00724,Male,0,Yes,No,29,Yes,DSL,Yes,Yes,Yes,Yes,Yes,Two year,No,Credit card,124.23,3672.16,No
CUST00725,Female,1,Yes,No,63,Yes,No,No internet service,No internet service,No internet service,No internet service,No internet service,Month-to-month,Yes,Credit card,103.82,6486.65,Yes
CUST00726,Male,0,No,No,56,Yes,Fiber optic,Yes,No,No,No,No,Month-to-month,Yes,Credit card,126.02,7028.94,No
CUST00727,Female,0,Yes,Yes,13,Yes,Fiber optic,No,No,No,No,No,Month-to-month,No,Bank transfer,43.31,555.88,No
CUST00728,Male,0,Yes,No,40,Yes,No,No internet service,No internet service,No internet service,No internet service,No internet service,Month-to-month,No,Bank transfer,80.24,3317.95,No
CUST00729,Male,0,No,No,5,Yes,Fiber optic,No,No,No,Yes,Yes,One year,Yes,Credit card,82.87,338.95,No
CUST00730,Female,0,No,No,4,Yes,No,No internet service,No internet service,No internet service,No internet service,No internet service,Two year,No,Credit card,71.08,94.42,No
CUST00731,Female,0,No,No,45,Yes,DSL,No,No,No,No,No,Month-to-month,Yes,Electronic check,65.81,2927.57,No
CUST00732,Male,0,No,No,22,Yes,DSL,Yes,No,No,No,Yes,One year,Yes,Bank transfer,18.0,322.43,No
CUST00733,Female,1,No,No,51,Yes,DSL,Yes,No,Yes,No,Yes,Month-to-month,Yes,Credit card,116.31,5809.28,No
CUST00734,Female,0,No,No,11,Yes,DSL,No,No,No,Yes,No,One year,No,Credit card,33.58,366.43,Yes
CUST00735,Male,0,No,Yes,8,Yes,Fiber optic,Yes,Yes,Yes,No,Yes,One year,Yes,Electronic check,96.59,678.85,No
CUST00736,Female,0,No,No,52,Yes,DSL,No,No,No,Yes,Yes,Two year,Yes,Credit card,74.27,3889.07,No
CUST00737,Female,1,No,No,15,Yes,Fiber optic,No,No,No,No,No,Two year,No,Bank transfer,73.24,1002.38,No
CUST00738,Male,0,No,Yes,4,Yes,No,No internet service,No internet service,No internet service,No internet service,No internet service,Two year,Yes,Bank transfer,68.86,511.7,No
CUST00739,Female,1,No,No,57,Yes,Fiber optic,No,No,Yes,No,No,Month-to-month,Yes,Credit card,78.98,4586.6,No
CUST00740,Female,1,No,No,51,Yes,Fiber optic,No,Yes,No,No,No,Two year,Yes,Credit card,90.02,4532.38,No
CUST00741,Female,0,No,Yes,67,Yes,No,No internet service,No internet service,No internet service,No internet service,No internet service,One year,No,Electronic check,97.79,6490.23,No
CUST00742,Female,0,Yes,No,43,Yes,Fiber optic,No,No,No,Yes,Yes,Month-to-month,Yes,Mailed check,70.85,3031.35,Yes
CUST00743,Female,0,No,No,34,Yes,No,No internet service,No internet service,No internet service,No internet service,No internet service,Month-to-month,Yes,Mailed check,43.86,1550.13,Yes
CUST00744,Male,0,Yes,No,48,Yes,DSL,No,Yes,Yes,No,No,Two year,Yes,Mailed check,43.0,2028.17,No
CUST00745,Female,0,Yes,No,57,Yes,Fiber optic,Yes,Yes,No,No,No,Two year,Yes,Mailed check,99.97,5605.36,No
CUST00746,Male,0,Yes,No,45,Yes,DSL,No,Yes,Yes,No,No,Month-to-month,Yes,Credit card,67.22,2908.82,No
CUST00747,Female,0,No,No,23,Yes,DSL,No,No,No,No,Yes,Month-to-month,Yes,Credit card,48.38,1111.24,Yes
CUST00748,Male,0,No,Yes,64,Yes,DSL,No,Yes,Yes,Yes,No,Month-to-month,Yes,Bank transfer,55.46,3491.47,No
CUST00749,Male,1,Yes,Yes,51,Yes,Fiber optic,No,Yes,No,No,No,Month-to-month,No,Bank transfer,71.65,3676.8,No
CUST00750,Male,0,Yes,Yes,64,Yes,DSL,No,No,Yes,No,Yes,Two year,Yes,Electronic check,41.92,2512.77,No
CUST00751,Female,0,Yes,Yes,40,Yes,Fiber optic,Yes,Yes,Yes,No,No,Month-to-month,Yes,Mailed check,73.22,2966.6,No
CUST00752,Male,1,Yes,Yes,32,Yes,Fiber optic,No,Yes,No,Yes,Yes,One year,Yes,Mailed check,105.33,3344.89,No
CUST00753,Male,0,Yes,No,61,Yes,DSL,Yes,Yes,Yes,No,Yes,Month-to-month,No,Electronic check,71.03,4192.48,No
CUST00754,Female,0,No,No,44,Yes,Fiber optic,No,Yes,Yes,Yes,No,One year,No,Bank transfer,29.81,1340.62,No
CUST00755,Female,0,Yes,Yes,56,Yes,No,No internet service,No internet service,No internet service,No internet service,No internet service,One year,Yes,Bank transfer,95.69,5398.53,No
CUST00756,Male,1,Yes,No,64,Yes,No,No internet service,No internet service,No internet service,No internet service,No internet service,Two year,No,Electronic check,101.75,6447.46,No
CUST00757,Female,0,Yes,Yes,20,Yes,No,No internet service,No internet service,No internet service,No internet service,No internet service,Month-to-month,Yes,Mailed check,103.07,2113.11,Yes
CUST00758,Male,0,No,No,14,Yes,Fiber optic,Yes,Yes,Yes,No,Yes,Month-to-month,No,Bank transfer,75.47,947.3,No
CUST00759,Male,0,No,No,10,Yes,DSL,Yes,Yes,No,Yes,Yes,Month-to-month,No,Mailed check,132.29,1139.3,No
CUST00760,Female,0,Yes,No,43,Yes,DSL,Yes,No,No,No,Yes,Two year,Yes,Electronic check,92.4,3959.61,No
CUST00761,Male,0,Yes,Yes,58,Yes,Fiber optic,No,Yes,Yes,Yes,Yes,Two year,Yes,Electronic check,148.74,8555.97,No
CUST00762,Female,0,No,No,71,Yes,No,No internet service,No internet service,No internet service,No internet service,No internet service,Month-to-month,Yes,Electronic check,107.79,7553.42,Yes
CUST00763,Female,1,Yes,No,2,No,DSL,No,Yes,No,Yes,Yes,Month-to-month,Yes,Credit card,103.96,253.57,No
CUST00764,Female,0,No,Yes,0,Yes,DSL,No,No,Yes,No,No,One year,Yes,Credit card,58.43,17.18,Yes
CUST00765,Male,1,No,No,49,Yes,Fiber optic,No,Yes,No,No,No,One year,Yes,Bank transfer,50.3,2595.92,No
CUST00766,Female,0,No,No,19,Yes,Fiber optic,Yes,Yes,Yes,No,No,One year,No,Mailed check,76.89,1494.27,Yes
CUST00767,Female,1,No,Yes,34,Yes,Fiber optic,Yes,No,No,Yes,Yes,Month-to-month,Yes,Electronic check,69.19,2396.68,Yes
CUST00768,Male,0,Yes,No,5,Yes,No,No internet service,No internet service,No internet service,No internet service,No internet service,Two year,Yes,Credit card,60.56,232.94,No
CUST00769,Male,0,Yes,No,5,Yes,Fiber optic,No,No,Yes,Yes,Yes,Month-to-month,Yes,Mailed check,70.75,182.54,No
CUST00770,Male,0,Yes,No,38,Yes,No,No internet service,No internet service,No internet service,No internet service,No internet service,One year,Yes,Bank transfer,69.05,2782.13,No
CUST00771,Female,0,Yes,No,50,Yes,Fiber optic,Yes,Yes,No,No,No,Month-to-month,Yes,Credit card,58.0,2939.42,Yes
CUST00772,Female,0,Yes,No,64,Yes,Fiber optic,Yes,Yes,No,No,Yes,Month-to-month,Yes,Credit card,90.43,5915.83,No
CUST00773,Male,0,Yes,Yes,35,Yes,DSL,No,No,Yes,No,Yes,Month-to-month,Yes,Bank transfer,55.21,1837.82,No
CUST00774,Female,0,No,Yes,47,Yes,Fiber optic,Yes,Yes,Yes,Yes,No,Month-to-month,Yes,Bank transfer,72.92,3507.76,No
CUST00775,Female,0,Yes,No,62,Yes,DSL,No,Yes,No,Yes,No,Two year,No,Bank transfer,43.64,2728.79,No
CUST00776,Female,0,No,No,31,Yes,DSL,No,Yes,Yes,No,No,One year,Yes,Mailed check,76.5,2456.49,No
CUST00777,Male,0,Yes,No,15,Yes,DSL,Yes,Yes,No,No,No,Two year,Yes,Electronic check,79.03,1231.88,Yes
CUST00778,Male,0,Yes,Yes,60,Yes,Fiber optic,No,Yes,No,Yes,Yes,One year,Yes,Electronic check,49.97,2979.88,No
CUST00779,Male,0,Yes,No,0,Yes,DSL,No,No,Yes,No,No,Month-to-month,Yes,Credit card,75.76,22.47,Yes
CUST00780,Female,0,No,No,20,Yes,DSL,Yes,No,Yes,No,Yes,One year,No,Credit card,71.55,1402.75,No
CUST00781,Female,1,No,No,9,Yes,Fiber optic,Yes,Yes,Yes,No,No,One year,No,Mailed check,62.48,629.29,Yes
CUST00782,Female,0,No,No,46,Yes,DSL,No,No,Yes,No,No,Two year,Yes,Bank transfer,62.72,2821.45,No
CUST00783,Male,0,Yes,Yes,19,Yes,DSL,Yes,Yes,Yes,Yes,No,Month-to-month,Yes,Electronic check,85.19,1562.41,Yes
CUST00784,Male,0,Yes,Yes,25,Yes,No,No internet service,No internet service,No internet service,No internet service,No internet service,Month-to-month,Yes,Electronic check,74.71,1854.89,Yes
CUST00785,Male,0,No,Yes,47,Yes,Fiber optic,Yes,Yes,No,No,Yes,One year,Yes,Credit card,97.94,4652.39,Yes
CUST00786,Female,0,Yes,No,21,Yes,No,No internet service,No internet service,No internet service,No internet service,No internet service,One year,No,Credit card,48.09,1014.15,No
CUST00787,Male,1,Yes,No,26,Yes,DSL,Yes,No,No,Yes,No,Month-to-month,Yes,Bank transfer,69.31,1775.88,No
CUST00788,Female,0,Yes,No,36,Yes,Fiber optic,Yes,Yes,No,No,No,Month-to-month,No,Mailed check,,2195.54,No
CUST00789,Female,0,Yes,No,8,Yes,DSL,Yes,No,Yes,Yes,No,Month-to-month,Yes,Bank transfer,75.51,651.16,No
CUST00790,Male,0,Yes,No,68,Yes,Fiber optic,Yes,No,No,No,No,Two year,Yes,Electronic check,80.73,5452.89,No
CUST00791,Male,0,Yes,No,71,Yes,No,No internet service,No internet service,No internet service,No internet service,No internet service,Month-to-month,Yes,Mailed check,44.45,3072.56,Yes
CUST00792,Male,0,No,No,52,Yes,No,No internet service,No internet service,No internet service,No internet service,No internet service,One year,No,Mailed check,88.83,4605.11,Yes
CUST00793,Female,0,No,No,7,Yes,Fiber optic,No,No,Yes,No,No,Month-to-month,Yes,Bank transfer,128.07,846.61,Yes
CUST00794,Female,0,Yes,No,34,Yes,DSL,Yes,No,Yes,Yes,Yes,Month-to-month,No,Credit card,78.27,2599.41,No
CUST00795,Male,1,Yes,Yes,25,Yes,Fiber optic,No,Yes,No,Yes,Yes,Month-to-month,Yes,Electronic check,52.3,1367.47,Yes
CUST00796,Male,0,No,Yes,12,Yes,Fiber optic,No,No,Yes,Yes,Yes,Month-to-month,Yes,Mailed check,66.7,890.58,No
CUST00797,Female,1,Yes,Yes,63,Yes,Fiber optic,Yes,No,Yes,Yes,Yes,Month-to-month,Yes,Credit card,65.9,4146.95,No
CUST00798,Male,0,No,No,30,Yes,Fiber optic,Yes,No,Yes,No,No,One year,Yes,Credit card,57.32,1719.14,No
CUST00799,Male,0,Yes,No,47,Yes,Fiber optic,Yes,Yes,Yes,No,Yes,Month-to-month,No,Credit card,92.07,4268.1,Yes
CUST00800,Male,0,No,No,50,No,DSL,Yes,No,Yes,Yes,No,Month-to-month,Yes,Mailed check,28.42,1335.94,Yes
CUST00801,Male,0,No,Yes,23,Yes,Fiber optic,Yes,No,No,Yes,Yes,One year,Yes,Credit card,80.81,1922.29,Yes
CUST00802,Male,0,Yes,No,25,Yes,DSL,No,No,No,Yes,Yes,Month-to-month,Yes,Electronic check,106.26,2554.86,Yes
CUST00803,Female,0,No,No,70,Yes,Fiber optic,No,Yes,No,Yes,Yes,Month-to-month,No,Credit card,104.65,7275.95,Yes
CUST00804,Female,0,No,No,60,Yes,Fiber optic,No,No,Yes,Yes,No,Two year,Yes,Electronic check,99.61,5924.48,No
CUST00805,Female,0,No,No,36,Yes,Fiber optic,No,Yes,Yes,No,Yes,Month-to-month,Yes,Bank transfer,57.5,2103.92,Yes
CUST00806,Female,0,Yes,Yes,38,Yes,DSL,No,Yes,Yes,No,No,Month-to-month,No,Credit card,110.44,4180.93,No
CUST00807,Female,1,Yes,Yes,0,Yes,Fiber optic,Yes,Yes,Yes,No,No,Month-to-month,Yes,Bank transfer,83.17,0.0,Yes
CUST00808,Male,1,Yes,No,14,Yes,Fiber optic,No,No,No,Yes,No,Month-to-month,No,Electronic check,109.58,1642.86,Yes
CUST00809,Male,0,No,Yes,0,Yes,DSL,Yes,Yes,No,No,No,Month-to-month,No,Credit card,101.04,130.42,Yes
CUST00810,Female,1,Yes,No,58,Yes,Fiber optic,No,No,No,Yes,No,Two year,Yes,Credit card,81.86,4779.05,No
CUST00811,Male,0,Yes,No,68,Yes,DSL,Yes,Yes,No,Yes,Yes,Month-to-month,Yes,Mailed check,67.88,4627.33,No
CUST00812,Female,0,No,Yes,11,Yes,Fiber optic,Yes,No,Yes,Yes,No,One year,No,Mailed check,133.1,1423.83,Yes
CUST00813,Female,1,Yes,No,20,Yes,Fiber optic,No,No,No,Yes,No,One year,No,Bank transfer,29.5,588.53,Yes
CUST00814,Male,0,No,Yes,25,Yes,Fiber optic,Yes,Yes,No,Yes,No,Month-to-month,Yes,Credit card,69.66,1645.11,No
CUST00815,Female,0,Yes,No,59,Yes,Fiber optic,Yes,No,Yes,Yes,No,Month-to-month,No,Credit card,38.86,2371.84,Yes
CUST00816,Female,0,No,No,29,Yes,DSL,Yes,Yes,No,No,Yes,Month-to-month,Yes,Electronic check,76.92,2220.15,Yes
CUST00817,Male,0,Yes,No,3,Yes,Fiber optic,No,No,Yes,Yes,Yes,Month-to-month,Yes,Electronic check,82.92,193.76,Yes
CUST00818,Male,0,Yes,Yes,42,Yes,DSL,Yes,No,Yes,Yes,No,Two year,No,Bank transfer,57.93,2406.54,No
CUST00819,Female,0,No,No,10,Yes,No,No internet service,No internet service,No internet service,No internet service,No internet service,Month-to-month,Yes,Credit card,59.81,654.6,Yes
CUST00820,Female,0,Yes,No,47,Yes,Fiber optic,Yes,Yes,No,No,Yes,Month-to-month,No,Electronic check,40.98,1905.54,No
CUST00821,Male,0,Yes,No,62,Yes,Fiber optic,Yes,No,Yes,No,Yes,Month-to-month,Yes,Bank transfer,85.3,5225.61,No
CUST00822,Female,0,Yes,No,4,Yes,DSL,Yes,Yes,No,No,No,One year,Yes,Mailed check,62.34,82.21,No
CUST00823,Male,0,No,No,72,Yes,No,No internet service,No internet service,No internet service,No internet service,No internet service,Month-to-month,No,Mailed check,84.56,6082.09,No
CUST00824,Female,1,Yes,No,48,Yes,Fiber optic,Yes,No,Yes,No,Yes,Month-to-month,Yes,Credit card,60.91,2953.73,No
CUST00825,Female,0,Yes,No,3,Yes,Fiber optic,Yes,Yes,No,No,Yes,Month-to-month,No,Mailed check,80.18,201.31,Yes
CUST00826,Male,1,Yes,No,16,Yes,Fiber optic,No,No,No,Yes,Yes,Two year,No,Electronic check,92.49,,Yes
CUST00827,Female,0,Yes,No,12,Yes,DSL,No,No,Yes,No,No,Month-to-month,No,Credit card,85.96,941.49,No
CUST00828,Female,0,No,No,64,Yes,No,No internet service,No internet service,No internet service,No internet service,No internet service,Month-to-month,No,Credit card,79.27,5043.19,No
CUST00829,Female,0,Yes,Yes,52,Yes,DSL,Yes,No,No,Yes,Yes,One year,No,Credit card,71.41,3624.18,No
CUST00830,Male,0,No,No,27,Yes,No,No internet service,No internet service,No internet service,No internet service,No internet service,Two year,Yes,Bank transfer,85.93,2230.45,No
CUST00831,Male,0,No,Yes,38,Yes,No,No internet service,No internet service,No internet service,No internet service,No internet service,Month-to-month,No,Mailed check,58.93,2201.02,Yes
CUST00832,Male,0,No,Yes,25,Yes,Fiber optic,Yes,Yes,Yes,Yes,Yes,Two year,Yes,Bank transfer,69.11,1878.45,No
CUST00833,Male,1,No,No,29,Yes,No,No internet service,No internet service,No internet service,No internet service,No internet service,Month-to-month,No,Credit card,82.66,2583.95,Yes
CUST00834,Male,0,Yes,Yes,46,Yes,DSL,Yes,No,Yes,No,Yes,Two year,No,Mailed check,112.43,5265.99,No
CUST00835,Female,1,No,Yes,14,Yes,Fiber optic,No,No,No,Yes,Yes,Two year,Yes,Bank transfer,58.7,873.34,No
CUST00836,Female,0,No,No,55,No,Fiber optic,No,Yes,Yes,Yes,No,Month-to-month,No,Credit card,51.87,2697.83,No
CUST00837,Female,0,No,No,69,Yes,Fiber optic,No,No,Yes,No,Yes,Month-to-month,Yes,Bank transfer,81.13,5812.07,Yes
CUST00838,Male,0,Yes,Yes,71,Yes,Fiber optic,No,Yes,No,Yes,No,Month-to-month,No,Credit card,104.18,7428.14,Yes
CUST00839,Male,0,Yes,No,12,Yes,Fiber optic,Yes,Yes,Yes,No,Yes,Month-to-month,Yes,Electronic check,94.29,1043.53,Yes
CUST00840,Female,0,No,Yes,30,Yes,Fiber optic,Yes,No,Yes,No,No,Month-to-month,Yes,Credit card,74.55,2451.41,No
CUST00841,Male,0,Yes,No,19,Yes,DSL,No,No,Yes,No,No,Two year,No,Credit card,104.64,1980.28,No
CUST00842,Female,1,No,No,46,Yes,Fiber optic,Yes,No,No,Yes,No,Month-to-month,Yes,Electronic check,28.75,1389.24,No
CUST00843,Female,0,Yes,Yes,23,Yes,DSL,Yes,No,No,Yes,Yes,Month-to-month,No,Mailed check,99.29,2258.51,Yes
CUST00844,Male,0,No,No,28,Yes,Fiber optic,Yes,No,Yes,No,Yes,Month-to-month,No,Mailed check,66.15,1897.61,No
CUST00845,Male,0,Yes,No,10,Yes,DSL,No,No,Yes,Yes,Yes,Month-to-month,No,Bank transfer,89.75,952.4,Yes
CUST00846,Male,0,Yes,No,40,No,Fiber optic,Yes,No,No,No,No,Month-to-month,No,Credit card,99.2,4036.81,No
CUST00847,Male,0,Yes,No,39,Yes,No,No internet service,No internet service,No internet service,No internet service,No internet service,Two year,No,Electronic check,78.84,3177.43,Yes
CUST00848,Male,0,No,No,40,Yes,No,No internet service,No internet service,No internet service,No internet service,No internet service,Month-to-month,Yes,Bank transfer,75.75,3042.42,Yes
CUST00849,Female,0,No,No,24,Yes,Fiber optic,Yes,No,No,No,No,Month-to-month,No,Electronic check,64.21,1557.83,No
CUST00850,Female,0,No,No,55,Yes,DSL,No,Yes,Yes,Yes,No,Month-to-month,Yes,Mailed check,116.29,6392.12,No
CUST00851,Female,0,No,No,44,Yes,Fiber optic,Yes,No,Yes,Yes,No,Month-to-month,Yes,Bank transfer,82.61,3551.31,No
CUST00852,Female,0,No,No,12,Yes,Fiber optic,Yes,No,Yes,Yes,No,Month-to-month,No,Mailed check,79.56,882.35,Yes
CUST00853,Female,0,No,Yes,26,Yes,DSL,No,No,No,No,Yes,Month-to-month,No,Electronic check,111.74,2880.59,No
CUST00854,Male,0,No,No,48,Yes,No,No internet service,No internet service,No internet service,No internet service,No internet service,Month-to-month,Yes,Mailed check,61.44,3050.1,No
CUST00855,Male,0,No,No,8,Yes,DSL,No,Yes,Yes,Yes,No,Month-to-month,No,Mailed check,67.76,579.74,No
CUST00856,Female,0,No,No,25,Yes,Fiber optic,Yes,Yes,No,No,Yes,Month-to-month,Yes,Bank transfer,97.44,2428.55,No
CUST00857,Male,1,Yes,No,63,Yes,Fiber optic,No,No,Yes,No,Yes,Two year,No,Mailed check,118.36,7435.58,No
CUST00858,Male,0,No,No,32,Yes,No,No internet service,No internet service,No internet service,No internet service,No internet service,Two year,Yes,Mailed check,75.11,2310.16,No
CUST00859,Female,0,Yes,Yes,37,Yes,No,No internet service,No internet service,No internet service,No internet service,No internet service,Month-to-month,Yes,Credit card,83.66,3023.51,Yes
CUST00860,Female,0,Yes,Yes,49,Yes,DSL,Yes,Yes,Yes,Yes,Yes,One year,Yes,Mailed check,34.29,1692.6,Yes
CUST00861,Female,0,No,No,23,Yes,Fiber optic,Yes,Yes,No,Yes,No,Month-to-month,No,Bank transfer,106.06,2440.04,Yes
CUST00862,Female,0,No,No,60,Yes,No,No internet service,No internet service,No internet service,No internet service,No internet service,Month-to-month,Yes,Mailed check,46.92,2877.46,No
CUST00863,Male,1,Yes,No,1,Yes,Fiber optic,Yes,No,Yes,Yes,No,One year,Yes,Bank transfer,60.51,43.19,Yes
CUST00864,Female,1,Yes,No,34,Yes,DSL,Yes,Yes,Yes,Yes,No,One year,Yes,Mailed check,78.71,2721.54,No
CUST00865,Female,0,No,No,43,Yes,Fiber optic,Yes,No,Yes,Yes,Yes,Month-to-month,Yes,Bank transfer,57.77,2361.61,Yes
CUST00866,Female,0,Yes,No,17,Yes,No,No internet service,No internet service,No internet service,No internet service,No internet service,Month-to-month,Yes,Electronic check,25.51,357.71,No
CUST00867,Female,0,Yes,No,57,Yes,DSL,Yes,Yes,No,No,No,Month-to-month,Yes,Credit card,43.11,2478.36,No
CUST00868,Female,0,No,Yes,5,Yes,Fiber optic,Yes,No,Yes,Yes,Yes,Month-to-month,Yes,Electronic check,76.46,383.61,Yes
CUST00869,Male,0,No,No,47,No,Fiber optic,Yes,Yes,Yes,Yes,No,Month-to-month,Yes,Electronic check,111.41,5295.29,Yes
CUST00870,Male,0,No,No,46,Yes,Fiber optic,Yes,No,No,Yes,No,One year,Yes,Bank transfer,109.4,5126.45,No
CUST00871,Male,0,No,No,57,Yes,DSL,Yes,Yes,Yes,Yes,Yes,Month-to-month,Yes,Mailed check,83.55,4860.06,No
CUST00872,Male,0,Yes,Yes,15,Yes,DSL,Yes,No,Yes,Yes,No,One year,Yes,Credit card,77.92,1295.68,No
CUST00873,Male,0,Yes,No,11,Yes,Fiber optic,Yes,No,Yes,No,No,Two year,No,Bank transfer,93.94,1179.01,No
CUST00874,Male,0,No,No,42,No,DSL,No,No,Yes,Yes,Yes,Month-to-month,Yes,Electronic check,107.14,4471.38,Yes
CUST00875,Female,0,No,No,70,Yes,DSL,No,Yes,Yes,No,Yes,Month-to-month,Yes,Credit card,76.93,5569.07,No
CUST00876,Female,0,Yes,No,57,Yes,Fiber optic,No,Yes,Yes,No,Yes,Month-to-month,Yes,Credit card,77.79,4665.18,Yes
CUST00877,Female,0,Yes,No,15,Yes,DSL,Yes,No,No,Yes,No,One year,No,Mailed check,79.09,1082.16,No
CUST00878,Female,0,Yes,No,29,Yes,Fiber optic,Yes,Yes,No,No,Yes,Two year,No,Bank transfer,99.24,2830.86,No
CUST00879,Female,0,Yes,No,19,Yes,No,No internet service,No internet service,No internet service,No internet service,No internet service,Two year,Yes,Mailed check,39.79,784.82,No
CUST00880,Female,0,Yes,Yes,56,Yes,Fiber optic,Yes,Yes,No,No,Yes,Month-to-month,Yes,Credit card,74.41,4185.52,No
CUST00881,Male,0,Yes,No,37,Yes,DSL,No,Yes,Yes,No,Yes,One year,Yes,Credit card,84.02,2973.82,No
CUST00882,Female,0,No,Yes,31,No,DSL,Yes,No,Yes,Yes,No,Month-to-month,Yes,Mailed check,26.67,750.8,No
CUST00883,Male,0,Yes,Yes,0,Yes,Fiber optic,Yes,No,No,Yes,Yes,Two year,Yes,Credit card,96.93,17.34,Yes
CUST00884,Male,0,No,No,46,Yes,Fiber optic,Yes,Yes,No,No,Yes,Two year,Yes,Bank transfer,100.9,4623.99,No
CUST00885,Female,1,No,Yes,32,Yes,No,No internet service,No internet service,No internet service,No internet service,No internet service,One year,Yes,Electronic check,25.35,860.88,No
CUST00886,Female,0,No,No,2,Yes,Fiber optic,Yes,No,No,Yes,No,Month-to-month,Yes,Bank transfer,63.67,283.8,Yes
CUST00887,Male,1,No,No,14,Yes,Fiber optic,No,Yes,Yes,Yes,Yes,Month-to-month,Yes,Mailed check,64.5,803.44,Yes
CUST00888,Male,0,Yes,No,53,Yes,Fiber optic,Yes,No,No,No,No,Two year,Yes,Credit card,51.78,2929.48,No
CUST00889,Male,0,Yes,Yes,54,Yes,Fiber optic,No,No,No,Yes,Yes,Month-to-month,Yes,Electronic check,55.23,3132.91,Yes
CUST00890,Male,0,No,No,36,Yes,DSL,No,No,No,Yes,No,Month-to-month,No,Electronic check,60.94,2055.77,No
CUST00891,Male,0,Yes,No,55,Yes,Fiber optic,No,No,No,No,Yes,One year,Yes,Electronic check,89.25,4813.25,No
CUST00892,Female,0,Yes,No,53,Yes,DSL,Yes,No,No,No,Yes,Two year,Yes,Electronic check,105.19,5542.76,No
CUST00893,Female,0,Yes,No,44,Yes,Fiber optic,No,No,Yes,No,Yes,Two year,No,Mailed check,87.8,3786.93,No
CUST00894,Female,0,No,No,15,Yes,Fiber optic,No,No,Yes,No,Yes,Month-to-month,Yes,Credit card,51.15,813.81,Yes
CUST00895,Female,0,Yes,No,30,Yes,No,No internet service,No internet service,No internet service,No internet service,No internet service,One year,Yes,Mailed check,93.78,2864.2,No
CUST00896,Female,0,No,Yes,59,Yes,DSL,No,No,Yes,No,Yes,Two year,No,Electronic check,89.1,,Yes
CUST00897,Female,0,Yes,No,22,No,No,No internet service,No internet service,No internet service,No internet service,No internet service,Month-to-month,Yes,Credit card,18.0,425.92,No
CUST00898,Male,0,No,No,48,Yes,Fiber optic,No,Yes,Yes,Yes,Yes,Month-to-month,Yes,Credit card,105.0,5029.29,Yes
CUST00899,Male,0,Yes,No,60,No,Fiber optic,No,Yes,Yes,No,No,One year,No,Credit card,77.34,4672.13,No
CUST00900,Female,0,No,No,38,Yes,Fiber optic,No,Yes,Yes,No,No,Month-to-month,Yes,Electronic check,78.27,3127.29,Yes
CUST00901,Male,0,No,No,37,Yes,No,No internet service,No internet service,No internet service,No internet service,No internet service,Month-to-month,No,Electronic check,30.43,934.96,No
CUST00902,Male,0,Yes,No,13,Yes,Fiber optic,Yes,No,Yes,Yes,Yes,Month-to-month,Yes,Electronic check,114.35,1487.98,Yes
CUST00903,Male,0,Yes,No,36,Yes,DSL,Yes,Yes,Yes,Yes,No,Two year,Yes,Bank transfer,82.42,3004.3,No
CUST00904,Female,0,No,No,3,Yes,Fiber optic,Yes,No,No,Yes,Yes,Month-to-month,Yes,Mailed check,93.38,272.24,Yes
CUST00905,Male,0,No,No,8,Yes,No,No internet service,No internet service,No internet service,No internet service,No internet service,Month-to-month,Yes,Electronic check,40.91,352.31,Yes
CUST00906,Female,0,Yes,Yes,39,Yes,Fiber optic,No,No,No,Yes,Yes,Month-to-month,No,Bank transfer,86.79,3480.71,No
CUST00907,Male,0,Yes,No,15,Yes,No,No internet service,No internet service,No internet service,No internet service,No internet service,Month-to-month,No,Bank transfer,87.29,1268.05,Yes
CUST00908,Male,0,Yes,No,25,Yes,No,No internet service,No internet service,No internet service,No internet service,No internet service,Month-to-month,Yes,Bank transfer,70.11,1929.47,No
CUST00909,Male,0,Yes,No,26,Yes,DSL,No,No,Yes,No,No,Month-to-month,No,Electronic check,41.67,964.63,No
CUST00910,Male,1,Yes,No,34,Yes,No,No internet service,No internet service,No internet service,No internet service,No internet service,Month-to-month,Yes,Credit card,72.46,2513.28,Yes
CUST00911,Female,0,Yes,No,51,Yes,Fiber optic,Yes,Yes,No,Yes,No,Month-to-month,No,Mailed check,50.12,2555.04,No
CUST00912,Male,0,Yes,No,32,Yes,DSL,No,No,No,No,Yes,Month-to-month,Yes,Bank transfer,56.54,1830.07,No
CUST00913,Male,0,No,No,61,Yes,Fiber optic,No,Yes,Yes,Yes,No,Month-to-month,No,Electronic check,103.0,6343.91,Yes
CUST00914,Female,0,No,Yes,35,Yes,No,No internet service,No internet service,No internet service,No internet service,No internet service,Month-to-month,No,Bank transfer,76.17,2616.5,No
CUST00915,Female,0,No,No,72,Yes,Fiber optic,No,No,Yes,No,Yes,Month-to-month,Yes,Credit card,71.98,5270.75,No
CUST00916,Male,0,No,Yes,72,Yes,DSL,Yes,No,Yes,No,No,Month-to-month,No,Bank transfer,44.61,3369.92,No
CUST00917,Female,0,No,No,31,Yes,Fiber optic,Yes,No,No,Yes,Yes,Month-to-month,No,Mailed check,72.85,2235.15,No
CUST00918,Female,0,Yes,No,55,No,Fiber optic,No,Yes,No,Yes,No,Month-to-month,No,Mailed check,70.25,3822.33,Yes
CUST00919,Male,0,No,Yes,33,No,Fiber optic,Yes,No,No,Yes,No,Month-to-month,No,Mailed check,49.46,1733.41,No
CUST00920,Female,0,Yes,Yes,63,Yes,Fiber optic,No,No,No,Yes,Yes,Month-to-month,Yes,Bank transfer,101.13,6449.78,No
CUST00921,Female,1,No,No,55,Yes,Fiber optic,No,Yes,Yes,No,No,Two year,Yes,Bank transfer,99.93,5370.9,Yes
CUST00922,Female,1,No,Yes,24,Yes,Fiber optic,Yes,Yes,Yes,Yes,Yes,Month-to-month,No,Credit card,54.64,1355.57,No
CUST00923,Male,0,No,No,23,Yes,DSL,Yes,Yes,No,No,Yes,One year,Yes,Electronic check,83.9,1991.73,No
CUST00924,Male,0,Yes,No,64,Yes,No,No internet service,No internet service,No internet service,No internet service,No internet service,Month-to-month,Yes,Credit card,27.68,1767.14,No
CUST00925,Male,0,No,Yes,39,Yes,DSL,Yes,No,No,Yes,Yes,Month-to-month,Yes,Mailed check,81.96,3316.48,No
CUST00926,Female,0,Yes,No,50,Yes,Fiber optic,No,No,Yes,Yes,Yes,Month-to-month,Yes,Electronic check,93.53,4548.17,Yes
CUST00927,Female,0,Yes,No,49,No,No,No internet service,No internet service,No internet service,No internet service,No internet service,Month-to-month,No,Mailed check,45.93,2078.55,No
CUST00928,Male,0,Yes,Yes,12,Yes,Fiber optic,Yes,No,Yes,Yes,Yes,One year,No,Mailed check,74.38,977.75,No
CUST00929,Male,1,Yes,No,17,Yes,Fiber optic,No,Yes,No,Yes,Yes,Month-to-month,Yes,Bank transfer,77.19,1247.19,No
CUST00930,Female,1,No,No,65,Yes,DSL,No,No,Yes,No,No,Two year,Yes,Bank transfer,146.23,9502.18,No
CUST00931,Female,0,Yes,No,20,Yes,Fiber optic,Yes,No,No,Yes,No,One year,Yes,Electronic check,138.52,2679.76,Yes
CUST00932,Female,0,Yes,Yes,63,Yes,Fiber optic,Yes,No,No,Yes,No,One year,No,Bank transfer,82.05,5237.33,No
CUST00933,Male,0,No,No,26,No,No,No internet service,No internet service,No internet service,No internet service,No internet service,Month-to-month,No,Electronic check,57.41,1519.92,No
CUST00934,Female,0,No,No,61,Yes,Fiber optic,No,No,Yes,No,No,Month-to-month,Yes,Mailed check,80.11,4876.1,No
CUST00935,Male,0,Yes,No,42,Yes,DSL,Yes,No,Yes,Yes,Yes,One year,Yes,Credit card,102.16,4191.95,No
CUST00936,Female,0,No,No,7,Yes,DSL,Yes,No,Yes,No,Yes,Month-to-month,No,Credit card,32.15,212.23,Yes
CUST00937,Male,0,No,No,19,Yes,No,No internet service,No internet service,No internet service,No internet service,No internet service,One year,Yes,Mailed check,21.71,439.19,No
CUST00938,Male,0,Yes,No,69,Yes,Fiber optic,No,No,Yes,Yes,No,Month-to-month,Yes,Mailed check,45.35,3086.61,Yes
CUST00939,Male,0,No,Yes,15,No,DSL,Yes,No,Yes,No,No,One year,No,Mailed check,93.06,1356.09,Yes
CUST00940,Female,0,No,No,16,Yes,Fiber optic,No,No,No,Yes,Yes,One year,Yes,Mailed check,94.52,1513.15,No
CUST00941,Female,0,Yes,No,10,Yes,DSL,Yes,Yes,No,No,No,Month-to-month,No,Electronic check,85.06,904.5,No
CUST00942,Male,1,No,No,44,Yes,DSL,Yes,Yes,Yes,No,Yes,Two year,No,Credit card,101.77,4511.8,No
CUST00943,Female,0,Yes,No,59,Yes,No,No internet service,No internet service,No internet service,No internet service,No internet service,One year,Yes,Bank transfer,69.46,4192.23,No
CUST00944,Male,0,No,No,68,Yes,Fiber optic,Yes,No,Yes,Yes,Yes,Month-to-month,No,Bank transfer,67.23,4564.46,No
CUST00945,Male,0,Yes,Yes,64,Yes,DSL,Yes,Yes,Yes,Yes,Yes,Month-to-month,No,Credit card,83.63,5433.35,No
CUST00946,Male,0,Yes,No,64,Yes,No,No internet service,No internet service,No internet service,No internet service,No internet service,One year,Yes,Credit card,116.78,7380.65,No
CUST00947,Female,1,No,No,66,Yes,No,No internet service,No internet service,No internet service,No internet service,No internet service,One year,No,Credit card,84.28,5594.34,No
CUST00948,Male,0,No,No,41,Yes,No,No internet service,No internet service,No internet service,No internet service,No internet service,Two year,Yes,Electronic check,71.61,2963.61,Yes
CUST00949,Female,1,Yes,No,59,Yes,Fiber optic,No,No,No,Yes,No,One year,Yes,Credit card,84.07,5148.74,No
CUST00950,Male,0,Yes,Yes,46,No,No,No internet service,No internet service,No internet service,No internet service,No internet service,Month-to-month,No,Electronic check,109.57,4986.61,No
CUST00951,Male,0,Yes,No,10,Yes,DSL,Yes,Yes,No,Yes,No,Month-to-month,No,Bank transfer,65.0,553.92,No
CUST00952,Male,0,No,No,1,Yes,No,No internet service,No internet service,No internet service,No internet service,No internet service,Month-to-month,Yes,Credit card,62.8,1.18,Yes
CUST00953,Female,0,Yes,No,7,Yes,Fiber optic,No,No,Yes,No,No,Month-to-month,Yes,Credit card,62.15,384.48,Yes
CUST00954,Male,0,Yes,No,25,Yes,DSL,Yes,No,Yes,Yes,No,Two year,No,Mailed check,94.38,2392.29,No
CUST00955,Female,0,No,No,36,Yes,DSL,Yes,No,No,Yes,No,One year,No,Credit card,54.52,1861.88,No
CUST00956,Female,0,Yes,Yes,46,Yes,DSL,No,Yes,No,No,No,Two year,Yes,Electronic check,90.02,4168.56,No
CUST00957,Male,0,Yes,No,38,Yes,Fiber optic,No,Yes,Yes,Yes,Yes,One year,No,Credit card,37.22,1417.1,No
CUST00958,Female,1,No,No,26,Yes,No,No internet service,No internet service,No internet service,No internet service,No internet service,One year,No,Bank transfer,67.51,1828.42,No
CUST00959,Female,0,Yes,No,53,Yes,DSL,Yes,Yes,No,Yes,Yes,One year,No,Credit card,72.54,3894.16,No
CUST00960,Male,0,No,Yes,62,Yes,No,No internet service,No internet service,No internet service,No internet service,No internet service,One year,Yes,Credit card,118.7,7425.66,No
CUST00961,Male,0,No,No,16,Yes,Fiber optic,No,No,Yes,Yes,Yes,Month-to-month,No,Credit card,98.26,1611.45,No
CUST00962,Male,0,Yes,No,19,Yes,DSL,Yes,No,Yes,Yes,No,Two year,Yes,Credit card,65.1,1330.32,No
CUST00963,Female,1,No,No,67,Yes,Fiber optic,No,Yes,Yes,Yes,No,Month-to-month,No,Mailed check,61.04,3970.43,No
CUST00964,Male,0,No,No,70,Yes,DSL,Yes,Yes,Yes,No,Yes,Two year,Yes,Credit card,57.14,3883.35,No
CUST00965,Female,0,No,No,22,Yes,DSL,No,Yes,No,Yes,No,One year,No,Credit card,45.94,1009.03,No
CUST00966,Female,0,No,No,37,Yes,Fiber optic,No,Yes,No,No,Yes,Month-to-month,No,Electronic check,114.39,4239.18,Yes
CUST00967,Female,0,Yes,No,42,Yes,No,No internet service,No internet service,No internet service,No internet service,No internet service,Month-to-month,No,Mailed check,55.1,2232.28,Yes
CUST00968,Male,0,Yes,No,46,Yes,DSL,No,No,No,No,No,Month-to-month,Yes,Credit card,117.02,5427.74,No
CUST00969,Female,0,No,No,63,No,Fiber optic,No,No,Yes,No,No,One year,No,Bank transfer,76.48,4713.89,No
CUST00970,Male,1,Yes,Yes,7,Yes,Fiber optic,Yes,Yes,No,No,No,Month-to-month,Yes,Electronic check,71.94,482.14,Yes
CUST00971,Male,1,Yes,No,38,Yes,Fiber optic,No,Yes,Yes,Yes,Yes,Month-to-month,Yes,Bank transfer,76.44,2903.28,No
CUST00972,Male,0,No,No,15,Yes,No,No internet service,No internet service,No internet service,No internet service,No internet service,Month-to-month,No,Mailed check,104.25,1609.52,Yes
CUST00973,Male,0,Yes,Yes,55,Yes,Fiber optic,Yes,Yes,Yes,Yes,Yes,Month-to-month,No,Electronic check,52.64,2854.88,No
CUST00974,Male,0,No,No,43,Yes,No,No internet service,No internet service,No internet service,No internet service,No internet service,Two year,No,Electronic check,86.7,3825.35,No
CUST00975,Male,0,No,Yes,54,Yes,Fiber optic,Yes,Yes,Yes,Yes,Yes,One year,Yes,Electronic check,73.03,4078.04,No
CUST00976,Male,0,No,No,66,Yes,DSL,No,Yes,Yes,No,Yes,Month-to-month,Yes,Mailed check,84.08,5672.32,No
CUST00977,Male,1,Yes,No,57,Yes,Fiber optic,No,Yes,No,No,Yes,Two year,Yes,Credit card,68.89,4071.36,No
CUST00978,Female,0,Yes,Yes,62,Yes,DSL,No,No,No,Yes,No,Month-to-month,Yes,Electronic check,64.98,4114.05,No
CUST00979,Male,0,No,Yes,59,No,Fiber optic,No,No,Yes,No,Yes,Two year,No,Electronic check,87.13,5189.88,No
CUST00980,Female,0,Yes,Yes,45,Yes,DSL,No,Yes,No,Yes,No,Two year,No,Credit card,39.49,1717.11,No
CUST00981,Female,0,No,Yes,28,Yes,DSL,Yes,Yes,No,No,No,One year,Yes,Mailed check,108.85,3002.67,Yes
CUST00982,Female,0,No,Yes,24,Yes,No,No internet service,No internet service,No internet service,No internet service,No internet service,Month-to-month,Yes,Credit card,76.7,1916.7,Yes
CUST00983,Female,0,Yes,No,26,Yes,No,No internet service,No internet service,No internet service,No internet service,No internet service,Two year,Yes,Mailed check,60.26,1424.29,No
CUST00984,Female,0,Yes,No,44,Yes,Fiber optic,No,Yes,Yes,No,Yes,Month-to-month,Yes,Electronic check,83.21,3767.13,No
CUST00985,Female,0,No,No,58,Yes,Fiber optic,No,Yes,No,Yes,No,Month-to-month,No,Credit card,56.64,3236.62,No
CUST00986,Female,0,Yes,Yes,26,No,No,No internet service,No internet service,No internet service,No internet service,No internet service,Month-to-month,Yes,Electronic check,75.97,1932.49,No
CUST00987,Female,0,No,Yes,42,No,DSL,No,No,No,Yes,Yes,Month-to-month,Yes,Bank transfer,76.13,3259.53,No
CUST00988,Male,0,No,Yes,30,No,Fiber optic,Yes,No,No,Yes,Yes,Month-to-month,Yes,Electronic check,105.45,3185.93,Yes
CUST00989,Male,0,Yes,Yes,44,Yes,DSL,Yes,Yes,No,Yes,No,Two year,No,Credit card,80.97,3529.12,No
CUST00990,Female,0,No,No,59,Yes,No,No internet service,No internet service,No internet service,No internet service,No internet service,Month-to-month,Yes,Bank transfer,46.01,2641.74,No
CUST00991,Male,1,Yes,Yes,30,Yes,DSL,,No,Yes,No,Yes,Month-to-month,Yes,Electronic check,88.53,2535.8,No
CUST00992,Female,0,Yes,No,28,Yes,No,No internet service,No internet service,No internet service,No internet service,No internet service,Month-to-month,No,Credit card,92.03,2403.79,Yes
CUST00993,Male,0,No,No,14,Yes,DSL,Yes,No,No,No,No,Month-to-month,Yes,Mailed check,33.69,588.71,No
CUST00994,Male,0,No,Yes,36,Yes,Fiber optic,No,Yes,No,No,Yes,Two year,Yes,Bank transfer,44.3,1577.47,No
CUST00995,Female,0,No,Yes,33,Yes,No,No internet service,No internet service,No internet service,No internet service,No internet service,Two year,No,Electronic check,124.25,4029.15,No
CUST00996,Female,0,No,No,11,Yes,DSL,Yes,Yes,Yes,Yes,No,One year,Yes,Mailed check,65.71,782.93,No
CUST00997,Female,0,No,No,70,Yes,No,No internet service,No internet service,No internet service,No internet service,No internet service,One year,No,Mailed check,66.29,4577.96,No
CUST00998,Male,0,Yes,Yes,62,No,DSL,Yes,No,No,Yes,No,Two year,Yes,Credit card,73.13,4473.28,No
CUST00999,Female,0,Yes,No,21,Yes,Fiber optic,No,Yes,No,No,Yes,Month-to-month,Yes,Electronic check,57.98,1312.75,No
CUST01000,Female,0,Yes,No,68,Yes,Fiber optic,Yes,No,No,Yes,No,Month-to-month,Yes,Bank transfer,29.69,2078.24,No
CUST01001,Female,0,Yes,No,19,Yes,DSL,Yes,Yes,Yes,Yes,Yes,Month-to-month,Yes,Mailed check,45.94,887.51,Yes
CUST01002,Female,1,Yes,No,30,Yes,Fiber optic,Yes,Yes,No,Yes,Yes,Month-to-month,Yes,Credit card,58.03,1696.56,Yes
CUST01003,Female,0,No,No,9,No,Fiber optic,No,No,No,No,Yes,Two year,Yes,Bank transfer,61.43,571.56,Yes
CUST01004,Female,0,Yes,No,44,Yes,Fiber optic,Yes,Yes,Yes,Yes,Yes,Two year,Yes,Mailed check,54.76,2455.88,No
CUST01005,Male,0,No,No,35,Yes,Fiber optic,No,Yes,Yes,No,No,Month-to-month,Yes,Credit card,36.7,1305.14,No
CUST01006,Female,0,No,No,19,Yes,Fiber optic,No,No,No,No,No,Month-to-month,Yes,Bank transfer,60.16,1240.19,No
CUST01007,Female,0,No,No,21,Yes,DSL,No,Yes,No,Yes,No,One year,Yes,Bank transfer,101.88,2059.37,No
CUST01008,Female,0,Yes,No,68,Yes,DSL,No,Yes,Yes,Yes,No,Two year,Yes,Mailed check,57.2,3868.95,No
CUST01009,Female,0,No,Yes,50,Yes,No,No internet service,No internet service,No internet service,No internet service,No internet service,Two year,No,Electronic check,69.44,3516.55,No
CUST01010,Female,0,No,No,11,Yes,Fiber optic,Yes,No,No,Yes,Yes,One year,No,Electronic check,110.1,1165.29,Yes
CUST01011,Male,0,Yes,No,9,Yes,DSL,No,No,No,Yes,No,One year,Yes,Bank transfer,56.82,587.61,No
CUST01012,Female,0,Yes,No,5,Yes,DSL,No,No,No,No,Yes,Month-to-month,Yes,Bank transfer,150.0,857.42,No
CUST01013,Male,0,Yes,Yes,18,Yes,Fiber optic,No,Yes,Yes,Yes,No,Month-to-month,Yes,Electronic check,96.3,1738.15,Yes
CUST01014,Male,0,No,No,53,Yes,Fiber optic,No,No,No,Yes,Yes,Month-to-month,Yes,Mailed check,75.93,4054.92,Yes
CUST01015,Female,0,No,Yes,4,Yes,DSL,Yes,No,No,Yes,Yes,One year,Yes,Electronic check,67.8,254.5,No
CUST01016,Female,1,No,No,18,Yes,No,No internet service,No internet service,No internet service,No internet service,No internet service,Two year,No,Bank transfer,107.55,1912.49,No
CUST01017,Male,0,No,No,3,Yes,No,No internet service,No internet service,No internet service,No internet service,No internet service,Two year,No,Credit card,56.67,272.68,No
CUST01018,Male,0,Yes,No,47,Yes,No,No internet service,No internet service,No internet service,No internet service,No internet service,Month-to-month,Yes,Bank transfer,63.18,2902.57,No
CUST01019,Male,0,Yes,No,59,Yes,Fiber optic,No,No,No,No,Yes,Month-to-month,Yes,Electronic check,114.18,6802.76,No
CUST01020,Male,0,No,Yes,38,Yes,Fiber optic,No,Yes,No,Yes,No,Month-to-month,Yes,Mailed check,64.61,2415.75,No
CUST01021,Male,1,No,Yes,66,Yes,DSL,Yes,No,Yes,Yes,Yes,Month-to-month,No,Credit card,62.33,4046.14,No
CUST01022,Male,0,No,No,50,Yes,Fiber optic,Yes,No,Yes,Yes,Yes,Two year,No,Electronic check,57.44,2952.64,No
CUST01023,Female,0,Yes,Yes,55,Yes,Fiber optic,Yes,No,No,No,No,Two year,Yes,Mailed check,25.69,1468.66,No
CUST01024,Female,0,Yes,No,22,Yes,DSL,Yes,Yes,Yes,No,No,Two year,Yes,Credit card,99.37,2133.87,No
CUST01025,Female,1,Yes,No,63,Yes,Fiber optic,Yes,Yes,Yes,No,Yes,Month-to-month,No,Bank transfer,72.93,4581.13,No
CUST01026,Male,0,Yes,Yes,46,Yes,Fiber optic,Yes,Yes,No,No,No,One year,Yes,Electronic check,100.74,4624.08,Yes
CUST01027,Male,0,Yes,No,6,Yes,Fiber optic,No,Yes,No,Yes,No,Two year,No,Electronic check,69.78,437.49,No
CUST01028,Male,0,No,No,6,Yes,DSL,Yes,No,No,No,Yes,One year,Yes,Electronic check,63.45,341.55,No
CUST01029,Female,0,No,No,65,Yes,No,No internet service,No internet service,No internet service,No internet service,No internet service,Month-to-month,Yes,Bank transfer,57.41,3870.57,No
CUST01030,Male,0,Yes,No,20,No,Fiber optic,No,Yes,No,Yes,No,Month-to-month,Yes,Mailed check,91.1,1733.31,Yes
CUST01031,Male,0,Yes,No,34,Yes,Fiber optic,No,Yes,Yes,Yes,Yes,Month-to-month,No,Electronic check,53.89,1710.98,Yes
CUST01032,Male,0,Yes,No,55,Yes,No,No internet service,No internet service,No internet service,No internet service,No internet service,Month-to-month,Yes,Electronic check,83.61,4589.18,No
CUST01033,Female,0,Yes,Yes,56,Yes,DSL,No,No,No,No,Yes,Month-to-month,Yes,Electronic check,74.95,4038.2,Yes
CUST01034,Male,0,No,Yes,1,Yes,No,No internet service,No internet service,No internet service,No internet service,No internet service,One year,Yes,Mailed check,47.93,0.0,Yes
CUST01035,Male,0,Yes,No,44,No,No,No internet service,No internet service,No internet service,No internet service,No internet service,Month-to-month,No,Electronic check,62.79,2712.13,Yes
CUST01036,Female,0,No,Yes,66,Yes,No,No internet service,No internet service,No internet service,No internet service,No internet service,Month-to-month,Yes,Credit card,74.25,4901.71,Yes
CUST01037,Female,0,Yes,No,25,Yes,Fiber optic,Yes,Yes,Yes,Yes,Yes,Month-to-month,No,Credit card,66.24,1640.21,No
CUST01038,Male,0,Yes,No,39,Yes,DSL,Yes,No,Yes,No,Yes,Two year,No,Credit card,121.38,4752.7,No
CUST01039,Male,1,No,No,19,Yes,DSL,Yes,Yes,Yes,Yes,Yes,Month-to-month,Yes,Bank transfer,79.88,1455.32,Yes
CUST01040,Female,0,Yes,No,52,Yes,No,No internet service,No internet service,No internet service,No internet service,No internet service,Month-to-month,No,Mailed check,69.1,3562.93,No
CUST01041,Female,0,Yes,Yes,8,Yes,DSL,Yes,No,No,No,No,One year,Yes,Electronic check,64.92,565.66,No
CUST01042,Female,0,No,Yes,37,Yes,DSL,Yes,Yes,Yes,No,No,Month-to-month,No,Electronic check,68.27,2344.44,Yes
CUST01043,Male,0,Yes,No,30,Yes,No,No internet service,No internet service,No internet service,No internet service,No internet service,Month-to-month,Yes,Bank transfer,58.8,1797.66,Yes
CUST01044,Male,0,Yes,No,46,Yes,Fiber optic,Yes,Yes,No,No,No,Two year,No,Credit card,53.42,2285.75,No
CUST01045,Female,0,Yes,No,36,Yes,DSL,No,No,Yes,Yes,Yes,Month-to-month,No,Bank transfer,88.97,3203.77,No
CUST01046,Male,0,Yes,Yes,71,Yes,Fiber optic,No,No,No,No,No,Month-to-month,Yes,Credit card,112.5,8029.09,Yes
CUST01047,Male,0,No,No,71,Yes,DSL,Yes,Yes,No,Yes,No,One year,Yes,Credit card,62.73,4478.45,No
CUST01048,Female,0,Yes,No,20,Yes,Fiber optic,Yes,Yes,Yes,No,No,Month-to-month,Yes,Electronic check,84.73,1644.98,No
CUST01049,Female,0,No,No,2,Yes,DSL,Yes,No,No,Yes,Yes,Month-to-month,Yes,Credit card,57.39,135.33,No
CUST01050,Male,1,No,Yes,35,No,Fiber optic,No,No,No,No,No,Month-to-month,No,Bank transfer,76.59,2605.26,No
CUST01051,Female,0,Yes,No,43,Yes,DSL,No,Yes,Yes,No,No,Month-to-month,No,Credit card,41.29,1886.03,No
CUST01052,Male,0,Yes,No,54,Yes,Fiber optic,Yes,No,No,No,No,Month-to-month,Yes,Credit card,52.66,2910.14,Yes
CUST01053,Female,1,Yes,No,38,Yes,Fiber optic,No,Yes,No,Yes,No,Month-to-month,Yes,Electronic check,51.77,1891.34,Yes
CUST01054,Female,0,Yes,Yes,42,No,DSL,No,No,Yes,No,Yes,Month-to-month,No,Credit card,70.37,3065.69,Yes
CUST01055,Male,0,Yes,No,1,Yes,No,No internet service,No internet service,No internet service,No internet service,No internet service,Two year,Yes,Bank transfer,44.75,60.32,No
CUST01056,Female,0,No,No,55,Yes,No,No internet service,No internet service,No internet service,No internet service,No internet service,One year,No,Mailed check,18.0,899.63,No
CUST01057,Male,0,Yes,No,24,Yes,Fiber optic,Yes,No,No,Yes,No,Two year,Yes,Credit card,39.75,1047.41,No
CUST01058,Female,0,No,No,28,Yes,No,No internet service,No internet service,No internet service,No internet service,No internet service,Month-to-month,No,Bank transfer,69.64,2081.41,No
CUST01059,Male,0,No,Yes,30,Yes,DSL,No,No,No,Yes,No,Month-to-month,No,Bank transfer,54.19,1605.24,No
CUST01060,Male,0,No,No,5,Yes,Fiber optic,,No,No,No,No,Month-to-month,Yes,Bank transfer,59.52,326.88,No
CUST01061,Female,1,Yes,No,36,Yes,No,No internet service,No internet service,No internet service,No internet service,No internet service,Month-to-month,Yes,Bank transfer,80.61,2900.91,No
CUST01062,Female,1,Yes,No,27,Yes,Fiber optic,No,No,No,Yes,No,Month-to-month,Yes,Bank transfer,53.47,1490.04,Yes
CUST01063,Male,0,No,No,17,Yes,DSL,No,Yes,Yes,No,No,Month-to-month,Yes,Mailed check,72.0,1287.59,No
CUST01064,Female,0,Yes,No,17,Yes,No,No internet service,No internet service,No internet service,No internet service,No internet service,One year,No,Credit card,127.42,2245.02,No
CUST01065,Female,0,No,Yes,2,Yes,DSL,Yes,Yes,No,Yes,Yes,Month-to-month,No,Bank transfer,64.47,0.0,No
CUST01066,Male,1,No,No,64,Yes,DSL,No,No,Yes,No,Yes,Month-to-month,Yes,Mailed check,68.86,4365.58,Yes
CUST01067,Female,0,No,No,21,Yes,Fiber optic,Yes,Yes,Yes,No,Yes,One year,Yes,Bank transfer,83.51,1830.94,No
CUST01068,Female,1,Yes,Yes,63,Yes,DSL,No,Yes,No,Yes,No,Month-to-month,Yes,Electronic check,53.56,3318.43,No
CUST01069,Male,0,Yes,No,61,Yes,DSL,No,No,Yes,Yes,No,Two year,Yes,Electronic check,59.21,3639.59,No
CUST01070,Male,0,No,Yes,33,Yes,Fiber optic,No,Yes,No,Yes,Yes,Two year,Yes,Bank transfer,71.61,2289.82,No
CUST01071,Female,0,No,No,58,Yes,Fiber optic,Yes,No,No,No,No,Month-to-month,Yes,Mailed check,78.85,4627.53,No
CUST01072,Male,0,No,No,15,Yes,Fiber optic,No,No,Yes,No,No,Month-to-month,Yes,Credit card,50.74,764.1,No
CUST01073,Female,0,No,No,13,Yes,Fiber optic,Yes,Yes,No,Yes,No,Two year,No,Mailed check,87.95,1191.67,No
CUST01074,Female,1,No,No,65,Yes,Fiber optic,No,Yes,No,Yes,Yes,Two year,Yes,Credit card,112.67,7355.15,No
CUST01075,Male,0,No,Yes,47,Yes,Fiber optic,Yes,No,No,No,No,Two year,Yes,Bank transfer,26.17,1117.57,No
CUST01076,Male,0,No,No,50,Yes,DSL,Yes,No,No,Yes,Yes,Month-to-month,Yes,Electronic check,83.79,4357.09,Yes
CUST01077,Female,0,Yes,No,67,Yes,DSL,No,No,Yes,No,No,One year,No,Mailed check,71.72,4700.61,No
CUST01078,Male,0,Yes,Yes,1,Yes,No,No internet service,No internet service,No internet service,No internet service,No internet service,Month-to-month,No,Credit card,66.57,265.4,No
CUST01079,Male,0,No,Yes,12,Yes,Fiber optic,Yes,No,No,Yes,Yes,Month-to-month,No,Credit card,82.16,813.1,Yes
CUST01080,Female,1,No,No,70,Yes,DSL,No,No,Yes,No,Yes,Month-to-month,Yes,Electronic check,108.48,7599.05,No
CUST01081,Female,1,Yes,No,9,Yes,No,No internet service,No internet service,No internet service,No internet service,No internet service,One year,Yes,Electronic check,80.43,611.26,No
CUST01082,Female,0,No,Yes,32,Yes,Fiber optic,No,Yes,Yes,Yes,Yes,Month-to-month,No,Credit card,97.98,3264.62,No
CUST01083,Female,0,Yes,Yes,1,Yes,Fiber optic,Yes,No,No,Yes,No,Two year,No,Mailed check,73.03,0.0,No
CUST01084,Female,0,Yes,No,23,Yes,DSL,Yes,No,Yes,Yes,Yes,Month-to-month,No,Bank transfer,83.13,1824.39,No
CUST01085,Male,1,No,No,12,Yes,Fiber optic,No,No,Yes,Yes,Yes,Two year,No,Mailed check,60.4,727.53,No
CUST01086,Female,0,Yes,No,18,Yes,DSL,Yes,Yes,Yes,No,Yes,Month-to-month,Yes,Electronic check,74.95,1463.52,Yes
CUST01087,Female,0,No,No,59,No,Fiber optic,No,Yes,No,No,Yes,Two year,Yes,Bank transfer,67.2,4063.43,No
CUST01088,Female,1,No,No,20,Yes,Fiber optic,No,Yes,No,Yes,Yes,One year,No,Electronic check,76.67,1515.58,Yes
CUST01089,Female,1,No,Yes,59,Yes,Fiber optic,No,No,No,Yes,Yes,Month-to-month,No,Credit card,32.62,1898.94,Yes
CUST01090,Male,0,Yes,No,65,Yes,DSL,No,No,Yes,Yes,Yes,Two year,Yes,Mailed check,46.12,3039.52,No
CUST01091,Female,0,No,No,39,Yes,DSL,Yes,No,Yes,Yes,No,One year,No,Credit card,103.7,,No
CUST01092,Male,0,Yes,No,39,Yes,No,No internet service,No internet service,No internet service,No internet service,No internet service,Month-to-month,No,Electronic check,108.85,4251.6,No
CUST01093,Female,0,No,No,24,Yes,No,No internet service,No internet service,No internet service,No internet service,No internet service,Month-to-month,Yes,Electronic check,30.71,725.7,Yes
CUST01094,Male,0,Yes,No,48,Yes,DSL,No,No,No,No,Yes,Two year,Yes,Electronic check,59.82,2920.2,No
CUST01095,Male,0,No,No,58,Yes,Fiber optic,No,No,Yes,Yes,No,Two year,Yes,Electronic check,55.3,3243.47,No
CUST01096,Male,0,No,Yes,63,No,Fiber optic,No,Yes,No,No,No,One year,Yes,Credit card,80.33,5182.5,Yes
CUST01097,Female,0,Yes,Yes,14,Yes,No,No internet service,No internet service,No internet service,No internet service,No internet service,Month-to-month,No,Electronic check,71.91,955.79,Yes
CUST01098,Female,0,Yes,No,50,Yes,No,No internet service,No internet service,No internet service,No internet service,No internet service,Month-to-month,No,Electronic check,91.01,4498.81,Yes
CUST01099,Male,0,Yes,No,10,Yes,Fiber optic,Yes,Yes,No,No,No,Month-to-month,Yes,Electronic check,40.22,394.78,Yes
CUST01100,Male,1,No,Yes,35,No,DSL,Yes,No,No,No,No,One year,No,Credit card,82.75,2880.07,No
CUST01101,Male,0,No,No,6,Yes,Fiber optic,Yes,No,No,No,Yes,Month-to-month,Yes,Credit card,65.65,462.93,Yes
CUST01102,Male,1,No,No,40,No,No,No internet service,No internet service,No internet service,No internet service,No internet service,Month-to-month,Yes,Mailed check,55.57,2138.41,No
CUST01103,Female,0,No,No,62,Yes,Fiber optic,Yes,Yes,Yes,Yes,No,Two year,No,Mailed check,85.04,5374.08,No
CUST01104,Male,0,Yes,No,59,Yes,Fiber optic,No,Yes,No,Yes,Yes,Two year,No,Bank transfer,67.82,3978.62,No
CUST01105,Male,1,No,Yes,52,Yes,DSL,Yes,No,Yes,Yes,Yes,Month-to-month,Yes,Mailed check,71.48,3811.47,No
CUST01106,Male,0,Yes,No,42,Yes,DSL,No,Yes,No,Yes,No,Month-to-month,No,Bank transfer,107.41,4713.72,Yes
CUST01107,Male,0,No,No,45,Yes,No,No internet service,No internet service,No internet service,No internet service,No internet service,Month-to-month,No,Mailed check,75.77,3491.77,No
CUST01108,Female,0,Yes,No,7,Yes,DSL,Yes,No,Yes,No,No,Month-to-month,No,Mailed check,122.62,908.33,No
CUST01109,Female,0,No,No,53,Yes,Fiber optic,No,No,No,Yes,Yes,Month-to-month,No,Credit card,18.0,1043.25,Yes
CUST01110,Male,0,Yes,Yes,49,Yes,DSL,Yes,Yes,Yes,Yes,Yes,Month-to-month,No,Mailed check,73.76,3590.7,No
CUST01111,Female,0,Yes,Yes,10,Yes,DSL,Yes,Yes,No,No,Yes,Month-to-month,Yes,Credit card,46.21,483.14,No
CUST01112,Male,0,Yes,Yes,46,Yes,Fiber optic,No,No,Yes,Yes,No,Two year,Yes,Credit card,50.8,2283.02,Yes
CUST01113,Male,0,No,No,28,Yes,DSL,Yes,Yes,No,No,Yes,Month-to-month,Yes,Mailed check,57.61,1564.39,No
CUST01114,Male,0,No,No,37,Yes,Fiber optic,No,No,Yes,Yes,No,One year,Yes,Electronic check,97.06,3615.89,No
CUST01115,Male,0,Yes,No,59,Yes,DSL,Yes,No,Yes,No,Yes,Month-to-month,No,Electronic check,63.83,3773.63,No
CUST01116,Male,0,Yes,No,23,Yes,Fiber optic,No,No,No,No,Yes,One year,Yes,Mailed check,45.46,1080.09,No
CUST01117,Female,0,Yes,Yes,66,Yes,No,No internet service,No internet service,No internet service,No internet service,No internet service,One year,Yes,Credit card,90.49,5983.08,No
CUST01118,Female,0,No,No,30,Yes,Fiber optic,Yes,No,Yes,Yes,Yes,Two year,No,Credit card,44.44,1310.61,No
CUST01119,Female,0,No,No,37,Yes,DSL,Yes,Yes,Yes,Yes,No,Month-to-month,Yes,Mailed check,115.8,4358.5,Yes
CUST01120,Male,0,No,Yes,2,Yes,No,No internet service,No internet service,No internet service,No internet service,No internet service,One year,Yes,Mailed check,41.72,34.04,No
CUST01121,Male,0,No,No,8,Yes,DSL,Yes,Yes,Yes,No,Yes,Two year,No,Bank transfer,66.82,554.65,No
CUST01122,Male,0,Yes,No,20,Yes,DSL,No,Yes,No,Yes,No,Month-to-month,No,Electronic check,122.11,2534.01,No
CUST01123,Male,0,Yes,No,71,No,No,No internet service,No internet service,No internet service,No internet service,No internet service,Month-to-month,Yes,Mailed check,65.88,4734.24,No
CUST01124,Male,1,No,Yes,18,Yes,DSL,No,No,Yes,Yes,Yes,Month-to-month,Yes,Electronic check,84.59,1520.31,Yes
CUST01125,Female,1,No,No,28,Yes,Fiber optic,No,No,No,Yes,Yes,Two year,Yes,Bank transfer,71.26,1851.6,No
CUST01126,Female,0,Yes,No,62,Yes,DSL,No,No,No,Yes,No,Month-to-month,Yes,Bank transfer,73.97,4558.93,No
CUST01127,Female,0,No,No,23,No,Fiber optic,Yes,No,No,Yes,Yes,Month-to-month,Yes,Credit card,53.54,1401.38,Yes
CUST01128,Female,0,Yes,Yes,59,Yes,Fiber optic,Yes,No,Yes,No,Yes,Two year,Yes,Credit card,85.33,5014.62,No
CUST01129,Female,1,Yes,Yes,8,Yes,Fiber optic,No,No,No,Yes,No,Month-to-month,No,Electronic check,107.18,857.03,Yes
CUST01130,Female,0,Yes,No,9,Yes,Fiber optic,No,No,Yes,No,Yes,Month-to-month,No,Electronic check,25.45,242.62,Yes
CUST01131,Male,0,No,No,0,Yes,DSL,No,No,Yes,No,No,One year,Yes,Mailed check,50.89,34.19,No
CUST01132,Female,0,No,Yes,9,Yes,DSL,No,No,Yes,No,No,Month-to-month,Yes,Bank transfer,60.18,489.2,No
CUST01133,Female,0,No,No,44,Yes,No,No internet service,No internet service,No internet service,No internet service,No internet service,Month-to-month,Yes,Bank transfer,51.82,2340.72,Yes
CUST01134,Female,1,No,Yes,6,No,No,No internet service,No internet service,No internet service,No internet service,No internet service,Month-to-month,No,Electronic check,90.07,573.12,No
CUST01135,Female,1,No,No,44,Yes,Fiber optic,No,Yes,No,No,Yes,One year,No,Bank transfer,58.85,2451.6,No
CUST01136,Male,0,Yes,No,43,Yes,Fiber optic,Yes,No,Yes,Yes,No,One year,No,Credit card,76.02,3065.32,No
CUST01137,Female,0,No,No,17,Yes,Fiber optic,No,Yes,Yes,No,Yes,Month-to-month,Yes,Electronic check,111.28,1848.81,No
CUST01138,Male,0,Yes,No,2,Yes,Fiber optic,No,No,No,Yes,Yes,Month-to-month,No,Credit card,29.13,0.0,Yes
CUST01139,Female,0,No,No,11,Yes,Fiber optic,No,No,No,Yes,Yes,Two year,No,Electronic check,81.92,925.87,No
CUST01140,Female,1,Yes,No,10,Yes,DSL,No,No,No,Yes,Yes,Month-to-month,Yes,Mailed check,70.93,679.35,Yes
CUST01141,Female,0,Yes,Yes,38,Yes,Fiber optic,No,No,Yes,No,Yes,Two year,Yes,Electronic check,71.01,2735.99,No
CUST01142,Male,0,No,No,67,Yes,DSL,Yes,No,No,Yes,Yes,Two year,Yes,Electronic check,51.37,3480.45,No
CUST01143,Female,0,Yes,No,31,No,Fiber optic,No,Yes,Yes,Yes,No,Month-to-month,Yes,Mailed check,64.49,1918.73,Yes
CUST01144,Female,0,Yes,No,46,Yes,Fiber optic,Yes,Yes,Yes,Yes,No,One year,Yes,Bank transfer,73.8,3365.66,No
CUST01145,Male,0,No,No,22,Yes,Fiber optic,Yes,Yes,No,No,Yes,Two year,Yes,Mailed check,69.4,1482.54,No
CUST01146,Male,0,No,Yes,6,Yes,Fiber optic,Yes,No,No,No,No,One year,No,Bank transfer,91.43,623.22,No
CUST01147,Female,1,Yes,Yes,15,Yes,No,No internet service,No internet service,No internet service,No internet service,No internet service,Two year,Yes,Bank transfer,46.65,685.7,No
CUST01148,Female,0,Yes,No,34,Yes,No,No internet service,No internet service,No internet service,No internet service,No internet service,Month-to-month,Yes,Bank transfer,39.08,1428.8,Yes
CUST01149,Female,0,Yes,No,62,Yes,No,No internet service,No internet service,No internet service,No internet service,No internet service,Two year,No,Bank transfer,23.85,1583.23,No
CUST01150,Female,0,No,Yes,18,No,No,No internet service,No internet service,No internet service,No internet service,No internet service,Month-to-month,Yes,Mailed check,77.53,1384.7,Yes
CUST01151,Male,0,No,Yes,71,Yes,Fiber optic,Yes,No,No,No,No,One year,Yes,Credit card,92.91,6549.22,No
CUST01152,Female,0,Yes,Yes,46,Yes,Fiber optic,Yes,No,No,Yes,No,Two year,No,Electronic check,44.67,1984.77,No
CUST01153,Male,0,No,No,25,No,Fiber optic,Yes,Yes,No,No,No,Month-to-month,Yes,Credit card,42.44,1117.8,No
CUST01154,Female,0,No,Yes,45,Yes,No,No internet service,No internet service,No internet service,No internet service,No internet service,One year,Yes,Electronic check,121.21,5446.42,No
CUST01155,Male,0,No,No,50,Yes,Fiber optic,Yes,No,No,No,Yes,One year,Yes,Bank transfer,105.93,5238.19,No
CUST01156,Female,0,Yes,No,50,Yes,Fiber optic,Yes,Yes,No,No,Yes,Two year,Yes,Credit card,107.34,5438.77,Yes
CUST01157,Male,0,No,No,63,Yes,No,No internet service,No internet service,No internet service,No internet service,No internet service,Month-to-month,Yes,Credit card,82.73,5285.22,No
CUST01158,Female,1,No,No,48,Yes,Fiber optic,Yes,No,Yes,No,Yes,One year,No,Bank transfer,91.63,4322.36,No
CUST01159,Male,1,Yes,Yes,1,Yes,DSL,No,Yes,Yes,Yes,Yes,Month-to-month,No,Credit card,66.82,95.74,No
CUST01160,Male,0,Yes,No,27,Yes,Fiber optic,No,No,No,Yes,Yes,Month-to-month,Yes,Mailed check,38.41,1084.17,Yes
CUST01161,Female,0,Yes,No,66,Yes,Fiber optic,Yes,Yes,No,No,Yes,Month-to-month,Yes,Mailed check,39.67,2754.35,Yes
CUST01162,Male,0,Yes,No,15,Yes,Fiber optic,No,No,No,Yes,No,Month-to-month,Yes,Credit card,74.08,1098.0,Yes
CUST01163,Female,1,No,No,36,Yes,No,No internet service,No internet service,No internet service,No internet service,No internet service,Month-to-month,No,Bank transfer,97.13,3496.7,No
CUST01164,Female,0,No,No,36,Yes,Fiber optic,No,No,No,Yes,No,Month-to-month,No,Credit card,69.81,2566.04,Yes
CUST01165,Female,0,Yes,Yes,40,Yes,No,No internet service,No internet service,No internet service,No internet service,No internet service,Month-to-month,Yes,Bank transfer,89.23,3670.71,No
CUST01166,Male,0,No,No,63,Yes,Fiber optic,No,No,No,No,Yes,Month-to-month,No,Credit card,71.76,4552.93,No
CUST01167,Male,1,Yes,No,39,Yes,DSL,Yes,Yes,No,No,No,Two year,Yes,Electronic check,81.61,3200.83,No
CUST01168,Male,0,No,No,0,Yes,Fiber optic,Yes,Yes,Yes,Yes,Yes,Month-to-month,No,Bank transfer,93.27,0.0,No
CUST01169,Female,0,Yes,Yes,17,Yes,Fiber optic,Yes,No,Yes,No,No,Month-to-month,Yes,Electronic check,107.27,1797.7,Yes
CUST01170,Female,0,No,Yes,46,No,No,No internet service,No internet service,No internet service,No internet service,No internet service,Two year,Yes,Bank transfer,81.13,3720.06,No
CUST01171,Female,0,No,Yes,57,Yes,Fiber optic,No,Yes,Yes,No,No,Two year,No,Mailed check,122.48,7037.46,No
CUST01172,Female,1,No,No,47,Yes,Fiber optic,No,Yes,Yes,Yes,No,One year,No,Bank transfer,68.17,3239.89,Yes
CUST01173,Male,0,No,No,53,Yes,Fiber optic,Yes,Yes,Yes,No,Yes,Month-to-month,No,Credit card,107.09,5620.63,Yes
CUST01174,Male,0,Yes,No,17,Yes,No,No internet service,No internet service,No internet service,No internet service,No internet service,Month-to-month,Yes,Electronic check,88.56,1573.5,Yes
CUST01175,Male,0,No,Yes,6,Yes,DSL,No,No,Yes,No,No,Month-to-month,Yes,Bank transfer,28.24,155.91,No
CUST01176,Male,0,No,Yes,69,Yes,DSL,Yes,Yes,No,No,No,Two year,No,Bank transfer,109.34,7532.07,No
CUST01177,Male,0,Yes,Yes,41,Yes,Fiber optic,Yes,Yes,No,No,Yes,Month-to-month,No,Mailed check,51.05,2154.49,No
CUST01178,Male,0,No,Yes,53,Yes,Fiber optic,No,No,Yes,No,No,Month-to-month,No,Bank transfer,67.78,3663.76,No
CUST01179,Male,1,Yes,No,69,Yes,Fiber optic,No,Yes,Yes,No,Yes,Month-to-month,No,Credit card,95.83,6639.94,No
CUST01180,Male,0,Yes,Yes,13,Yes,DSL,No,Yes,Yes,Yes,Yes,Month-to-month,Yes,Bank transfer,55.39,869.79,No
CUST01181,Female,0,No,No,63,Yes,Fiber optic,No,No,No,Yes,No,Month-to-month,Yes,Electronic check,72.22,4399.88,No
CUST01182,Female,0,Yes,No,26,Yes,DSL,Yes,No,Yes,Yes,Yes,Month-to-month,No,Bank transfer,90.43,2428.43,No
CUST01183,Female,0,Yes,No,45,Yes,DSL,No,No,No,No,No,Month-to-month,Yes,Electronic check,53.44,2324.85,Yes
CUST01184,Male,0,Yes,No,28,Yes,Fiber optic,Yes,No,Yes,Yes,No,Month-to-month,Yes,Mailed check,68.1,1905.45,Yes
CUST01185,Male,0,No,No,14,Yes,DSL,Yes,Yes,No,Yes,No,Month-to-month,Yes,Credit card,65.16,914.2,No
CUST01186,Male,0,No,No,64,Yes,Fiber optic,Yes,Yes,No,No,Yes,Month-to-month,Yes,Bank transfer,98.1,6274.43,No
CUST01187,Male,0,Yes,Yes,25,Yes,Fiber optic,Yes,Yes,No,Yes,No,One year,No,Bank transfer,113.21,2758.04,No
CUST01188,Female,0,No,No,1,Yes,DSL,Yes,Yes,Yes,No,Yes,Month-to-month,Yes,Electronic check,46.5,0.0,Yes
CUST01189,Female,0,No,Yes,10,Yes,Fiber optic,Yes,No,Yes,No,Yes,Month-to-month,No,Electronic check,75.94,606.27,Yes
CUST01190,Male,0,No,No,70,Yes,Fiber optic,Yes,Yes,No,Yes,No,One year,No,Credit card,60.9,4247.06,No
CUST01191,Male,0,No,No,60,Yes,DSL,Yes,No,Yes,No,Yes,Month-to-month,No,Electronic check,74.78,4498.29,No
CUST01192,Male,1,No,No,48,No,Fiber optic,Yes,No,Yes,No,Yes,Month-to-month,No,Credit card,118.17,5720.4,No
CUST01193,Male,0,Yes,Yes,56,Yes,DSL,Yes,No,No,Yes,Yes,Month-to-month,Yes,Mailed check,83.5,4769.6,No
CUST01194,Female,0,Yes,Yes,47,Yes,No,No internet service,No internet service,No internet service,No internet service,No internet service,Two year,Yes,Bank transfer,59.92,2884.15,No
CUST01195,Female,0,No,Yes,66,Yes,Fiber optic,Yes,Yes,No,No,Yes,Month-to-month,No,Bank transfer,39.79,2705.87,Yes
CUST01196,Female,0,Yes,No,7,Yes,DSL,No,No,No,No,No,Month-to-month,Yes,Mailed check,98.98,613.5,No
CUST01197,Female,0,Yes,No,4,Yes,No,No internet service,No internet service,No internet service,No internet service,No internet service,Month-to-month,Yes,Credit card,62.52,339.11,Yes
CUST01198,Female,0,Yes,No,50,Yes,Fiber optic,Yes,No,Yes,No,Yes,One year,No,Mailed check,54.6,2760.63,No
CUST01199,Female,0,Yes,No,70,Yes,DSL,No,No,No,No,Yes,Month-to-month,No,Mailed check,81.6,5608.75,No
CUST01200,Female,0,No,Yes,42,Yes,Fiber optic,No,Yes,Yes,Yes,Yes,One year,Yes,Credit card,88.48,3802.52,Yes
CUST01201,Female,0,Yes,No,70,Yes,Fiber optic,No,No,No,No,Yes,Month-to-month,No,Mailed check,64.79,4465.43,No
CUST01202,Male,0,No,No,29,Yes,Fiber optic,Yes,No,Yes,No,Yes,Month-to-month,No,Mailed check,50.35,1377.97,No
CUST01203,Female,0,No,No,49,Yes,Fiber optic,Yes,No,Yes,Yes,No,One year,No,Electronic check,108.21,,No
CUST01204,Female,0,Yes,No,37,Yes,No,No internet service,No internet service,No internet service,No internet service,No internet service,Month-to-month,No,Credit card,91.09,3390.16,No
CUST01205,Female,0,Yes,No,64,Yes,No,No internet service,No internet service,No internet service,No internet service,No internet service,Month-to-month,Yes,Electronic check,98.68,6232.78,No
CUST01206,Female,0,Yes,Yes,47,Yes,DSL,No,Yes,Yes,Yes,Yes,Two year,No,Mailed check,65.08,3016.41,No
CUST01207,Female,0,No,No,32,No,No,No internet service,No internet service,No internet service,No internet service,No internet service,Two year,No,Mailed check,53.26,1789.63,No
CUST01208,Female,0,Yes,No,17,Yes,DSL,Yes,No,No,Yes,No,Month-to-month,Yes,Credit card,60.68,936.16,Yes
CUST01209,Male,0,No,No,22,Yes,No,No internet service,No internet service,No internet service,No internet service,No internet service,One year,No,Mailed check,35.91,779.35,No
CUST01210,Female,1,Yes,Yes,5,No,DSL,Yes,No,No,No,Yes,Month-to-month,Yes,Mailed check,65.64,317.48,Yes
CUST01211,Female,0,Yes,No,11,Yes,DSL,No,No,No,No,Yes,One year,No,Bank transfer,57.12,846.77,No
CUST01212,Female,0,Yes,No,37,Yes,Fiber optic,Yes,No,No,No,No,One year,No,Bank transfer,,2550.26,Yes
CUST01213,Male,1,Yes,Yes,2,Yes,DSL,Yes,No,Yes,Yes,No,One year,Yes,Electronic check,75.23,37.8,Yes
CUST01214,Female,0,Yes,No,34,Yes,No,No internet service,No internet service,No internet service,No internet service,No internet service,Month-to-month,Yes,Electronic check,76.27,2548.45,Yes
CUST01215,Male,0,No,No,3,Yes,DSL,No,No,No,No,No,Month-to-month,Yes,Electronic check,59.37,127.54,Yes
CUST01216,Male,0,Yes,No,11,Yes,Fiber optic,Yes,Yes,No,Yes,Yes,Month-to-month,Yes,Credit card,44.29,490.62,Yes
CUST01217,Female,0,No,Yes,50,Yes,No,No internet service,No internet service,No internet service,No internet service,No internet service,One year,Yes,Electronic check,37.95,1860.4,No
CUST01218,Female,0,No,No,2,Yes,Fiber optic,No,No,No,No,Yes,One year,Yes,Bank transfer,78.88,226.13,Yes
CUST01219,Female,0,No,No,24,Yes,Fiber optic,No,Yes,Yes,No,No,Month-to-month,Yes,Bank transfer,77.38,1864.78,Yes
CUST01220,Male,0,No,No,13,No,No,No internet service,No internet service,No internet service,No internet service,No internet service,Month-to-month,No,Bank transfer,39.2,432.99,No
CUST01221,Female,0,Yes,No,3,No,DSL,No,No,No,No,No,One year,Yes,Credit card,109.66,310.61,No
CUST01222,Female,0,No,No,15,Yes,DSL,Yes,Yes,No,Yes,Yes,Month-to-month,Yes,Electronic check,94.87,1402.1,No
CUST01223,Female,0,Yes,No,8,Yes,DSL,Yes,No,Yes,Yes,No,Two year,Yes,Mailed check,48.46,479.86,No
CUST01224,Female,0,No,No,5,Yes,DSL,Yes,Yes,No,No,No,Month-to-month,Yes,Bank transfer,80.64,473.13,Yes
CUST01225,Male,0,Yes,No,48,No,DSL,Yes,Yes,Yes,Yes,Yes,Two year,Yes,Electronic check,70.58,3445.67,No
CUST01226,Female,0,No,No,9,Yes,Fiber optic,No,Yes,No,No,No,Month-to-month,No,Mailed check,80.59,667.9,Yes
CUST01227,Male,1,No,Yes,68,Yes,DSL,Yes,No,Yes,Yes,Yes,Month-to-month,Yes,Credit card,78.3,5350.21,Yes
CUST01228,Female,0,No,No,35,Yes,Fiber optic,Yes,Yes,Yes,No,Yes,Two year,No,Mailed check,90.79,3086.31,No
CUST01229,Male,0,Yes,Yes,29,Yes,Fiber optic,Yes,No,No,Yes,No,One year,Yes,Credit card,110.98,3271.42,No
CUST01230,Male,0,No,No,63,Yes,Fiber optic,No,Yes,No,Yes,Yes,Month-to-month,Yes,Mailed check,81.48,5231.34,No
CUST01231,Female,0,No,Yes,56,Yes,Fiber optic,No,No,No,Yes,Yes,Two year,No,Electronic check,87.32,4723.77,No
CUST01232,Female,0,No,No,30,No,DSL,Yes,No,Yes,No,Yes,Month-to-month,Yes,Bank transfer,110.62,3312.67,Yes
CUST01233,Female,1,Yes,No,71,No,Fiber optic,Yes,Yes,Yes,Yes,Yes,One year,Yes,Mailed check,60.55,4293.04,No
CUST01234,Female,0,Yes,No,38,Yes,Fiber optic,Yes,Yes,Yes,Yes,Yes,Month-to-month,Yes,Credit card,50.67,1999.22,Yes
CUST01235,Female,0,Yes,No,51,Yes,No,No internet service,No internet service,No internet service,No internet service,No internet service,Two year,No,Credit card,90.8,4584.83,No
CUST01236,Male,1,No,Yes,70,Yes,Fiber optic,No,Yes,No,Yes,Yes,Two year,Yes,Mailed check,43.43,2993.01,No
CUST01237,Male,0,Yes,No,52,Yes,Fiber optic,No,No,Yes,Yes,No,Month-to-month,Yes,Credit card,53.81,2812.42,No
CUST01238,Male,1,No,No,43,Yes,Fiber optic,No,No,No,Yes,No,Month-to-month,No,Credit card,111.62,4849.81,No
CUST01239,Male,0,No,No,44,Yes,Fiber optic,No,No,Yes,No,No,One year,No,Mailed check,31.05,1384.23,No
CUST01240,Male,0,No,No,47,Yes,Fiber optic,Yes,Yes,No,Yes,No,Month-to-month,No,Electronic check,81.57,3905.86,Yes
CUST01241,Female,1,No,No,71,Yes,Fiber optic,Yes,No,No,Yes,Yes,Month-to-month,Yes,Bank transfer,37.94,2750.44,No
CUST01242,Female,0,No,Yes,51,Yes,Fiber optic,Yes,Yes,No,No,Yes,One year,No,Bank transfer,84.26,4257.49,No
CUST01243,Female,0,No,Yes,21,Yes,No,No internet service,No internet service,No internet service,No internet service,No internet service,Month-to-month,Yes,Bank transfer,119.81,2519.53,Yes
CUST01244,Male,0,Yes,No,1,Yes,DSL,No,No,Yes,No,No,Two year,Yes,Bank transfer,48.68,94.29,No
CUST01245,Female,0,No,No,57,Yes,No,No internet service,No internet service,No internet service,No internet service,No internet service,One year,Yes,Credit card,21.42,1159.26,No
CUST01246,Female,0,No,No,35,Yes,No,No internet service,No internet service,No internet service,No internet service,No internet service,Month-to-month,No,Credit card,82.92,2849.55,No
CUST01247,Female,0,Yes,No,30,Yes,DSL,Yes,Yes,No,Yes,No,Month-to-month,Yes,Mailed check,58.31,1634.32,No
CUST01248,Male,0,No,No,68,Yes,DSL,Yes,No,Yes,Yes,No,Two year,Yes,Mailed check,69.4,4815.39,No
CUST01249,Male,0,No,No,11,Yes,Fiber optic,Yes,Yes,Yes,Yes,Yes,Month-to-month,Yes,Electronic check,83.12,1089.56,Yes
CUST01250,Female,0,No,No,2,Yes,DSL,Yes,Yes,No,No,Yes,Two year,No,Bank transfer,88.07,123.81,No
CUST01251,Male,0,No,Yes,53,Yes,DSL,No,No,No,No,Yes,Month-to-month,No,Bank transfer,88.32,4728.88,No
CUST01252,Male,0,No,No,67,Yes,Fiber optic,Yes,No,Yes,Yes,No,Month-to-month,Yes,Credit card,73.31,5013.58,No
CUST01253,Male,0,Yes,No,60,No,Fiber optic,No,Yes,Yes,No,No,Month-to-month,Yes,Electronic check,84.89,5001.93,Yes
CUST01254,Female,0,Yes,Yes,63,Yes,DSL,No,Yes,Yes,Yes,No,Month-to-month,Yes,Credit card,69.3,4395.72,No
CUST01255,Female,0,Yes,No,63,Yes,No,No internet service,No internet service,No internet service,No internet service,No internet service,Month-to-month,Yes,Bank transfer,65.78,4252.36,No
CUST01256,Male,0,No,No,50,Yes,DSL,Yes,Yes,No,No,Yes,Month-to-month,No,Credit card,73.59,3660.56,No
CUST01257,Male,0,Yes,No,67,No,DSL,No,No,Yes,No,No,Month-to-month,Yes,Electronic check,88.43,5920.74,Yes
CUST01258,Female,0,No,Yes,24,Yes,DSL,No,Yes,No,Yes,No,Month-to-month,Yes,Mailed check,57.82,1500.62,No
CUST01259,Female,0,No,Yes,54,Yes,No,No internet service,No internet service,No internet service,No internet service,No internet service,Month-to-month,Yes,Credit card,79.37,4254.62,No
CUST01260,Female,1,No,No,6,Yes,No,No internet service,No internet service,No internet service,No internet service,No internet service,Month-to-month,Yes,Credit card,62.52,331.78,No
CUST01261,Male,1,Yes,Yes,38,No,DSL,Yes,No,No,No,Yes,Month-to-month,No,Bank transfer,55.6,2100.69,No
CUST01262,Female,0,Yes,Yes,21,Yes,Fiber optic,Yes,No,Yes,No,No,Month-to-month,No,Credit card,100.29,2254.56,Yes
CUST01263,Male,1,Yes,No,68,Yes,DSL,Yes,Yes,Yes,Yes,No,Two year,No,Bank transfer,83.28,5729.82,No
CUST01264,Female,1,Yes,Yes,31,No,DSL,Yes,No,Yes,Yes,No,Month-to-month,Yes,Mailed check,83.51,2634.99,No
CUST01265,Male,0,Yes,No,15,Yes,DSL,No,No,Yes,Yes,No,Month-to-month,No,Mailed check,50.37,800.89,No
CUST01266,Male,0,Yes,No,41,Yes,No,No internet service,No internet service,No internet service,No internet service,No internet service,Two year,Yes,Bank transfer,67.83,2695.07,No
CUST01267,Male,0,Yes,Yes,5,No,Fiber optic,No,Yes,Yes,Yes,No,One year,Yes,Bank transfer,89.02,493.65,Yes
CUST01268,Male,0,No,No,9,Yes,Fiber optic,Yes,Yes,Yes,No,No,Month-to-month,No,Mailed check,83.31,719.71,Yes
CUST01269,Female,0,Yes,Yes,31,Yes,DSL,No,Yes,Yes,Yes,No,Two year,Yes,Electronic check,138.12,4270.51,No
CUST01270,Male,0,Yes,Yes,46,Yes,No,No internet service,No internet service,No internet service,No internet service,No internet service,Two year,Yes,Mailed check,79.5,3641.69,No
CUST01271,Male,0,No,No,42,Yes,No,No internet service,No internet service,No internet service,No internet service,No internet service,One year,Yes,Bank transfer,57.38,2490.05,Yes
CUST01272,Male,1,No,No,4,Yes,DSL,No,Yes,Yes,No,Yes,One year,No,Mailed check,63.12,403.77,No
CUST01273,Female,0,No,No,49,Yes,Fiber optic,Yes,Yes,Yes,No,Yes,One year,Yes,Bank transfer,52.59,2508.88,No
CUST01274,Female,0,No,No,4,Yes,Fiber optic,No,No,No,No,No,Two year,No,Electronic check,57.84,322.24,No
CUST01275,Female,0,Yes,No,59,Yes,No,No internet service,No internet service,No internet service,No internet service,No internet service,Month-to-month,Yes,Mailed check,76.49,4506.47,No
CUST01276,Female,0,No,No,2,Yes,Fiber optic,No,Yes,Yes,No,No,Two year,Yes,Bank transfer,62.41,,No
CUST01277,Female,1,No,No,1,Yes,DSL,No,Yes,No,Yes,No,Month-to-month,Yes,Bank transfer,107.4,139.72,Yes
CUST01278,Female,0,No,No,37,Yes,Fiber optic,No,Yes,No,No,No,One year,No,Credit card,96.03,3512.34,No
CUST01279,Male,0,No,No,58,No,Fiber optic,No,Yes,Yes,Yes,No,Two year,No,Electronic check,95.6,5502.82,No
CUST01280,Female,0,Yes,Yes,55,Yes,Fiber optic,Yes,No,No,Yes,Yes,Month-to-month,Yes,Mailed check,67.7,3714.94,Yes
CUST01281,Female,0,No,No,43,Yes,DSL,Yes,No,No,Yes,Yes,Month-to-month,No,Bank transfer,96.85,4201.9,No
CUST01282,Female,0,No,No,13,Yes,No,No internet service,No internet service,No internet service,No internet service,No internet service,Two year,Yes,Electronic check,99.58,1342.97,No
CUST01283,Male,0,No,Yes,69,Yes,No,No internet service,No internet service,No internet service,No internet service,No internet service,One year,No,Bank transfer,113.9,8105.5,No
CUST01284,Female,0,Yes,No,1,Yes,Fiber optic,Yes,Yes,Yes,Yes,Yes,One year,Yes,Mailed check,60.47,113.01,No
CUST01285,Male,0,Yes,No,25,Yes,Fiber optic,No,No,Yes,Yes,Yes,Two year,Yes,Bank transfer,74.29,1762.47,No
CUST01286,Male,0,Yes,Yes,55,No,Fiber optic,Yes,No,Yes,Yes,No,Month-to-month,No,Credit card,55.23,3147.4,Yes
CUST01287,Female,0,Yes,No,45,Yes,Fiber optic,Yes,No,Yes,No,No,One year,Yes,Electronic check,,6355.97,No
CUST01288,Male,0,Yes,No,57,Yes,DSL,Yes,Yes,No,Yes,No,One year,No,Mailed check,68.95,3926.37,No
CUST01289,Male,0,No,No,55,Yes,Fiber optic,No,Yes,No,No,Yes,Month-to-month,Yes,Bank transfer,,5745.11,Yes
CUST01290,Female,0,Yes,No,68,No,Fiber optic,No,Yes,No,Yes,Yes,Month-to-month,Yes,Credit card,77.91,5284.88,No
CUST01291,Male,0,Yes,No,37,Yes,No,No internet service,No internet service,No internet service,No internet service,No internet service,One year,Yes,Mailed check,95.99,3654.62,No
CUST01292,Female,1,Yes,No,59,Yes,DSL,No,Yes,Yes,No,No,One year,Yes,Electronic check,73.64,4393.99,No
CUST01293,Male,0,No,No,11,Yes,DSL,No,Yes,No,Yes,Yes,One year,Yes,Mailed check,97.08,1185.8,No
CUST01294,Male,0,No,Yes,12,Yes,Fiber optic,Yes,No,Yes,Yes,No,Month-to-month,Yes,Bank transfer,80.91,1084.59,No
CUST01295,Female,0,No,Yes,3,Yes,No,No internet service,No internet service,No internet service,No internet service,No internet service,One year,No,Bank transfer,116.63,375.71,No
CUST01296,Female,0,No,No,14,Yes,Fiber optic,Yes,No,Yes,Yes,No,Month-to-month,Yes,Bank transfer,81.65,900.49,Yes
CUST01297,Male,0,No,No,8,Yes,DSL,No,No,Yes,No,Yes,Month-to-month,Yes,Mailed check,55.94,384.63,No
CUST01298,Female,0,No,No,60,Yes,Fiber optic,Yes,Yes,Yes,No,Yes,One year,No,Credit card,86.95,5102.97,No
CUST01299,Female,0,No,Yes,36,No,DSL,No,No,No,Yes,No,One year,Yes,Credit card,74.23,2794.97,No
CUST01300,Male,0,Yes,Yes,32,Yes,Fiber optic,Yes,No,Yes,No,Yes,Two year,No,Bank transfer,49.34,1629.3,No
CUST01301,Female,0,No,Yes,46,Yes,Fiber optic,No,No,Yes,Yes,Yes,Month-to-month,Yes,Bank transfer,83.48,3832.0,No
CUST01302,Male,0,Yes,No,26,Yes,Fiber optic,Yes,No,No,No,No,Two year,No,Credit card,58.58,1490.58,No
CUST01303,Female,0,No,Yes,41,Yes,Fiber optic,No,Yes,Yes,No,Yes,Two year,No,Credit card,68.11,2888.38,No
CUST01304,Female,0,Yes,No,0,Yes,DSL,No,No,No,No,No,Month-to-month,Yes,Electronic check,75.03,0.0,Yes
CUST01305,Female,0,Yes,No,52,Yes,Fiber optic,No,Yes,Yes,Yes,No,Month-to-month,Yes,Credit card,23.32,1118.48,Yes
CUST01306,Female,0,Yes,No,63,Yes,No,No internet service,No internet service,No internet service,No internet service,No internet service,Two year,Yes,Bank transfer,63.22,3881.81,No
CUST01307,Male,0,No,No,2,Yes,Fiber optic,No,Yes,No,No,Yes,Month-to-month,Yes,Mailed check,97.1,211.85,Yes
CUST01308,Male,1,No,Yes,5,Yes,No,No internet service,No internet service,No internet service,No internet service,No internet service,One year,Yes,Mailed check,69.19,289.75,No
CUST01309,Male,0,Yes,No,9,Yes,Fiber optic,No,No,Yes,Yes,No,One year,No,Electronic check,26.46,326.88,Yes
CUST01310,Female,0,No,No,44,No,Fiber optic,No,No,No,Yes,Yes,Month-to-month,No,Credit card,71.96,3173.82,No
CUST01311,Female,0,Yes,Yes,55,Yes,DSL,No,Yes,No,Yes,No,Two year,Yes,Electronic check,86.07,4630.09,No
CUST01312,Male,0,No,No,60,Yes,No,No internet service,No internet service,No internet service,No internet service,No internet service,Month-to-month,No,Bank transfer,66.55,3981.23,No
CUST01313,Female,0,Yes,No,57,Yes,DSL,No,Yes,Yes,No,No,Month-to-month,Yes,Credit card,67.36,3768.57,No
CUST01314,Female,0,Yes,Yes,42,Yes,DSL,Yes,No,Yes,Yes,No,Month-to-month,Yes,Bank transfer,62.84,2635.96,Yes
CUST01315,Female,0,No,No,51,Yes,DSL,Yes,No,No,No,No,Two year,Yes,Credit card,89.52,4659.18,No
CUST01316,Male,0,No,Yes,20,No,Fiber optic,Yes,Yes,Yes,No,No,Month-to-month,Yes,Credit card,53.45,1062.84,No
CUST01317,Female,0,No,Yes,54,Yes,Fiber optic,Yes,Yes,No,Yes,No,One year,Yes,Electronic check,87.66,4686.22,No
CUST01318,Female,0,No,Yes,13,Yes,Fiber optic,Yes,Yes,No,No,Yes,Month-to-month,Yes,Electronic check,67.3,916.2,No
CUST01319,Male,1,No,No,70,Yes,DSL,Yes,No,No,No,No,Month-to-month,Yes,Electronic check,105.33,7344.6,Yes
CUST01320,Male,0,Yes,No,3,Yes,Fiber optic,Yes,Yes,No,No,Yes,Month-to-month,No,Mailed check,61.87,233.93,No
CUST01321,Male,0,Yes,No,68,Yes,DSL,No,No,Yes,No,Yes,Month-to-month,No,Mailed check,46.23,3175.33,Yes
CUST01322,Male,0,No,No,33,No,Fiber optic,No,No,No,Yes,No,Month-to-month,No,Mailed check,89.47,2873.59,No
CUST01323,Female,0,Yes,No,47,Yes,DSL,No,No,No,No,No,Month-to-month,Yes,Electronic check,86.32,3957.32,No
CUST01324,Female,0,No,No,11,Yes,Fiber optic,No,No,Yes,No,Yes,Month-to-month,No,Electronic check,84.3,902.92,Yes
CUST01325,Female,0,Yes,No,23,Yes,Fiber optic,No,Yes,No,No,Yes,Month-to-month,Yes,Bank transfer,95.16,2226.68,No
CUST01326,Male,0,No,No,62,Yes,Fiber optic,Yes,No,Yes,No,Yes,One year,Yes,Bank transfer,48.95,3178.4,No
CUST01327,Female,0,Yes,No,1,Yes,Fiber optic,Yes,No,No,Yes,Yes,Month-to-month,Yes,Mailed check,54.29,0.0,No
CUST01328,Male,0,No,No,13,Yes,No,No internet service,No internet service,No internet service,No internet service,No internet service,Month-to-month,Yes,Mailed check,106.99,1314.93,No
CUST01329,Female,0,No,Yes,46,Yes,Fiber optic,No,No,No,No,Yes,Month-to-month,Yes,Mailed check,84.89,3987.36,No
CUST01330,Male,0,Yes,No,58,Yes,Fiber optic,No,No,Yes,Yes,No,Two year,No,Electronic check,62.61,3650.8,No
CUST01331,Male,0,Yes,Yes,31,Yes,DSL,Yes,No,No,No,No,One year,No,Electronic check,29.91,916.7,No
CUST01332,Female,0,Yes,No,6,Yes,Fiber optic,No,No,Yes,Yes,No,Two year,Yes,Electronic check,42.89,314.87,No
CUST01333,Male,0,Yes,No,10,Yes,Fiber optic,No,Yes,Yes,No,No,Month-to-month,No,Mailed check,50.06,603.61,No
CUST01334,Female,1,Yes,Yes,64,Yes,Fiber optic,Yes,Yes,Yes,No,No,Two year,Yes,Electronic check,59.97,3924.78,No
CUST01335,Female,0,No,No,15,Yes,Fiber optic,No,Yes,Yes,No,Yes,Month-to-month,Yes,Mailed check,81.64,1172.07,Yes
CUST01336,Female,0,Yes,No,42,Yes,Fiber optic,No,No,No,Yes,Yes,One year,Yes,Mailed check,39.85,1712.47,No
CUST01337,Female,0,Yes,No,68,Yes,No,No internet service,No internet service,No internet service,No internet service,No internet service,Month-to-month,Yes,Mailed check,60.8,4228.52,No
CUST01338,Male,0,Yes,No,27,Yes,DSL,Yes,Yes,Yes,Yes,No,One year,Yes,Bank transfer,42.41,1125.57,Yes
CUST01339,Female,0,Yes,No,4,Yes,Fiber optic,No,No,No,Yes,Yes,Two year,Yes,Electronic check,63.47,287.44,No
CUST01340,Male,1,Yes,Yes,59,Yes,Fiber optic,Yes,Yes,No,Yes,Yes,One year,Yes,Electronic check,133.62,7840.35,No
CUST01341,Female,0,No,No,57,Yes,DSL,No,No,Yes,Yes,Yes,Month-to-month,No,Credit card,103.73,5840.08,No
CUST01342,Male,0,No,No,47,Yes,DSL,No,Yes,No,No,Yes,One year,No,Credit card,88.34,4188.89,No
CUST01343,Male,0,No,No,65,Yes,Fiber optic,No,No,No,No,Yes,One year,No,Electronic check,60.94,4038.79,No
CUST01344,Female,0,Yes,No,56,Yes,DSL,Yes,No,No,Yes,Yes,Month-to-month,Yes,Electronic check,47.08,2701.44,Yes
CUST01345,Male,0,No,No,50,Yes,No,No internet service,No internet service,No internet service,No internet service,No internet service,Month-to-month,Yes,Bank transfer,71.83,3488.47,No
CUST01346,Female,0,No,Yes,24,Yes,DSL,No,No,Yes,Yes,Yes,One year,Yes,Mailed check,35.16,952.94,No
CUST01347,Female,0,No,No,4,Yes,Fiber optic,No,No,No,No,Yes,Month-to-month,No,Electronic check,90.2,411.48,Yes
CUST01348,Female,0,No,No,52,No,Fiber optic,No,Yes,No,Yes,No,Month-to-month,Yes,Mailed check,69.04,3684.57,No
CUST01349,Female,0,Yes,No,61,Yes,DSL,No,No,Yes,No,No,Two year,No,Credit card,73.31,4401.99,No
CUST01350,Female,0,No,Yes,50,Yes,DSL,Yes,No,Yes,No,No,Two year,No,Electronic check,32.39,1691.41,No
CUST01351,Male,0,No,No,47,Yes,Fiber optic,Yes,Yes,No,No,No,Month-to-month,Yes,Bank transfer,75.25,3592.64,No
CUST01352,Male,0,No,No,52,Yes,Fiber optic,No,No,No,No,No,Two year,No,Credit card,68.02,,No
CUST01353,Male,0,No,Yes,20,Yes,Fiber optic,Yes,No,No,No,Yes,Two year,Yes,Credit card,50.08,1041.82,No
CUST01354,Female,0,No,Yes,8,Yes,Fiber optic,Yes,No,No,No,No,One year,Yes,Bank transfer,79.61,559.44,No
CUST01355,Male,0,Yes,No,45,Yes,Fiber optic,Yes,No,No,Yes,No,One year,Yes,Mailed check,64.04,2888.14,No
CUST01356,Male,0,No,Yes,68,Yes,No,No internet service,No internet service,No internet service,No internet service,No internet service,Two year,Yes,Mailed check,81.37,5723.75,No
CUST01357,Male,0,No,No,9,No,Fiber optic,Yes,Yes,Yes,No,Yes,One year,Yes,Bank transfer,89.46,833.49,No
CUST01358,Male,0,No,No,5,Yes,No,No internet service,No internet service,No internet service,No internet service,No internet service,Month-to-month,Yes,Credit card,46.88,230.49,Yes
CUST01359,Male,0,No,No,51,Yes,DSL,No,Yes,Yes,No,No,Month-to-month,Yes,Mailed check,76.68,3797.14,No
CUST01360,Male,0,Yes,No,30,Yes,Fiber optic,Yes,Yes,No,Yes,Yes,Month-to-month,Yes,Bank transfer,76.2,2314.42,Yes
CUST01361,Male,0,Yes,No,65,Yes,Fiber optic,Yes,No,No,No,No,Month-to-month,No,Credit card,105.09,,No
CUST01362,Male,0,Yes,Yes,34,Yes,Fiber optic,No,Yes,Yes,No,No,Month-to-month,Yes,Credit card,95.02,3075.12,Yes
CUST01363,Male,1,No,No,38,No,DSL,Yes,Yes,No,Yes,No,Month-to-month,Yes,Credit card,65.29,2399.02,No
CUST01364,Male,1,No,Yes,4,Yes,DSL,No,Yes,No,Yes,Yes,Month-to-month,No,Mailed check,63.36,329.95,No
CUST01365,Female,0,No,Yes,69,Yes,DSL,Yes,No,No,No,No,Month-to-month,No,Bank transfer,77.74,5472.66,No
CUST01366,Male,0,No,Yes,24,Yes,DSL,No,Yes,Yes,Yes,No,Two year,No,Electronic check,45.91,1113.05,No
CUST01367,Male,0,No,No,31,Yes,Fiber optic,Yes,No,No,No,No,Month-to-month,Yes,Electronic check,49.66,1625.67,Yes
CUST01368,Male,1,Yes,Yes,45,Yes,Fiber optic,Yes,Yes,Yes,Yes,Yes,One year,Yes,Mailed check,62.3,2811.54,No
CUST01369,Female,0,No,Yes,62,Yes,DSL,Yes,Yes,Yes,No,Yes,One year,No,Credit card,18.0,1060.88,No
CUST01370,Female,0,No,No,58,Yes,Fiber optic,Yes,No,Yes,No,Yes,Two year,No,Mailed check,49.26,3038.54,No
CUST01371,Female,0,No,Yes,56,Yes,Fiber optic,No,Yes,Yes,No,No,Month-to-month,Yes,Mailed check,65.69,3571.06,No
CUST01372,Male,0,No,No,7,Yes,DSL,No,No,No,Yes,No,Month-to-month,No,Credit card,142.9,1039.56,Yes
CUST01373,Male,0,No,No,6,No,DSL,Yes,No,No,No,Yes,One year,Yes,Mailed check,57.9,300.74,No
CUST01374,Male,0,Yes,No,60,Yes,Fiber optic,No,No,No,No,No,One year,No,Electronic check,90.51,5419.33,No
CUST01375,Female,0,No,Yes,66,Yes,Fiber optic,Yes,No,No,No,No,Two year,Yes,Electronic check,69.05,4689.81,No
CUST01376,Female,0,No,Yes,45,Yes,No,No internet service,No internet service,No internet service,No internet service,No internet service,Month-to-month,Yes,Electronic check,85.0,,Yes
CUST01377,Female,1,Yes,No,66,Yes,DSL,No,Yes,Yes,Yes,Yes,Month-to-month,Yes,Credit card,46.94,3077.55,Yes
CUST01378,Female,0,Yes,No,23,Yes,Fiber optic,Yes,No,Yes,No,Yes,Month-to-month,Yes,Bank transfer,35.36,774.99,Yes
CUST01379,Female,0,Yes,Yes,25,Yes,Fiber optic,No,Yes,No,No,Yes,One year,No,Electronic check,108.43,2761.11,Yes
CUST01380,Female,0,Yes,No,12,Yes,No,No internet service,No internet service,No internet service,No internet service,No internet service,Month-to-month,Yes,Bank transfer,40.75,418.65,Yes
CUST01381,Female,0,No,No,57,Yes,Fiber optic,Yes,Yes,No,No,No,Month-to-month,Yes,Mailed check,111.09,6345.08,No
CUST01382,Male,1,Yes,Yes,48,Yes,DSL,Yes,No,No,Yes,Yes,One year,No,Bank transfer,64.72,3101.19,No
CUST01383,Male,0,Yes,No,16,Yes,No,No internet service,No internet service,No internet service,No internet service,No internet service,Month-to-month,Yes,Credit card,53.32,795.9,Yes
CUST01384,Female,0,No,No,72,Yes,Fiber optic,Yes,No,No,No,No,Month-to-month,Yes,Mailed check,61.09,,No
CUST01385,Male,1,Yes,No,2,Yes,No,No internet service,No internet service,No internet service,No internet service,No internet service,Month-to-month,Yes,Mailed check,114.05,,Yes
CUST01386,Male,0,No,No,56,Yes,DSL,No,No,Yes,Yes,No,Two year,Yes,Mailed check,56.54,3141.84,No
CUST01387,Female,0,Yes,No,15,Yes,Fiber optic,Yes,Yes,Yes,No,Yes,One year,Yes,Bank transfer,64.45,990.04,No
CUST01388,Male,0,Yes,No,57,No,Fiber optic,Yes,No,Yes,No,No,Month-to-month,No,Electronic check,98.38,5439.59,Yes
CUST01389,Female,0,No,No,35,Yes,DSL,Yes,Yes,No,No,Yes,Month-to-month,No,Bank transfer,85.84,2973.05,No
CUST01390,Female,0,No,No,17,Yes,Fiber optic,Yes,Yes,Yes,Yes,No,Two year,Yes,Credit card,125.94,2214.58,No
CUST01391,Male,0,No,No,4,No,DSL,No,Yes,No,Yes,No,Month-to-month,Yes,Credit card,103.13,285.95,Yes
CUST01392,Female,1,No,No,45,Yes,DSL,Yes,Yes,Yes,No,No,Month-to-month,No,Mailed check,56.59,2701.88,No
CUST01393,Female,0,Yes,Yes,11,Yes,DSL,Yes,Yes,No,No,Yes,Two year,Yes,Mailed check,106.56,1206.54,No
CUST01394,Female,0,No,No,32,No,No,No internet service,No internet service,No internet service,No internet service,No internet service,Month-to-month,Yes,Credit card,25.94,824.05,No
CUST01395,Male,0,Yes,No,69,Yes,No,No internet service,No internet service,No internet service,No internet service,No internet service,Two year,No,Credit card,93.26,6448.84,No
CUST01396,Female,0,No,Yes,64,No,Fiber optic,No,Yes,No,No,Yes,One year,No,Mailed check,57.63,3625.36,No
CUST01397,Female,1,Yes,No,36,Yes,Fiber optic,No,No,No,No,Yes,One year,No,Mailed check,88.89,3318.82,Yes
CUST01398,Female,0,No,No,53,Yes,DSL,Yes,Yes,Yes,Yes,Yes,One year,Yes,Credit card,123.09,6543.29,No
CUST01399,Male,0,Yes,No,60,Yes,Fiber optic,No,Yes,No,Yes,No,Month-to-month,Yes,Mailed check,32.24,1944.92,Yes
CUST01400,Male,0,Yes,No,44,Yes,No,No internet service,No internet service,No internet service,No internet service,No internet service,Two year,No,Credit card,97.07,4356.52,No
CUST01401,Female,0,Yes,Yes,15,Yes,No,No internet service,No internet service,No internet service,No internet service,No internet service,Month-to-month,Yes,Mailed check,95.0,1461.21,No
CUST01402,Male,1,No,No,59,Yes,Fiber optic,Yes,Yes,No,No,No,Month-to-month,No,Bank transfer,90.51,5290.93,No
CUST01403,Male,0,Yes,Yes,6,Yes,DSL,Yes,Yes,No,Yes,Yes,Month-to-month,Yes,Bank transfer,49.5,299.52,No
CUST01404,Male,0,No,No,38,No,Fiber optic,Yes,No,Yes,No,No,Month-to-month,No,Credit card,71.76,2777.5,No
CUST01405,Male,0,Yes,No,56,No,No,No internet service,No internet service,No internet service,No internet service,No internet service,Month-to-month,Yes,Credit card,49.92,2805.41,No
CUST01406,Male,0,No,No,41,No,No,No internet service,No internet service,No internet service,No internet service,No internet service,Month-to-month,Yes,Electronic check,84.75,3372.17,Yes
CUST01407,Male,0,Yes,Yes,25,Yes,Fiber optic,No,Yes,Yes,No,Yes,Month-to-month,No,Credit card,41.39,1151.92,No
CUST01408,Female,0,No,No,30,Yes,DSL,Yes,Yes,No,Yes,Yes,Two year,No,Electronic check,63.07,1910.07,No
CUST01409,Male,0,Yes,No,33,Yes,No,No internet service,No internet service,No internet service,No internet service,No internet service,One year,Yes,Credit card,89.75,2935.25,No
CUST01410,Male,0,Yes,No,54,Yes,Fiber optic,Yes,Yes,Yes,Yes,Yes,Month-to-month,No,Bank transfer,55.68,3063.88,No
CUST01411,Male,0,Yes,Yes,72,No,DSL,No,No,No,Yes,Yes,Month-to-month,No,Bank transfer,64.09,4580.02,No
CUST01412,Female,0,Yes,Yes,56,Yes,DSL,Yes,Yes,No,No,No,One year,Yes,Electronic check,51.34,2757.54,Yes
CUST01413,Male,0,Yes,No,23,Yes,Fiber optic,Yes,No,Yes,No,Yes,One year,Yes,Credit card,80.42,1854.31,Yes
CUST01414,Female,0,Yes,No,8,Yes,No,No internet service,No internet service,No internet service,No internet service,No internet service,Month-to-month,No,Bank transfer,70.56,622.99,No
CUST01415,Female,0,No,No,34,Yes,No,No internet service,No internet service,No internet service,No internet service,No internet service,Two year,Yes,Bank transfer,55.68,1876.39,No
CUST01416,Female,0,No,No,62,Yes,No,No internet service,No internet service,No internet service,No internet service,No internet service,Month-to-month,No,Electronic check,58.23,3596.63,No
CUST01417,Female,0,Yes,No,46,Yes,Fiber optic,Yes,No,No,No,No,Month-to-month,No,Credit card,77.95,3575.66,No
CUST01418,Male,0,Yes,No,23,Yes,No,No internet service,No internet service,No internet service,No internet service,No internet service,Month-to-month,Yes,Electronic check,47.54,1090.0,Yes
CUST01419,Female,1,Yes,Yes,6,Yes,DSL,Yes,Yes,Yes,No,Yes,Two year,No,Mailed check,72.89,453.87,No
CUST01420,Male,0,Yes,Yes,18,Yes,DSL,Yes,Yes,Yes,Yes,Yes,Two year,No,Mailed check,74.83,1415.54,No
CUST01421,Female,0,Yes,Yes,52,Yes,DSL,Yes,No,Yes,No,Yes,One year,Yes,Mailed check,77.9,4114.45,No
CUST01422,Female,1,Yes,No,48,Yes,Fiber optic,Yes,No,No,No,No,Month-to-month,No,Credit card,60.74,3082.85,No
CUST01423,Female,0,Yes,No,32,Yes,No,No internet service,No internet service,No internet service,No internet service,No internet service,Month-to-month,No,Credit card,89.13,2996.4,No
CUST01424,Female,0,No,No,24,Yes,No,No internet service,No internet service,No internet service,No internet service,No internet service,Month-to-month,Yes,Bank transfer,98.04,2288.78,Yes
CUST01425,Male,0,No,No,12,Yes,No,No internet service,No internet service,No internet service,No internet service,No internet service,Month-to-month,Yes,Bank transfer,90.18,1068.57,Yes
CUST01426,Female,0,No,No,70,No,Fiber optic,Yes,Yes,Yes,Yes,No,Two year,Yes,Credit card,79.25,5609.9,No
CUST01427,Female,0,Yes,No,31,Yes,Fiber optic,No,No,Yes,No,Yes,One year,Yes,Bank transfer,38.34,1049.84,No
CUST01428,Female,0,No,No,56,Yes,DSL,No,Yes,Yes,No,Yes,Month-to-month,Yes,Credit card,115.89,6519.61,No
CUST01429,Male,0,Yes,Yes,33,Yes,Fiber optic,Yes,Yes,No,No,No,Two year,No,Electronic check,75.47,2426.6,No
CUST01430,Female,0,Yes,Yes,41,Yes,Fiber optic,Yes,No,No,Yes,Yes,Month-to-month,Yes,Credit card,81.8,3354.11,Yes
CUST01431,Male,0,No,No,46,Yes,Fiber optic,Yes,No,No,Yes,No,Month-to-month,Yes,Mailed check,56.37,2598.54,No
CUST01432,Male,1,Yes,No,25,Yes,DSL,Yes,No,No,Yes,No,Month-to-month,Yes,Electronic check,68.63,1578.71,No
CUST01433,Male,0,Yes,No,68,Yes,DSL,No,No,Yes,Yes,Yes,Two year,No,Electronic check,103.48,7234.65,No
CUST01434,Female,0,No,No,33,Yes,No,No internet service,No internet service,No internet service,No internet service,No internet service,Month-to-month,No,Credit card,93.57,3049.11,No
CUST01435,Male,1,No,No,55,Yes,Fiber optic,No,Yes,No,Yes,No,Month-to-month,No,Credit card,66.22,3761.69,Yes
CUST01436,Male,0,No,No,66,Yes,Fiber optic,No,Yes,No,Yes,No,Month-to-month,No,Mailed check,112.19,7278.28,Yes
CUST01437,Male,0,Yes,Yes,27,Yes,No,No internet service,No internet service,No internet service,No internet service,No internet service,Two year,Yes,Credit card,48.77,1268.82,No
CUST01438,Female,0,Yes,No,17,Yes,Fiber optic,Yes,No,No,Yes,No,Month-to-month,No,Bank transfer,31.98,610.73,No
CUST01439,Male,0,No,No,70,Yes,DSL,No,No,No,No,No,One year,No,Credit card,25.77,1787.76,Yes
CUST01440,Female,0,Yes,Yes,57,Yes,Fiber optic,No,No,No,Yes,Yes,Two year,No,Credit card,93.87,5417.71,No
CUST01441,Female,0,Yes,No,57,Yes,Fiber optic,Yes,Yes,No,No,Yes,One year,No,Electronic check,56.6,3280.07,No
CUST01442,Female,0,Yes,No,69,Yes,Fiber optic,Yes,No,No,Yes,Yes,Month-to-month,Yes,Credit card,70.49,4800.53,No
CUST01443,Female,0,No,No,2,Yes,Fiber optic,No,Yes,No,No,Yes,Month-to-month,Yes,Credit card,101.36,303.71,No
CUST01444,Male,0,No,Yes,68,Yes,Fiber optic,Yes,Yes,No,No,Yes,Month-to-month,Yes,Bank transfer,82.22,5639.96,Yes
CUST01445,Male,0,Yes,No,8,Yes,DSL,No,No,No,No,No,Two year,Yes,Mailed check,44.35,241.97,No
CUST01446,Male,0,No,No,10,Yes,DSL,No,No,Yes,Yes,Yes,Two year,Yes,Bank transfer,114.6,1157.12,Yes
CUST01447,Female,0,Yes,Yes,15,Yes,No,No internet service,No internet service,No internet service,No internet service,No internet service,Month-to-month,No,Credit card,66.73,1055.9,Yes
CUST01448,Female,0,No,No,8,Yes,Fiber optic,No,Yes,Yes,No,Yes,Month-to-month,Yes,Mailed check,72.43,574.16,Yes
CUST01449,Female,0,Yes,No,6,Yes,No,No internet service,No internet service,No internet service,No internet service,No internet service,Month-to-month,Yes,Electronic check,56.18,343.66,No
CUST01450,Male,0,Yes,No,9,Yes,Fiber optic,No,No,Yes,Yes,Yes,Month-to-month,No,Electronic check,46.11,456.58,Yes
CUST01451,Male,0,Yes,No,35,Yes,DSL,No,No,Yes,No,Yes,Month-to-month,Yes,Credit card,79.76,2663.52,Yes
CUST01452,Male,1,No,No,27,Yes,Fiber optic,Yes,Yes,Yes,Yes,No,Two year,Yes,Bank transfer,37.97,1011.82,No
CUST01453,Male,0,No,No,24,Yes,Fiber optic,Yes,Yes,No,Yes,Yes,Month-to-month,No,Electronic check,71.92,1698.8,Yes
CUST01454,Male,0,No,No,12,Yes,Fiber optic,No,Yes,Yes,No,No,Month-to-month,Yes,Bank transfer,113.63,1426.67,No
CUST01455,Female,0,Yes,No,71,Yes,Fiber optic,Yes,Yes,No,Yes,No,Month-to-month,Yes,Mailed check,92.78,6544.93,No
CUST01456,Male,0,Yes,No,24,Yes,Fiber optic,No,Yes,Yes,Yes,Yes,Two year,Yes,Mailed check,79.07,2056.13,No
CUST01457,Female,0,Yes,No,34,Yes,Fiber optic,Yes,No,Yes,Yes,No,Month-to-month,Yes,Electronic check,46.54,1538.05,No
CUST01458,Male,1,Yes,No,10,Yes,DSL,No,No,No,Yes,No,Two year,Yes,Electronic check,72.48,637.21,Yes
CUST01459,Male,1,Yes,No,15,Yes,No,No internet service,No internet service,No internet service,No internet service,No internet service,Month-to-month,Yes,Credit card,54.1,912.22,Yes
CUST01460,Female,0,No,No,17,Yes,Fiber optic,Yes,Yes,No,No,Yes,One year,No,Bank transfer,110.06,1921.08,Yes
CUST01461,Female,0,No,No,70,Yes,Fiber optic,Yes,No,Yes,Yes,No,Month-to-month,Yes,Credit card,62.15,4383.47,No
CUST01462,Male,0,No,No,12,Yes,DSL,No,Yes,Yes,Yes,Yes,Two year,Yes,Electronic check,54.35,634.82,No
CUST01463,Male,0,Yes,No,37,Yes,DSL,Yes,No,Yes,Yes,Yes,One year,Yes,Mailed check,68.56,2510.44,No
CUST01464,Male,0,Yes,No,39,Yes,Fiber optic,No,No,Yes,No,No,Month-to-month,No,Mailed check,54.46,2162.59,No
CUST01465,Female,0,No,No,5,Yes,Fiber optic,Yes,Yes,Yes,Yes,Yes,Two year,Yes,Electronic check,79.89,355.94,No
CUST01466,Male,0,Yes,No,25,Yes,No,No internet service,No internet service,No internet service,No internet service,No internet service,Month-to-month,No,Credit card,119.53,3132.5,Yes
CUST01467,Female,1,No,Yes,5,Yes,Fiber optic,No,Yes,Yes,No,No,Month-to-month,No,Credit card,74.18,391.8,Yes
CUST01468,Male,0,No,Yes,12,Yes,Fiber optic,No,Yes,No,Yes,No,Month-to-month,Yes,Electronic check,50.93,591.35,Yes
CUST01469,Female,0,Yes,No,49,Yes,Fiber optic,Yes,Yes,No,Yes,No,One year,No,Credit card,70.05,3401.19,No
CUST01470,Male,1,Yes,No,41,Yes,No,No internet service,No internet service,No internet service,No internet service,No internet service,Two year,Yes,Credit card,42.23,1635.85,No
CUST01471,Female,0,No,Yes,36,Yes,No,No internet service,No internet service,No internet service,No internet service,No internet service,One year,No,Mailed check,145.84,5308.62,No
CUST01472,Female,0,No,No,15,Yes,DSL,No,No,Yes,No,Yes,Month-to-month,No,Bank transfer,119.02,1723.86,Yes
CUST01473,Male,0,No,No,45,Yes,Fiber optic,Yes,Yes,No,Yes,No,Month-to-month,Yes,Mailed check,105.18,4722.79,Yes
CUST01474,Male,0,No,Yes,66,No,No,No internet service,No internet service,No internet service,No internet service,No internet service,Two year,Yes,Mailed check,92.79,6327.94,No
CUST01475,Female,0,No,No,62,Yes,DSL,Yes,Yes,No,Yes,Yes,Month-to-month,Yes,Mailed check,69.86,4187.03,No
CUST01476,Male,0,Yes,Yes,12,Yes,DSL,Yes,No,Yes,Yes,Yes,Month-to-month,Yes,Electronic check,70.41,836.97,Yes
CUST01477,Male,0,No,No,49,Yes,No,No internet service,No internet service,No internet service,No internet service,No internet service,Two year,Yes,Credit card,68.49,3246.53,No
CUST01478,Male,0,No,No,17,Yes,Fiber optic,No,No,No,Yes,No,Two year,No,Electronic check,133.42,2225.16,No
CUST01479,Male,0,Yes,No,62,Yes,No,No internet service,No internet service,No internet service,No internet service,No internet service,Month-to-month,Yes,Mailed check,69.2,4279.01,No
CUST01480,Male,0,Yes,No,34,Yes,Fiber optic,No,No,No,Yes,Yes,Month-to-month,Yes,Credit card,59.9,1932.3,No
CUST01481,Male,0,No,Yes,54,No,Fiber optic,No,Yes,Yes,No,Yes,Two year,Yes,Bank transfer,71.39,3887.79,No
CUST01482,Male,0,No,No,39,Yes,Fiber optic,No,Yes,No,Yes,No,Month-to-month,No,Electronic check,86.92,3507.35,Yes
CUST01483,Male,0,Yes,No,49,No,Fiber optic,No,Yes,No,No,No,Two year,Yes,Mailed check,18.0,908.63,Yes
CUST01484,Male,0,No,No,68,Yes,No,No internet service,No internet service,No internet service,No internet service,No internet service,Month-to-month,Yes,Bank transfer,83.83,5767.66,No
CUST01485,Male,0,No,Yes,9,Yes,Fiber optic,Yes,Yes,No,No,No,Month-to-month,No,Electronic check,18.0,291.94,Yes
CUST01486,Female,0,No,No,65,Yes,No,No internet service,No internet service,No internet service,No internet service,No internet service,Month-to-month,Yes,Credit card,110.8,7250.57,Yes
CUST01487,Male,0,Yes,Yes,35,Yes,DSL,No,No,Yes,Yes,No,Month-to-month,Yes,Bank transfer,30.9,893.06,Yes
CUST01488,Male,0,Yes,No,10,Yes,No,No internet service,No internet service,No internet service,No internet service,No internet service,Month-to-month,No,Mailed check,53.92,553.53,No
CUST01489,Male,0,Yes,No,31,Yes,Fiber optic,Yes,Yes,No,Yes,No,Month-to-month,No,Credit card,26.07,607.98,No
CUST01490,Female,0,No,No,4,Yes,DSL,Yes,Yes,Yes,Yes,Yes,Two year,Yes,Mailed check,119.02,418.29,No
CUST01491,Male,0,No,Yes,39,Yes,Fiber optic,No,Yes,No,Yes,Yes,Month-to-month,Yes,Mailed check,73.69,2753.99,Yes
CUST01492,Male,0,Yes,Yes,34,Yes,DSL,Yes,No,Yes,No,No,Month-to-month,Yes,Mailed check,129.66,4430.27,No
CUST01493,Male,0,No,Yes,28,Yes,DSL,Yes,No,No,Yes,Yes,Month-to-month,No,Mailed check,123.7,3391.82,Yes
CUST01494,Male,0,Yes,No,32,Yes,No,No internet service,No internet service,No internet service,No internet service,No internet service,Month-to-month,Yes,Credit card,105.23,3391.39,No
CUST01495,Male,0,No,No,45,Yes,No,No internet service,No internet service,No internet service,No internet service,No internet service,One year,No,Electronic check,38.96,1815.7,No
CUST01496,Male,0,Yes,No,60,Yes,DSL,No,Yes,No,No,No,Month-to-month,Yes,Credit card,78.14,4611.74,No
CUST01497,Female,0,No,Yes,28,Yes,DSL,Yes,Yes,No,Yes,Yes,Month-to-month,Yes,Credit card,,3048.58,No
CUST01498,Female,0,No,Yes,1,No,DSL,Yes,Yes,Yes,No,No,One year,Yes,Credit card,83.72,0.0,Yes
CUST01499,Male,1,No,No,40,Yes,No,No internet service,No internet service,No internet service,No internet service,No internet service,Month-to-month,Yes,Bank transfer,64.75,2470.6,No
CUST01500,Female,0,Yes,No,68,Yes,Fiber optic,Yes,No,Yes,Yes,No,Two year,No,Electronic check,82.79,5731.13,No
CUST01501,Female,1,Yes,No,28,Yes,Fiber optic,Yes,No,No,Yes,No,One year,Yes,Credit card,85.19,2314.76,No
CUST01502,Male,0,Yes,Yes,8,Yes,Fiber optic,No,Yes,No,Yes,Yes,Month-to-month,No,Bank transfer,37.07,254.55,No
CUST01503,Male,0,No,Yes,65,Yes,No,No internet service,No internet service,No internet service,No internet service,No internet service,Month-to-month,Yes,Mailed check,59.83,3823.53,No
CUST01504,Male,0,Yes,No,30,Yes,DSL,No,Yes,No,No,No,Month-to-month,Yes,Bank transfer,90.33,2571.24,No
CUST01505,Female,0,No,No,27,Yes,DSL,No,Yes,No,Yes,Yes,Two year,Yes,Mailed check,95.86,2505.51,Yes
CUST01506,Male,0,No,No,21,Yes,Fiber optic,Yes,No,Yes,Yes,Yes,Two year,Yes,Credit card,80.08,1681.22,No
CUST01507,Female,0,Yes,Yes,53,Yes,No,No internet service,No internet service,No internet service,No internet service,No internet service,Two year,No,Credit card,63.8,3350.58,No
CUST01508,Male,0,Yes,Yes,10,Yes,Fiber optic,Yes,No,No,Yes,Yes,One year,Yes,Bank transfer,69.2,777.86,No
CUST01509,Female,0,Yes,No,44,Yes,No,No internet service,No internet service,No internet service,No internet service,No internet service,Two year,Yes,Credit card,55.14,2376.67,No
CUST01510,Female,1,No,Yes,25,Yes,No,No internet service,No internet service,No internet service,No internet service,No internet service,Month-to-month,Yes,Mailed check,71.4,1784.04,Yes
CUST01511,Male,0,No,No,28,Yes,DSL,No,Yes,No,Yes,Yes,One year,Yes,Electronic check,95.25,2623.48,No
CUST01512,Male,0,Yes,Yes,15,Yes,Fiber optic,Yes,No,No,Yes,Yes,Month-to-month,Yes,Mailed check,134.7,2095.22,Yes
CUST01513,Female,0,No,No,58,Yes,No,No internet service,No internet service,No internet service,No internet service,No internet service,Two year,No,Credit card,43.89,2430.97,No
CUST01514,Male,0,Yes,Yes,33,Yes,DSL,Yes,Yes,No,Yes,No,Two year,No,Credit card,105.67,3525.33,No
CUST01515,Male,1,Yes,No,67,Yes,Fiber optic,Yes,No,Yes,No,Yes,One year,No,Electronic check,83.57,5631.58,No
CUST01516,Female,0,No,Yes,60,Yes,DSL,No,No,Yes,Yes,No,Two year,Yes,Bank transfer,33.97,1972.5,No
CUST01517,Male,1,No,Yes,55,Yes,No,No internet service,No internet service,No internet service,No internet service,No internet service,Two year,Yes,Credit card,71.56,3927.85,No
CUST01518,Male,0,Yes,No,32,Yes,DSL,No,Yes,Yes,Yes,Yes,Month-to-month,No,Electronic check,69.45,2253.36,No
CUST01519,Male,0,No,Yes,69,Yes,Fiber optic,No,No,Yes,No,Yes,Month-to-month,Yes,Bank transfer,73.96,5047.9,Yes
CUST01520,Male,0,No,Yes,42,Yes,Fiber optic,No,Yes,Yes,Yes,No,One year,No,Credit card,100.19,4150.97,No
CUST01521,Female,0,No,Yes,31,Yes,Fiber optic,Yes,Yes,No,Yes,No,One year,No,Mailed check,123.37,3726.09,Yes
CUST01522,Female,0,No,No,25,Yes,DSL,Yes,Yes,Yes,No,No,Month-to-month,No,Bank transfer,106.38,2821.29,No
CUST01523,Male,0,Yes,No,66,Yes,DSL,No,Yes,Yes,Yes,Yes,Month-to-month,Yes,Mailed check,79.32,5197.77,No
CUST01524,Male,1,Yes,No,18,Yes,No,No internet service,No internet service,No internet service,No internet service,No internet service,Month-to-month,No,Electronic check,82.1,1379.72,Yes
CUST01525,Female,0,No,No,63,Yes,No,No internet service,No internet service,No internet service,No internet service,No internet service,Two year,Yes,Mailed check,125.97,7794.66,No
CUST01526,Male,0,No,No,16,Yes,Fiber optic,Yes,No,Yes,Yes,No,One year,Yes,Mailed check,47.53,696.26,Yes
CUST01527,Male,0,Yes,Yes,55,Yes,DSL,No,Yes,Yes,No,No,One year,No,Mailed check,105.05,5799.1,No
CUST01528,Male,1,Yes,No,20,Yes,Fiber optic,No,Yes,No,No,No,Month-to-month,Yes,Mailed check,45.32,885.96,Yes
CUST01529,Male,0,Yes,No,60,Yes,Fiber optic,No,No,Yes,Yes,Yes,Month-to-month,Yes,Credit card,35.86,2179.65,No
CUST01530,Female,0,No,No,60,Yes,Fiber optic,No,No,No,No,Yes,Month-to-month,Yes,Bank transfer,89.78,5444.02,No
CUST01531,Male,0,Yes,Yes,53,Yes,DSL,Yes,No,Yes,No,Yes,Month-to-month,Yes,Bank transfer,32.56,1713.61,No
CUST01532,Male,0,Yes,No,72,Yes,DSL,No,No,No,Yes,Yes,Month-to-month,Yes,Bank transfer,64.18,4610.76,No
CUST01533,Female,0,Yes,No,37,Yes,DSL,No,No,Yes,No,No,Month-to-month,Yes,Mailed check,108.36,4134.58,No
CUST01534,Male,0,No,No,61,Yes,Fiber optic,No,Yes,Yes,No,Yes,Month-to-month,Yes,Credit card,51.15,3179.08,No
CUST01535,Female,0,No,Yes,40,No,DSL,Yes,Yes,No,No,Yes,Month-to-month,Yes,Mailed check,118.92,4787.56,Yes
CUST01536,Male,0,Yes,No,2,Yes,Fiber optic,Yes,Yes,Yes,No,No,One year,Yes,Electronic check,18.0,8.55,Yes
CUST01537,Male,0,Yes,No,30,Yes,Fiber optic,Yes,No,No,No,Yes,One year,No,Mailed check,100.11,3057.33,No
CUST01538,Male,0,Yes,No,2,Yes,Fiber optic,Yes,Yes,Yes,Yes,Yes,Month-to-month,Yes,Mailed check,39.4,106.99,No
CUST01539,Female,0,No,No,48,Yes,Fiber optic,No,Yes,No,No,Yes,Two year,Yes,Mailed check,69.14,3343.89,No
CUST01540,Female,0,No,No,11,No,Fiber optic,Yes,No,No,No,Yes,Month-to-month,No,Electronic check,79.39,930.67,Yes
CUST01541,Male,0,No,No,23,Yes,DSL,No,Yes,Yes,No,Yes,Two year,No,Mailed check,66.94,1565.71,No
CUST01542,Male,0,No,Yes,63,Yes,DSL,Yes,Yes,No,Yes,Yes,Month-to-month,Yes,Electronic check,67.57,4135.37,No
CUST01543,Male,1,Yes,No,53,Yes,Fiber optic,No,No,Yes,Yes,No,Month-to-month,Yes,Mailed check,37.73,2004.06,Yes
CUST01544,Female,0,Yes,No,24,Yes,Fiber optic,No,No,Yes,Yes,No,Month-to-month,Yes,Credit card,109.37,2535.68,Yes
CUST01545,Male,0,Yes,Yes,36,Yes,Fiber optic,No,Yes,Yes,Yes,No,Two year,Yes,Bank transfer,43.25,1607.66,No
CUST01546,Female,0,Yes,No,42,Yes,Fiber optic,Yes,No,Yes,Yes,Yes,Two year,Yes,Credit card,43.23,1690.18,No
CUST01547,Female,0,Yes,No,25,Yes,DSL,No,Yes,Yes,Yes,No,Month-to-month,Yes,Electronic check,71.57,1786.76,No
CUST01548,Female,0,No,No,54,Yes,DSL,No,No,No,Yes,No,Two year,No,Credit card,56.58,3059.95,No
CUST01549,Male,0,Yes,No,10,Yes,Fiber optic,Yes,No,Yes,No,Yes,Month-to-month,Yes,Electronic check,94.96,857.84,No
CUST01550,Male,0,No,No,31,No,Fiber optic,Yes,No,No,Yes,No,One year,Yes,Bank transfer,60.66,1873.97,Yes
CUST01551,Male,0,Yes,Yes,18,Yes,Fiber optic,No,Yes,No,No,No,Month-to-month,Yes,Credit card,73.97,1392.88,No
CUST01552,Female,0,Yes,No,49,Yes,DSL,No,Yes,No,No,Yes,One year,Yes,Mailed check,76.86,3721.61,No
CUST01553,Female,1,No,No,46,Yes,No,No internet service,No internet service,No internet service,No internet service,No internet service,Month-to-month,Yes,Electronic check,98.34,4546.8,No
CUST01554,Female,0,Yes,No,58,Yes,Fiber optic,No,No,Yes,No,No,One year,Yes,Mailed check,60.81,3567.59,No
CUST01555,Male,0,Yes,Yes,26,Yes,Fiber optic,Yes,Yes,Yes,No,Yes,Month-to-month,Yes,Electronic check,32.21,752.07,No
CUST01556,Male,0,Yes,Yes,16,Yes,Fiber optic,Yes,No,No,No,Yes,One year,No,Bank transfer,53.76,863.47,No
CUST01557,Female,0,No,No,2,Yes,Fiber optic,No,Yes,Yes,Yes,No,Month-to-month,No,Credit card,102.43,187.99,Yes
CUST01558,Female,0,Yes,No,62,Yes,Fiber optic,Yes,No,No,No,No,Month-to-month,No,Bank transfer,82.7,5126.21,No
CUST01559,Female,0,No,No,24,Yes,DSL,No,Yes,No,No,Yes,Month-to-month,Yes,Electronic check,64.74,1425.43,Yes
CUST01560,Female,0,No,No,55,Yes,DSL,No,Yes,No,No,No,Month-to-month,Yes,Electronic check,75.53,4041.56,Yes
CUST01561,Male,0,No,No,26,Yes,DSL,No,No,Yes,Yes,No,Month-to-month,No,Mailed check,67.36,1848.97,No
CUST01562,Male,0,Yes,No,24,No,No,No internet service,No internet service,No internet service,No internet service,No internet service,Month-to-month,Yes,Credit card,93.69,2309.06,No
CUST01563,Male,1,No,No,17,Yes,No,No internet service,No internet service,No internet service,No internet service,No internet service,Month-to-month,No,Mailed check,82.44,1419.09,No
CUST01564,Female,0,Yes,No,57,Yes,Fiber optic,Yes,Yes,No,No,No,Month-to-month,Yes,Credit card,67.03,3892.84,Yes
CUST01565,Female,0,No,Yes,20,No,Fiber optic,Yes,No,Yes,No,No,Month-to-month,Yes,Credit card,96.94,1832.73,No
CUST01566,Male,0,No,No,21,Yes,DSL,Yes,Yes,Yes,No,Yes,Month-to-month,Yes,Credit card,103.42,2153.66,No
CUST01567,Female,1,Yes,No,51,Yes,No,No internet service,No internet service,No internet service,No internet service,No internet service,Month-to-month,Yes,Electronic check,51.02,2576.34,Yes
CUST01568,Female,0,Yes,Yes,37,Yes,DSL,Yes,No,Yes,No,No,Month-to-month,No,Electronic check,51.47,1842.78,No
CUST01569,Female,0,No,No,54,Yes,DSL,Yes,Yes,No,Yes,No,One year,No,Electronic check,134.02,7146.39,No
CUST01570,Female,0,No,Yes,7,Yes,No,No internet service,No internet service,No internet service,No internet service,No internet service,Two year,No,Mailed check,89.65,732.84,No
CUST01571,Male,0,No,No,69,Yes,DSL,Yes,No,Yes,No,Yes,Month-to-month,No,Mailed check,115.73,7935.02,No
CUST01572,Male,0,No,Yes,17,No,No,No internet service,No internet service,No internet service,No internet service,No internet service,Month-to-month,No,Bank transfer,96.31,1673.32,No
CUST01573,Female,1,No,No,8,Yes,No,No internet service,No internet service,No internet service,No internet service,No internet service,Two year,No,Electronic check,85.49,710.5,No
CUST01574,Female,0,No,No,7,Yes,No,No internet service,No internet service,No internet service,No internet service,No internet service,Month-to-month,No,Mailed check,20.58,227.69,No
CUST01575,Male,0,No,Yes,22,No,Fiber optic,Yes,Yes,No,No,No,Month-to-month,No,Mailed check,43.47,1015.07,No
CUST01576,Male,0,Yes,No,30,Yes,Fiber optic,Yes,No,Yes,Yes,Yes,Month-to-month,Yes,Mailed check,90.26,2683.2,No
CUST01577,Female,0,No,No,5,No,Fiber optic,Yes,Yes,No,No,No,Two year,No,Bank transfer,51.38,155.69,No
CUST01578,Female,1,No,No,45,No,No,No internet service,No internet service,No internet service,No internet service,No internet service,Month-to-month,Yes,Bank transfer,70.29,3234.44,No
CUST01579,Male,0,Yes,No,44,No,Fiber optic,Yes,No,Yes,No,No,Month-to-month,Yes,Credit card,96.76,4355.19,No
CUST01580,Female,0,Yes,No,56,Yes,No,No internet service,No internet service,No internet service,No internet service,No internet service,Month-to-month,Yes,Electronic check,77.39,4530.89,No
CUST01581,Male,0,Yes,No,1,Yes,No,No internet service,No internet service,No internet service,No internet service,No internet service,Month-to-month,No,Electronic check,83.97,,Yes
CUST01582,Male,0,Yes,No,7,Yes,Fiber optic,Yes,Yes,No,Yes,Yes,Month-to-month,No,Electronic check,108.7,709.79,Yes
CUST01583,Female,0,No,No,14,Yes,No,No internet service,No internet service,No internet service,No internet service,No internet service,Two year,Yes,Mailed check,111.17,1515.66,No
CUST01584,Male,0,Yes,No,31,Yes,DSL,No,Yes,No,No,No,Month-to-month,Yes,Electronic check,72.59,2084.18,Yes
CUST01585,Female,0,No,No,42,Yes,No,No internet service,No internet service,No internet service,No internet service,No internet service,One year,No,Mailed check,105.85,4380.76,No
CUST01586,Male,0,Yes,No,14,Yes,No,No internet service,No internet service,No internet service,No internet service,No internet service,Two year,No,Mailed check,49.98,598.21,No
CUST01587,Female,0,No,No,26,Yes,DSL,Yes,Yes,Yes,Yes,No,Month-to-month,Yes,Bank transfer,79.67,2118.47,Yes
CUST01588,Male,0,No,No,37,No,Fiber optic,No,No,Yes,No,Yes,Month-to-month,No,Mailed check,88.15,3338.15,Yes
CUST01589,Female,0,No,Yes,39,Yes,Fiber optic,No,Yes,Yes,Yes,No,Month-to-month,No,Bank transfer,71.36,2963.69,Yes
CUST01590,Male,0,No,No,38,Yes,No,No internet service,No internet service,No internet service,No internet service,No internet service,One year,Yes,Credit card,68.45,2848.09,No
CUST01591,Female,0,Yes,No,46,Yes,DSL,No,Yes,Yes,No,No,Month-to-month,Yes,Electronic check,46.01,2136.36,Yes
CUST01592,Male,1,No,No,55,Yes,Fiber optic,Yes,No,No,No,Yes,Month-to-month,Yes,Electronic check,73.11,3974.43,No
CUST01593,Male,0,No,No,61,Yes,Fiber optic,No,No,No,Yes,Yes,Month-to-month,No,Bank transfer,33.79,2029.91,No
CUST01594,Male,1,Yes,No,70,Yes,Fiber optic,No,No,No,No,No,Month-to-month,No,Mailed check,70.67,,No
CUST01595,Female,0,No,No,28,Yes,No,No internet service,No internet service,No internet service,No internet service,No internet service,Month-to-month,No,Credit card,75.51,2301.78,No
CUST01596,Male,0,Yes,No,23,Yes,Fiber optic,Yes,Yes,Yes,No,Yes,Month-to-month,No,Electronic check,92.63,1908.87,Yes
CUST01597,Female,0,No,No,20,Yes,Fiber optic,Yes,Yes,No,No,Yes,Two year,Yes,Electronic check,44.59,1021.42,No
CUST01598,Female,0,Yes,No,25,Yes,No,No internet service,No internet service,No internet service,No internet service,No internet service,Two year,Yes,Mailed check,82.5,1987.83,No
CUST01599,Female,0,No,Yes,39,Yes,DSL,Yes,No,Yes,No,No,Two year,No,Bank transfer,88.24,3410.06,No
CUST01600,Female,0,Yes,No,44,Yes,DSL,No,Yes,Yes,Yes,Yes,Month-to-month,Yes,Electronic check,73.45,3025.38,No
CUST01601,Male,0,Yes,No,5,Yes,DSL,No,No,No,Yes,No,Month-to-month,No,Mailed check,85.19,510.35,No
CUST01602,Female,0,Yes,No,72,Yes,No,No internet service,No internet service,No internet service,No internet service,No internet service,Month-to-month,No,Mailed check,80.75,5877.45,No
CUST01603,Female,0,No,No,3,Yes,No,No internet service,No internet service,No internet service,No internet service,No internet service,Month-to-month,Yes,Bank transfer,18.0,0.0,No
CUST01604,Male,0,Yes,Yes,29,Yes,Fiber optic,Yes,No,Yes,No,No,Two year,Yes,Credit card,50.95,,No
CUST01605,Male,0,No,No,33,Yes,DSL,No,Yes,No,No,No,One year,Yes,Bank transfer,127.57,4283.01,No
CUST01606,Female,0,No,No,25,Yes,Fiber optic,Yes,No,No,No,No,Month-to-month,Yes,Credit card,90.4,2217.58,Yes
CUST01607,Male,1,No,No,15,Yes,Fiber optic,No,Yes,Yes,Yes,No,One year,Yes,Bank transfer,58.96,720.21,No
CUST01608,Female,1,Yes,No,38,Yes,Fiber optic,No,No,Yes,Yes,No,Month-to-month,No,Mailed check,83.17,3142.93,No
CUST01609,Male,0,No,No,0,Yes,DSL,No,Yes,Yes,Yes,Yes,One year,Yes,Electronic check,91.77,83.33,No
CUST01610,Male,0,No,No,54,Yes,DSL,No,Yes,No,No,Yes,Month-to-month,Yes,Mailed check,112.53,6003.42,Yes
CUST01611,Female,0,Yes,No,49,Yes,No,No internet service,No internet service,No internet service,No internet service,No internet service,Two year,No,Mailed check,64.27,3235.73,No
CUST01612,Male,0,Yes,No,56,Yes,Fiber optic,Yes,Yes,Yes,Yes,No,Two year,Yes,Credit card,59.1,3240.75,No
CUST01613,Female,1,No,Yes,59,Yes,DSL,Yes,No,Yes,No,No,Month-to-month,Yes,Mailed check,61.56,3624.8,No
CUST01614,Female,0,Yes,Yes,64,Yes,No,No internet service,No internet service,No internet service,No internet service,No internet service,One year,No,Bank transfer,59.72,3763.16,No
CUST01615,Male,0,Yes,No,10,Yes,Fiber optic,No,No,Yes,No,Yes,Month-to-month,Yes,Electronic check,58.87,601.22,Yes
CUST01616,Male,0,Yes,No,60,Yes,Fiber optic,Yes,Yes,No,No,Yes,Two year,Yes,Mailed check,78.68,4786.5,No
CUST01617,Female,0,No,No,41,Yes,DSL,Yes,No,No,No,No,Month-to-month,No,Credit card,63.47,2732.73,Yes
CUST01618,Female,1,No,No,9,Yes,No,No internet service,No internet service,No internet service,No internet service,No internet service,Two year,No,Credit card,72.45,668.72,No
CUST01619,Male,0,No,Yes,71,Yes,DSL,Yes,No,No,Yes,Yes,Two year,Yes,Mailed check,120.81,8452.81,No
CUST01620,Female,0,No,No,59,Yes,No,No internet service,No internet service,No internet service,No internet service,No internet service,Month-to-month,No,Mailed check,50.05,3003.52,No
CUST01621,Male,0,Yes,No,19,Yes,Fiber optic,No,No,No,No,No,Month-to-month,Yes,Mailed check,82.42,1542.15,Yes
CUST01622,Male,1,Yes,Yes,65,Yes,DSL,Yes,No,Yes,Yes,No,One year,No,Credit card,45.61,2939.11,No
CUST01623,Female,0,Yes,No,53,Yes,DSL,No,Yes,Yes,No,No,Month-to-month,Yes,Electronic check,97.18,5159.0,No
CUST01624,Male,0,Yes,No,32,No,No,No internet service,No internet service,No internet service,No internet service,No internet service,Month-to-month,No,Credit card,101.97,3307.78,No
CUST01625,Female,1,Yes,No,11,Yes,DSL,No,No,No,Yes,Yes,Month-to-month,Yes,Bank transfer,52.31,542.32,No
CUST01626,Female,0,No,No,53,Yes,DSL,No,No,Yes,No,No,Month-to-month,Yes,Credit card,56.6,3046.28,Yes
CUST01627,Female,1,Yes,No,68,Yes,Fiber optic,Yes,No,No,Yes,Yes,Month-to-month,Yes,Electronic check,90.67,6197.94,No
CUST01628,Female,0,Yes,Yes,14,Yes,DSL,No,Yes,No,Yes,No,Month-to-month,Yes,Electronic check,67.14,986.5,Yes
CUST01629,Male,0,Yes,No,0,Yes,Fiber optic,No,Yes,Yes,No,No,Month-to-month,Yes,Electronic check,109.43,70.39,Yes
CUST01630,Male,0,Yes,Yes,16,Yes,Fiber optic,No,Yes,No,Yes,No,Month-to-month,Yes,Mailed check,43.95,526.7,No
CUST01631,Female,0,Yes,No,21,Yes,DSL,Yes,Yes,No,No,Yes,One year,Yes,Electronic check,100.93,2088.11,No
CUST01632,Female,0,Yes,No,27,Yes,Fiber optic,Yes,No,No,No,No,Month-to-month,Yes,Mailed check,129.94,3496.16,No
CUST01633,Male,0,Yes,No,71,Yes,DSL,Yes,Yes,Yes,No,Yes,Month-to-month,Yes,Mailed check,83.8,5929.88,No
CUST01634,Female,0,No,No,70,Yes,No,No internet service,No internet service,No internet service,No internet service,No internet service,Two year,No,Bank transfer,58.08,3996.31,No
CUST01635,Male,0,No,No,48,Yes,DSL,Yes,No,No,Yes,No,Two year,No,Mailed check,54.57,2567.16,No
CUST01636,Female,0,No,No,15,Yes,Fiber optic,No,No,No,No,Yes,Month-to-month,No,Mailed check,69.95,1090.95,No
CUST01637,Male,0,No,No,15,Yes,Fiber optic,No,Yes,No,No,Yes,Two year,No,Credit card,90.9,1400.37,Yes
CUST01638,Female,0,No,Yes,5,Yes,Fiber optic,Yes,Yes,Yes,Yes,Yes,Month-to-month,No,Electronic check,36.66,185.9,No
CUST01639,Male,1,No,Yes,57,Yes,DSL,Yes,No,No,No,Yes,One year,Yes,Mailed check,66.26,3696.5,No
CUST01640,Male,1,No,No,16,Yes,DSL,No,Yes,Yes,No,Yes,Month-to-month,No,Mailed check,77.29,1305.4,No
CUST01641,Female,0,No,No,65,No,Fiber optic,Yes,Yes,Yes,No,Yes,Month-to-month,Yes,Mailed check,112.85,7398.24,Yes
CUST01642,Male,0,Yes,Yes,43,Yes,Fiber optic,No,No,Yes,Yes,Yes,Two year,Yes,Mailed check,120.54,5272.21,No
CUST01643,Male,0,Yes,No,35,Yes,Fiber optic,Yes,No,No,No,No,One year,Yes,Bank transfer,70.71,2412.32,No
CUST01644,Female,0,Yes,Yes,67,Yes,DSL,No,Yes,No,No,Yes,Month-to-month,Yes,Credit card,46.29,3391.59,No
CUST01645,Male,0,Yes,No,11,Yes,Fiber optic,Yes,Yes,Yes,Yes,Yes,Two year,No,Mailed check,77.5,870.1,No
CUST01646,Male,0,No,No,33,Yes,DSL,Yes,No,Yes,No,Yes,Month-to-month,Yes,Credit card,78.4,2526.61,No
CUST01647,Male,0,Yes,Yes,18,Yes,Fiber optic,Yes,No,Yes,No,Yes,Month-to-month,Yes,Bank transfer,103.65,2056.02,No
CUST01648,Female,0,No,Yes,13,Yes,Fiber optic,No,No,Yes,No,Yes,Month-to-month,Yes,Mailed check,62.91,877.64,Yes
CUST01649,Female,0,No,No,68,Yes,DSL,No,Yes,Yes,No,Yes,One year,Yes,Mailed check,49.27,3366.58,No
CUST01650,Female,0,No,No,44,Yes,No,No internet service,No internet service,No internet service,No internet service,No internet service,One year,Yes,Electronic check,73.71,3269.12,No
CUST01651,Male,0,Yes,No,11,Yes,Fiber optic,Yes,No,Yes,No,No,Month-to-month,Yes,Electronic check,65.5,823.09,Yes
CUST01652,Male,0,Yes,Yes,7,Yes,DSL,No,Yes,No,Yes,Yes,Month-to-month,Yes,Bank transfer,64.83,473.99,No
CUST01653,Male,0,Yes,No,22,Yes,DSL,No,No,No,No,Yes,Month-to-month,Yes,Credit card,52.29,1012.4,Yes
CUST01654,Female,0,No,No,60,Yes,Fiber optic,Yes,Yes,No,Yes,Yes,Month-to-month,Yes,Mailed check,42.61,2555.16,Yes
CUST01655,Male,0,No,No,10,Yes,No,No internet service,No internet service,No internet service,No internet service,No internet service,Month-to-month,Yes,Electronic check,89.26,964.57,No
CUST01656,Male,0,No,No,54,Yes,DSL,Yes,No,No,No,No,Month-to-month,No,Mailed check,80.6,4348.58,Yes
CUST01657,Female,0,No,Yes,7,Yes,DSL,Yes,Yes,Yes,Yes,Yes,One year,No,Bank transfer,53.91,298.56,No
CUST01658,Female,0,No,No,24,Yes,Fiber optic,Yes,No,No,No,Yes,Two year,Yes,Mailed check,94.5,2265.09,No
CUST01659,Female,0,No,No,38,Yes,Fiber optic,Yes,No,Yes,Yes,Yes,Month-to-month,No,Mailed check,27.93,1130.48,No
CUST01660,Male,0,Yes,No,9,No,Fiber optic,No,No,Yes,Yes,No,Month-to-month,No,Mailed check,63.8,676.28,Yes
CUST01661,Female,0,Yes,No,28,Yes,Fiber optic,Yes,No,Yes,No,No,One year,Yes,Electronic check,79.38,2133.91,No
CUST01662,Female,0,Yes,Yes,19,Yes,Fiber optic,Yes,Yes,Yes,Yes,No,Month-to-month,No,Electronic check,101.7,1838.11,Yes
CUST01663,Male,0,No,Yes,3,Yes,DSL,No,Yes,Yes,No,Yes,One year,No,Electronic check,60.11,175.62,No
CUST01664,Female,1,No,Yes,0,Yes,Fiber optic,No,Yes,Yes,No,Yes,Month-to-month,Yes,Bank transfer,102.1,0.0,No
CUST01665,Female,0,No,No,10,Yes,DSL,Yes,Yes,Yes,No,Yes,Month-to-month,Yes,Credit card,57.71,530.85,No
CUST01666,Male,0,No,Yes,54,Yes,DSL,No,Yes,Yes,Yes,No,Month-to-month,No,Credit card,94.54,5083.66,Yes
CUST01667,Female,1,No,Yes,2,Yes,No,No internet service,No internet service,No internet service,No internet service,No internet service,Two year,Yes,Bank transfer,116.05,293.39,No
CUST01668,Female,0,Yes,Yes,36,Yes,DSL,Yes,No,No,No,No,Month-to-month,Yes,Credit card,49.0,1696.49,Yes
CUST01669,Female,0,Yes,Yes,1,Yes,DSL,Yes,Yes,No,Yes,Yes,Month-to-month,Yes,Mailed check,77.79,0.0,No
CUST01670,Female,0,No,No,15,Yes,No,No internet service,No internet service,No internet service,No internet service,No internet service,Month-to-month,Yes,Bank transfer,87.52,1253.68,No
CUST01671,Female,0,No,No,13,Yes,No,,No internet service,No internet service,No internet service,No internet service,Two year,Yes,Bank transfer,42.89,436.54,No
CUST01672,Female,0,No,No,24,No,No,No internet service,No internet service,No internet service,No internet service,No internet service,Two year,Yes,Mailed check,84.81,2039.65,No
CUST01673,Male,1,Yes,No,54,Yes,DSL,Yes,No,No,Yes,No,Month-to-month,No,Bank transfer,59.84,3240.09,No
CUST01674,Female,1,No,No,30,Yes,Fiber optic,No,No,No,No,Yes,Month-to-month,Yes,Credit card,52.93,1668.7,Yes
CUST01675,Female,0,No,No,1,Yes,Fiber optic,Yes,No,No,Yes,No,Month-to-month,No,Mailed check,,0.0,No
CUST01676,Female,0,No,Yes,10,Yes,Fiber optic,No,Yes,Yes,Yes,Yes,Month-to-month,No,Bank transfer,61.6,625.83,No
CUST01677,Male,0,Yes,Yes,22,Yes,DSL,No,No,Yes,Yes,Yes,Month-to-month,Yes,Electronic check,94.02,2095.24,No
CUST01678,Male,0,No,No,20,Yes,Fiber optic,No,No,Yes,Yes,Yes,Month-to-month,No,Bank transfer,73.98,1355.76,Yes
CUST01679,Female,0,No,No,41,Yes,DSL,No,No,Yes,Yes,Yes,One year,Yes,Bank transfer,131.77,5420.1,Yes
CUST01680,Female,0,No,No,25,Yes,Fiber optic,No,No,Yes,No,Yes,One year,Yes,Mailed check,60.6,1535.5,No
CUST01681,Female,0,No,Yes,54,Yes,Fiber optic,,Yes,Yes,No,No,Two year,Yes,Credit card,85.85,4625.66,No
CUST01682,Male,0,No,Yes,18,Yes,Fiber optic,Yes,Yes,No,Yes,Yes,Month-to-month,Yes,Credit card,70.23,1161.63,No
CUST01683,Male,0,No,Yes,49,Yes,Fiber optic,Yes,No,No,Yes,Yes,One year,No,Credit card,42.1,2056.81,No
CUST01684,Female,0,No,No,7,Yes,No,No internet service,No internet service,No internet service,No internet service,No internet service,Two year,Yes,Credit card,113.76,639.82,No
CUST01685,Male,0,Yes,No,72,Yes,No,No internet service,No internet service,No internet service,No internet service,No internet service,Month-to-month,Yes,Bank transfer,76.99,5569.3,No
CUST01686,Female,1,Yes,Yes,72,Yes,Fiber optic,Yes,No,No,No,No,Month-to-month,No,Bank transfer,54.48,3981.89,Yes
CUST01687,Male,0,Yes,Yes,20,Yes,DSL,No,No,No,Yes,No,One year,No,Credit card,84.0,1662.48,No
CUST01688,Male,0,No,Yes,17,Yes,No,No internet service,No internet service,No internet service,No internet service,No internet service,One year,No,Mailed check,99.84,1799.63,No
CUST01689,Female,0,Yes,Yes,0,Yes,DSL,No,No,Yes,Yes,Yes,Two year,Yes,Electronic check,52.78,0.0,No
CUST01690,Male,0,Yes,No,71,Yes,DSL,Yes,Yes,Yes,No,Yes,One year,Yes,Mailed check,75.26,5285.22,No
CUST01691,Female,1,No,No,2,Yes,Fiber optic,Yes,Yes,No,No,Yes,Two year,Yes,Mailed check,100.01,177.74,No
CUST01692,Female,1,No,No,0,Yes,Fiber optic,Yes,Yes,Yes,No,No,Month-to-month,Yes,Bank transfer,78.13,181.09,Yes
CUST01693,Female,0,Yes,No,7,Yes,DSL,No,Yes,No,Yes,No,Two year,No,Electronic check,87.85,592.22,No
CUST01694,Male,0,Yes,No,21,Yes,DSL,Yes,No,No,No,No,Month-to-month,No,Electronic check,67.4,1586.87,Yes
CUST01695,Male,0,No,No,71,Yes,DSL,No,No,No,No,No,Month-to-month,No,Credit card,34.68,2459.2,No
CUST01696,Female,0,Yes,No,12,Yes,Fiber optic,Yes,No,No,No,Yes,Month-to-month,Yes,Mailed check,67.71,747.94,Yes
CUST01697,Male,0,Yes,No,41,Yes,Fiber optic,Yes,No,Yes,No,Yes,One year,Yes,Mailed check,59.98,2615.41,No
CUST01698,Male,0,Yes,No,47,No,Fiber optic,No,No,No,No,Yes,Month-to-month,Yes,Electronic check,71.27,3364.47,No
CUST01699,Male,0,Yes,Yes,58,Yes,Fiber optic,Yes,No,No,Yes,Yes,Month-to-month,Yes,Electronic check,60.26,3471.56,Yes
CUST01700,Female,0,No,Yes,51,Yes,No,No internet service,No internet service,No internet service,No internet service,No internet service,One year,No,Credit card,78.26,4060.14,No
CUST01701,Male,0,Yes,No,71,Yes,Fiber optic,No,No,No,Yes,Yes,Month-to-month,No,Bank transfer,65.33,4738.21,Yes
CUST01702,Male,0,No,No,48,Yes,Fiber optic,Yes,Yes,Yes,No,No,Month-to-month,No,Mailed check,94.22,4476.06,Yes
CUST01703,Female,0,Yes,Yes,61,No,Fiber optic,Yes,Yes,No,No,No,Month-to-month,No,Mailed check,89.39,5524.93,Yes
CUST01704,Male,0,Yes,No,23,Yes,Fiber optic,Yes,No,No,No,Yes,Two year,Yes,Mailed check,50.89,1152.34,No
CUST01705,Female,0,Yes,No,29,Yes,Fiber optic,Yes,No,No,No,Yes,One year,Yes,Credit card,105.41,2978.4,Yes
CUST01706,Female,0,No,No,53,Yes,DSL,No,No,Yes,Yes,Yes,Month-to-month,No,Credit card,55.92,2907.17,No
CUST01707,Female,0,Yes,No,63,Yes,No,No internet service,No internet service,No internet service,No internet service,No internet service,Two year,Yes,Mailed check,45.89,2797.31,No
CUST01708,Female,0,Yes,Yes,0,Yes,Fiber optic,Yes,Yes,Yes,Yes,Yes,Two year,Yes,Mailed check,100.38,6.97,Yes
CUST01709,Male,0,Yes,No,31,Yes,No,No internet service,No internet service,No internet service,No internet service,No internet service,Month-to-month,Yes,Mailed check,59.19,1842.15,No
CUST01710,Male,1,No,Yes,58,Yes,Fiber optic,Yes,No,No,No,Yes,Month-to-month,No,Mailed check,76.45,4525.48,No
CUST01711,Male,0,Yes,No,8,Yes,Fiber optic,Yes,No,Yes,No,Yes,Month-to-month,No,Mailed check,41.8,403.87,Yes
CUST01712,Male,0,No,No,25,Yes,DSL,No,No,Yes,Yes,No,One year,Yes,Mailed check,64.85,1588.94,No
CUST01713,Female,0,No,Yes,40,Yes,Fiber optic,Yes,No,Yes,No,Yes,Two year,No,Mailed check,71.12,2829.36,No
CUST01714,Female,0,No,No,6,No,Fiber optic,Yes,No,No,No,No,Month-to-month,Yes,Credit card,64.19,333.22,Yes
CUST01715,Female,0,No,No,66,Yes,No,No internet service,No internet service,No internet service,No internet service,No internet service,Month-to-month,Yes,Mailed check,61.15,4044.68,Yes
CUST01716,Female,0,Yes,No,26,Yes,No,No internet service,No internet service,No internet service,No internet service,No internet service,Month-to-month,Yes,Mailed check,75.02,1932.86,Yes
CUST01717,Female,0,No,No,57,Yes,Fiber optic,Yes,Yes,No,No,Yes,Month-to-month,Yes,Mailed check,98.75,5632.72,No
CUST01718,Male,0,No,Yes,31,Yes,No,No internet service,No internet service,No internet service,No internet service,No internet service,Two year,No,Mailed check,50.46,1681.23,No
CUST01719,Male,0,Yes,No,29,Yes,No,No internet service,No internet service,No internet service,No internet service,No internet service,Two year,Yes,Electronic check,18.0,643.1,No
CUST01720,Female,0,No,Yes,70,No,No,No internet service,No internet service,No internet service,No internet service,No internet service,Two year,Yes,Mailed check,104.99,7299.35,No
CUST01721,Male,0,Yes,Yes,62,Yes,Fiber optic,No,No,Yes,Yes,No,Month-to-month,No,Bank transfer,57.54,3629.63,Yes
CUST01722,Female,0,No,No,37,Yes,DSL,Yes,No,No,Yes,No,One year,Yes,Bank transfer,59.67,2260.06,No
CUST01723,Female,0,No,No,33,Yes,No,No internet service,No internet service,No internet service,No internet service,No internet service,Two year,Yes,Bank transfer,60.37,1948.27,No
CUST01724,Female,0,No,No,56,Yes,Fiber optic,No,No,Yes,No,Yes,One year,Yes,Bank transfer,40.79,2397.2,No
CUST01725,Female,0,Yes,No,49,Yes,Fiber optic,Yes,No,Yes,No,Yes,Two year,Yes,Bank transfer,64.13,3024.08,No
CUST01726,Female,0,No,No,71,Yes,Fiber optic,,No,Yes,No,No,Month-to-month,Yes,Mailed check,67.0,4843.05,No
CUST01727,Female,0,No,No,24,Yes,DSL,No,Yes,Yes,Yes,No,Month-to-month,No,Credit card,84.88,2027.77,No
CUST01728,Female,0,Yes,Yes,8,Yes,DSL,Yes,Yes,Yes,No,No,Month-to-month,Yes,Bank transfer,60.31,396.77,Yes
CUST01729,Male,0,No,No,14,Yes,DSL,Yes,No,No,Yes,No,Two year,Yes,Mailed check,18.0,237.28,No
CUST01730,Male,0,No,No,38,Yes,Fiber optic,No,Yes,Yes,Yes,Yes,Month-to-month,Yes,Bank transfer,40.57,1691.9,Yes
CUST01731,Female,0,No,No,22,Yes,Fiber optic,,No,No,No,Yes,Two year,No,Mailed check,101.89,2442.45,No
CUST01732,Female,0,No,No,59,Yes,Fiber optic,No,No,Yes,Yes,No,Month-to-month,No,Bank transfer,53.0,3064.71,No
CUST01733,Female,0,Yes,No,63,Yes,DSL,No,Yes,No,No,Yes,One year,No,Mailed check,87.65,5518.83,No
CUST01734,Female,1,Yes,No,13,Yes,DSL,No,Yes,No,Yes,No,One year,No,Mailed check,56.16,715.2,Yes
CUST01735,Female,0,Yes,No,72,No,Fiber optic,Yes,Yes,Yes,Yes,No,Month-to-month,Yes,Bank transfer,94.32,6789.52,No
CUST01736,Female,0,Yes,No,46,Yes,DSL,No,Yes,No,Yes,No,Month-to-month,Yes,Credit card,76.48,,No
CUST01737,Female,0,Yes,No,19,Yes,No,No internet service,No internet service,No internet service,No internet service,No internet service,One year,Yes,Bank transfer,37.72,685.41,Yes
CUST01738,Male,0,No,No,14,Yes,Fiber optic,No,No,No,Yes,No,Two year,Yes,Bank transfer,44.73,563.67,No
CUST01739,Male,0,Yes,No,12,Yes,Fiber optic,Yes,Yes,Yes,No,Yes,Month-to-month,Yes,Credit card,36.76,405.55,Yes
CUST01740,Male,0,No,Yes,34,Yes,Fiber optic,Yes,Yes,No,Yes,Yes,Month-to-month,No,Credit card,96.81,3276.55,No
CUST01741,Male,0,Yes,No,5,Yes,Fiber optic,Yes,Yes,Yes,Yes,Yes,Two year,Yes,Electronic check,42.53,274.25,No
CUST01742,Female,1,Yes,No,9,Yes,DSL,Yes,Yes,No,Yes,Yes,Month-to-month,No,Mailed check,64.77,592.99,Yes
CUST01743,Male,0,No,Yes,55,Yes,Fiber optic,No,Yes,No,No,No,Month-to-month,Yes,Bank transfer,71.99,4012.68,No
CUST01744,Male,0,No,Yes,35,Yes,DSL,No,No,No,Yes,Yes,Two year,No,Mailed check,79.55,2868.94,No
CUST01745,Male,0,Yes,No,38,Yes,Fiber optic,Yes,No,Yes,Yes,Yes,Two year,Yes,Electronic check,62.47,2351.36,No
CUST01746,Female,1,No,Yes,23,Yes,Fiber optic,No,Yes,Yes,No,Yes,Month-to-month,No,Bank transfer,34.61,790.44,No
CUST01747,Female,1,No,No,40,Yes,Fiber optic,Yes,Yes,No,No,No,Two year,No,Electronic check,43.83,1792.48,No
CUST01748,Male,0,Yes,Yes,25,Yes,Fiber optic,No,No,No,No,Yes,One year,Yes,Bank transfer,47.7,1143.2,No
CUST01749,Female,1,No,Yes,3,Yes,No,No internet service,No internet service,No internet service,No internet service,No internet service,Month-to-month,Yes,Bank transfer,18.0,57.55,Yes
CUST01750,Female,1,No,Yes,41,Yes,Fiber optic,Yes,No,No,Yes,Yes,Month-to-month,No,Mailed check,84.79,3561.07,No
CUST01751,Female,0,Yes,No,5,Yes,DSL,Yes,Yes,Yes,Yes,Yes,Two year,No,Bank transfer,86.64,442.97,No
CUST01752,Female,1,No,No,50,No,Fiber optic,No,No,No,Yes,No,One year,No,Credit card,47.2,2462.03,No
CUST01753,Female,0,No,No,66,Yes,Fiber optic,No,No,Yes,Yes,No,One year,Yes,Mailed check,106.61,6963.38,No
CUST01754,Male,0,Yes,No,48,Yes,Fiber optic,No,Yes,Yes,Yes,Yes,Month-to-month,No,Mailed check,71.34,3451.37,Yes
CUST01755,Female,0,No,No,42,Yes,Fiber optic,Yes,No,Yes,Yes,No,Month-to-month,No,Bank transfer,95.19,4044.22,No
CUST01756,Male,0,Yes,Yes,70,Yes,Fiber optic,Yes,Yes,No,No,Yes,One year,Yes,Bank transfer,93.4,6563.33,No
CUST01757,Male,0,Yes,Yes,16,Yes,Fiber optic,No,Yes,No,No,No,Month-to-month,No,Bank transfer,70.65,1107.36,No
CUST01758,Female,0,Yes,No,56,Yes,Fiber optic,Yes,No,No,Yes,No,Two year,Yes,Mailed check,23.27,1186.41,No
CUST01759,Female,1,Yes,Yes,15,Yes,No,No internet service,No internet service,No internet service,No internet service,No internet service,Month-to-month,Yes,Electronic check,78.98,1274.16,No
CUST01760,Female,0,Yes,No,0,Yes,Fiber optic,No,No,No,No,No,Month-to-month,Yes,Mailed check,87.16,0.0,Yes
CUST01761,Male,1,Yes,No,17,Yes,Fiber optic,No,No,No,No,No,Month-to-month,No,Mailed check,57.69,873.86,Yes
CUST01762,Male,0,No,No,36,Yes,DSL,No,Yes,Yes,Yes,Yes,Two year,Yes,Mailed check,78.02,2855.22,No
CUST01763,Male,0,Yes,No,4,Yes,DSL,Yes,No,No,No,No,Month-to-month,Yes,Credit card,73.28,263.58,Yes
CUST01764,Female,0,Yes,No,20,Yes,DSL,Yes,Yes,No,No,No,Month-to-month,No,Mailed check,50.17,1014.89,No
CUST01765,Female,0,No,No,3,Yes,DSL,No,Yes,No,Yes,Yes,Month-to-month,Yes,Credit card,71.5,111.86,No
CUST01766,Female,0,Yes,No,17,Yes,DSL,Yes,Yes,No,Yes,No,One year,Yes,Bank transfer,61.27,1064.91,No
CUST01767,Female,0,No,No,52,Yes,Fiber optic,Yes,Yes,Yes,Yes,Yes,Two year,No,Electronic check,83.38,4402.66,No
CUST01768,Male,0,No,No,11,Yes,DSL,No,No,No,No,Yes,Month-to-month,Yes,Electronic check,59.25,526.85,Yes
CUST01769,Male,0,Yes,No,19,Yes,DSL,Yes,Yes,Yes,No,No,Month-to-month,Yes,Bank transfer,56.21,1088.16,Yes
CUST01770,Male,0,Yes,No,9,Yes,Fiber optic,Yes,Yes,Yes,Yes,Yes,Two year,Yes,Electronic check,33.06,369.72,No
CUST01771,Male,1,No,No,28,No,No,No internet service,No internet service,No internet service,No internet service,No internet service,Month-to-month,Yes,Credit card,129.16,3509.76,Yes
CUST01772,Male,0,Yes,No,55,Yes,DSL,Yes,Yes,No,Yes,No,One year,No,Mailed check,62.69,3459.53,No
CUST01773,Male,0,No,Yes,39,Yes,No,No internet service,No internet service,No internet service,No internet service,No internet service,Month-to-month,Yes,Electronic check,45.74,1787.98,No
CUST01774,Male,0,No,No,14,Yes,No,No internet service,No internet service,No internet service,No internet service,No internet service,Two year,Yes,Mailed check,89.09,1275.8,No
CUST01775,Female,1,No,No,23,Yes,No,No internet service,No internet service,No internet service,No internet service,No internet service,Two year,No,Credit card,78.67,1787.61,No
CUST01776,Male,0,Yes,No,48,Yes,Fiber optic,No,Yes,Yes,No,No,Month-to-month,No,Electronic check,87.7,4093.07,No
CUST01777,Male,0,No,Yes,34,Yes,No,No internet service,No internet service,No internet service,No internet service,No internet service,Month-to-month,No,Mailed check,,3040.12,No
CUST01778,Male,0,Yes,No,33,No,Fiber optic,Yes,Yes,Yes,No,No,Month-to-month,No,Credit card,101.43,3302.74,Yes
CUST01779,Male,0,No,No,63,Yes,Fiber optic,Yes,Yes,Yes,Yes,Yes,Month-to-month,No,Credit card,47.38,2979.51,No
CUST01780,Female,0,No,No,59,Yes,DSL,Yes,Yes,No,Yes,No,Month-to-month,Yes,Electronic check,77.66,4678.35,Yes
CUST01781,Male,0,Yes,No,17,Yes,DSL,Yes,Yes,Yes,Yes,Yes,Month-to-month,Yes,Credit card,34.52,467.93,No
CUST01782,Male,0,Yes,No,51,Yes,No,No internet service,No internet service,No internet service,No internet service,No internet service,One year,Yes,Bank transfer,66.33,3459.68,No
CUST01783,Male,0,Yes,No,57,No,Fiber optic,No,Yes,No,No,Yes,Month-to-month,Yes,Electronic check,90.77,5315.34,Yes
CUST01784,Female,0,No,Yes,65,Yes,DSL,No,Yes,Yes,Yes,Yes,Month-to-month,No,Mailed check,51.62,3491.86,No
CUST01785,Female,1,Yes,No,19,Yes,DSL,No,Yes,No,Yes,Yes,Two year,No,Electronic check,129.77,2608.88,No
CUST01786,Male,0,No,No,53,Yes,Fiber optic,Yes,No,No,Yes,No,Month-to-month,Yes,Electronic check,74.45,3961.26,Yes
CUST01787,Male,0,No,No,13,Yes,No,No internet service,No internet service,No internet service,No internet service,No internet service,Two year,Yes,Credit card,28.74,379.4,No
CUST01788,Male,0,Yes,No,32,Yes,No,No internet service,No internet service,No internet service,No internet service,No internet service,One year,No,Mailed check,91.63,2787.5,No
CUST01789,Male,0,No,No,5,Yes,DSL,No,Yes,Yes,Yes,No,Month-to-month,Yes,Mailed check,129.5,630.11,Yes
CUST01790,Female,0,Yes,Yes,44,Yes,DSL,No,Yes,Yes,No,Yes,One year,No,Electronic check,18.09,886.57,No
CUST01791,Female,0,Yes,No,49,Yes,DSL,Yes,Yes,Yes,No,No,Two year,No,Mailed check,91.86,4387.45,No
CUST01792,Female,0,No,No,32,Yes,Fiber optic,No,Yes,No,No,Yes,Two year,No,Electronic check,49.27,1507.84,No
CUST01793,Male,0,Yes,No,30,Yes,Fiber optic,Yes,No,No,No,No,Month-to-month,Yes,Credit card,72.65,2188.27,Yes
CUST01794,Male,0,No,No,17,Yes,Fiber optic,Yes,No,Yes,No,Yes,Month-to-month,No,Mailed check,41.27,569.26,No
CUST01795,Male,0,No,No,56,Yes,Fiber optic,No,No,No,No,No,Month-to-month,No,Credit card,95.34,5484.91,No
CUST01796,Male,1,Yes,No,66,Yes,DSL,Yes,No,No,Yes,No,Month-to-month,No,Credit card,66.04,4405.34,No
CUST01797,Female,0,No,No,9,Yes,DSL,No,Yes,No,No,Yes,Month-to-month,Yes,Credit card,103.01,954.55,No
CUST01798,Male,0,Yes,No,20,Yes,DSL,No,Yes,Yes,No,No,Two year,No,Mailed check,48.26,1029.93,No
CUST01799,Male,0,No,No,44,Yes,Fiber optic,Yes,Yes,No,Yes,No,One year,No,Credit card,68.84,3001.86,No
CUST01800,Female,0,No,Yes,26,Yes,Fiber optic,Yes,Yes,Yes,Yes,No,Two year,Yes,Bank transfer,18.0,490.4,No
CUST01801,Male,1,No,No,0,Yes,No,No internet service,No internet service,No internet service,No internet service,No internet service,Month-to-month,Yes,Electronic check,138.94,0.0,Yes
CUST01802,Male,0,No,No,1,Yes,DSL,No,Yes,Yes,No,No,Month-to-month,Yes,Electronic check,121.99,0.0,No
CUST01803,Male,0,Yes,No,17,Yes,No,No internet service,No internet service,No internet service,No internet service,No internet service,Month-to-month,No,Credit card,128.48,2181.56,No
CUST01804,Male,0,No,Yes,70,Yes,DSL,No,Yes,No,Yes,Yes,Two year,Yes,Credit card,112.33,7989.67,No
CUST01805,Male,0,Yes,No,44,Yes,Fiber optic,Yes,No,No,Yes,No,Month-to-month,Yes,Bank transfer,59.23,2740.09,Yes
CUST01806,Male,1,No,No,18,Yes,DSL,No,Yes,Yes,No,Yes,Month-to-month,Yes,Mailed check,72.9,1297.1,Yes
CUST01807,Male,0,Yes,Yes,4,Yes,DSL,No,No,No,Yes,Yes,Month-to-month,Yes,Bank transfer,81.29,303.04,No
CUST01808,Male,0,Yes,No,55,Yes,DSL,No,Yes,No,Yes,Yes,Month-to-month,No,Electronic check,83.36,4460.36,No
CUST01809,Male,0,Yes,No,27,Yes,DSL,Yes,No,No,No,Yes,Month-to-month,Yes,Credit card,46.61,1343.45,No
CUST01810,Female,0,Yes,Yes,28,Yes,Fiber optic,No,No,No,Yes,No,Month-to-month,Yes,Mailed check,45.35,1303.65,No
CUST01811,Male,0,Yes,No,41,Yes,No,No internet service,No internet service,No internet service,No internet service,No internet service,Two year,Yes,Mailed check,40.57,1648.24,No
CUST01812,Female,0,Yes,No,16,Yes,Fiber optic,Yes,No,Yes,No,Yes,One year,Yes,Credit card,63.34,855.65,No
CUST01813,Female,0,No,No,53,Yes,No,No internet service,No internet service,No internet service,No internet service,No internet service,Two year,Yes,Credit card,66.0,3353.78,No
CUST01814,Male,0,No,No,22,Yes,Fiber optic,No,No,Yes,No,Yes,Two year,No,Bank transfer,62.68,1389.32,No
CUST01815,Female,0,Yes,No,51,Yes,No,No internet service,No internet service,No internet service,No internet service,No internet service,One year,Yes,Electronic check,80.28,3970.88,No
CUST01816,Male,0,No,No,37,Yes,DSL,No,No,Yes,Yes,Yes,Month-to-month,Yes,Electronic check,39.43,1501.96,No
CUST01817,Male,0,Yes,No,10,No,No,No internet service,No internet service,No internet service,No internet service,No internet service,Month-to-month,Yes,Bank transfer,52.64,573.35,No
CUST01818,Male,0,No,Yes,45,Yes,Fiber optic,No,Yes,No,No,No,Month-to-month,Yes,Electronic check,54.99,2369.38,Yes
CUST01819,Male,0,Yes,No,5,Yes,Fiber optic,Yes,No,No,Yes,Yes,Two year,Yes,Mailed check,94.47,476.22,Yes
CUST01820,Male,0,No,No,52,No,Fiber optic,No,No,Yes,No,No,Two year,No,Credit card,78.94,4029.76,No
CUST01821,Male,1,Yes,No,27,Yes,DSL,Yes,Yes,Yes,No,No,Month-to-month,Yes,Mailed check,82.45,2301.46,No
CUST01822,Female,0,Yes,No,48,Yes,DSL,Yes,Yes,No,No,Yes,Month-to-month,Yes,Credit card,50.65,2694.46,No
CUST01823,Male,0,No,No,17,No,Fiber optic,No,No,No,No,No,Month-to-month,No,Bank transfer,75.01,1265.66,Yes
CUST01824,Female,0,No,No,29,Yes,Fiber optic,No,No,No,No,No,Month-to-month,No,Electronic check,54.64,1702.78,Yes
CUST01825,Female,0,No,No,22,Yes,No,No internet service,No internet service,No internet service,No internet service,No internet service,Month-to-month,Yes,Electronic check,55.5,1303.23,No
CUST01826,Female,0,Yes,Yes,18,Yes,DSL,No,No,No,Yes,No,Two year,No,Mailed check,83.24,1492.11,No
CUST01827,Male,0,No,No,25,No,DSL,Yes,No,No,Yes,No,Month-to-month,No,Electronic check,57.83,1488.31,No
CUST01828,Female,0,No,No,3,Yes,Fiber optic,Yes,Yes,No,No,No,Two year,No,Electronic check,71.36,112.83,No
CUST01829,Female,1,Yes,No,28,Yes,Fiber optic,No,Yes,No,Yes,Yes,Month-to-month,Yes,Mailed check,67.25,1894.02,Yes
CUST01830,Female,0,Yes,No,8,Yes,DSL,Yes,Yes,No,Yes,Yes,Month-to-month,Yes,Electronic check,44.64,333.12,Yes
CUST01831,Male,0,Yes,Yes,37,No,Fiber optic,No,No,No,Yes,Yes,Month-to-month,No,Credit card,59.56,2312.48,No
CUST01832,Female,0,Yes,Yes,6,Yes,Fiber optic,No,Yes,Yes,Yes,No,Month-to-month,No,Electronic check,59.96,309.64,Yes
CUST01833,Female,1,Yes,Yes,0,Yes,DSL,Yes,No,No,Yes,No,Month-to-month,No,Credit card,64.46,0.0,Yes
CUST01834,Male,1,Yes,Yes,32,Yes,DSL,No,No,No,No,No,One year,Yes,Mailed check,28.93,844.5,No
CUST01835,Male,0,No,No,21,Yes,DSL,Yes,No,No,No,Yes,Month-to-month,No,Bank transfer,55.77,1239.62,No
CUST01836,Male,0,No,No,64,Yes,Fiber optic,Yes,Yes,No,No,No,Month-to-month,Yes,Electronic check,96.8,6180.48,Yes
CUST01837,Female,0,No,Yes,19,Yes,DSL,No,No,No,No,Yes,Month-to-month,Yes,Credit card,84.93,1478.96,No
CUST01838,Male,0,No,No,29,Yes,Fiber optic,Yes,No,No,No,Yes,Month-to-month,Yes,Bank transfer,64.01,1937.46,Yes
CUST01839,Male,0,Yes,Yes,17,Yes,No,No internet service,No internet service,No internet service,No internet service,No internet service,One year,No,Bank transfer,44.51,635.83,No
CUST01840,Female,0,No,Yes,64,Yes,DSL,No,No,No,Yes,Yes,One year,Yes,Mailed check,76.51,4852.76,No
CUST01841,Male,0,No,No,57,Yes,DSL,Yes,Yes,No,Yes,No,Month-to-month,No,Bank transfer,98.19,5579.97,Yes
CUST01842,Male,1,No,No,12,Yes,DSL,No,Yes,Yes,Yes,No,Two year,Yes,Mailed check,111.93,1255.5,No
CUST01843,Female,1,Yes,No,18,Yes,No,No internet service,No internet service,No internet service,No internet service,No internet service,Month-to-month,Yes,Credit card,60.9,960.45,No
CUST01844,Female,1,No,Yes,13,Yes,Fiber optic,No,Yes,Yes,No,No,Two year,No,Credit card,47.5,682.57,No
CUST01845,Female,0,No,No,11,Yes,No,No internet service,No internet service,No internet service,No internet service,No internet service,Month-to-month,Yes,Mailed check,86.04,998.59,No
CUST01846,Female,0,No,Yes,17,Yes,No,No internet service,No internet service,No internet service,No internet service,No internet service,One year,Yes,Mailed check,82.98,1414.97,No
CUST01847,Male,0,No,No,62,Yes,No,No internet service,No internet service,No internet service,No internet service,No internet service,Month-to-month,No,Credit card,74.26,4633.35,Yes
CUST01848,Female,0,No,No,33,Yes,No,No internet service,No internet service,No internet service,No internet service,No internet service,One year,No,Electronic check,58.12,1781.87,No
CUST01849,Female,0,No,No,27,Yes,DSL,Yes,Yes,Yes,Yes,Yes,One year,No,Bank transfer,41.28,1156.32,No
CUST01850,Male,1,No,No,13,Yes,Fiber optic,Yes,No,No,Yes,Yes,Month-to-month,Yes,Mailed check,90.86,1214.27,Yes
CUST01851,Male,0,No,No,13,Yes,No,No internet service,No internet service,No internet service,No internet service,No internet service,Month-to-month,No,Bank transfer,96.41,1288.72,Yes
CUST01852,Male,0,No,No,40,No,Fiber optic,Yes,No,Yes,No,Yes,One year,No,Mailed check,65.0,2635.1,No
CUST01853,Male,0,Yes,Yes,54,Yes,Fiber optic,Yes,Yes,No,Yes,Yes,Month-to-month,Yes,Credit card,116.76,6384.58,Yes
CUST01854,Male,0,No,No,40,No,No,No internet service,No internet service,No internet service,No internet service,No internet service,One year,Yes,Mailed check,79.91,3187.12,No
CUST01855,Male,0,Yes,No,47,Yes,Fiber optic,No,Yes,No,No,No,Month-to-month,Yes,Electronic check,69.63,3277.65,Yes
CUST01856,Female,0,Yes,Yes,19,Yes,Fiber optic,,Yes,No,No,No,Month-to-month,Yes,Mailed check,44.43,737.38,Yes
CUST01857,Male,0,Yes,Yes,69,Yes,Fiber optic,No,No,Yes,No,Yes,One year,Yes,Credit card,31.49,2227.66,No
CUST01858,Female,0,No,No,60,Yes,DSL,Yes,Yes,Yes,No,No,Month-to-month,Yes,Mailed check,61.2,3618.51,No
CUST01859,Female,0,Yes,Yes,64,No,DSL,Yes,Yes,No,Yes,No,Month-to-month,No,Mailed check,83.22,5278.34,No
CUST01860,Female,0,Yes,No,48,Yes,Fiber optic,Yes,No,Yes,No,Yes,Month-to-month,No,Bank transfer,132.34,6319.6,Yes
CUST01861,Female,0,Yes,No,50,Yes,No,No internet service,No internet service,No internet service,No internet service,No internet service,Two year,Yes,Bank transfer,75.69,3698.72,No
CUST01862,Male,0,No,No,5,Yes,No,No internet service,No internet service,No internet service,No internet service,No internet service,Month-to-month,No,Credit card,88.81,,No
CUST01863,Female,0,No,No,11,Yes,DSL,Yes,Yes,Yes,Yes,No,Month-to-month,No,Credit card,53.32,652.46,Yes
CUST01864,Male,0,No,No,9,No,No,,No internet service,No internet service,No internet service,No internet service,One year,No,Mailed check,79.22,624.04,No
CUST01865,Female,0,Yes,No,35,Yes,DSL,No,No,Yes,No,Yes,Month-to-month,No,Bank transfer,75.95,2656.92,Yes
CUST01866,Male,0,Yes,Yes,42,Yes,Fiber optic,Yes,Yes,No,No,No,Month-to-month,Yes,Bank transfer,50.36,2168.43,Yes
CUST01867,Male,0,No,Yes,8,Yes,No,No internet service,No internet service,No internet service,No internet service,No internet service,Month-to-month,No,Bank transfer,107.45,661.19,Yes
CUST01868,Female,1,Yes,No,54,Yes,No,No internet service,No internet service,No internet service,No internet service,No internet service,Month-to-month,Yes,Credit card,70.65,3963.45,No
CUST01869,Male,0,No,No,40,Yes,Fiber optic,No,No,No,No,Yes,Two year,No,Credit card,101.63,4028.24,No
CUST01870,Female,0,No,No,43,Yes,Fiber optic,Yes,Yes,Yes,No,No,One year,No,Mailed check,74.24,3117.52,Yes
CUST01871,Male,1,No,Yes,66,Yes,Fiber optic,Yes,No,No,No,Yes,Two year,No,Credit card,65.72,4344.04,No
CUST01872,Male,0,Yes,No,42,Yes,Fiber optic,No,No,No,No,No,Two year,Yes,Electronic check,54.47,2233.75,No
CUST01873,Female,0,Yes,No,0,Yes,DSL,Yes,No,Yes,No,No,Month-to-month,Yes,Bank transfer,65.24,0.0,No
CUST01874,Female,0,No,Yes,56,No,DSL,Yes,No,No,Yes,No,One year,Yes,Mailed check,110.62,6134.8,No
CUST01875,Male,0,Yes,No,63,Yes,No,No internet service,No internet service,No internet service,No internet service,No internet service,Month-to-month,Yes,Mailed check,51.53,3336.54,No
CUST01876,Male,0,No,No,6,No,DSL,Yes,Yes,Yes,No,No,Two year,Yes,Bank transfer,90.66,758.67,No
CUST01877,Male,0,No,No,39,Yes,Fiber optic,Yes,No,No,No,No,Two year,Yes,Bank transfer,66.22,2640.42,No
CUST01878,Female,0,Yes,No,34,Yes,Fiber optic,,Yes,No,Yes,Yes,Month-to-month,No,Credit card,88.74,3033.13,Yes
CUST01879,Female,0,Yes,No,11,Yes,DSL,Yes,No,Yes,Yes,No,One year,No,Mailed check,79.17,826.7,No
CUST01880,Male,0,No,No,20,Yes,DSL,Yes,No,No,Yes,No,Month-to-month,Yes,Credit card,40.67,898.3,Yes
CUST01881,Male,0,Yes,Yes,62,Yes,DSL,Yes,No,No,Yes,No,Two year,No,Credit card,78.14,4783.22,No
CUST01882,Male,0,No,No,28,Yes,DSL,Yes,Yes,Yes,Yes,No,Month-to-month,Yes,Credit card,128.14,3613.41,Yes
CUST01883,Male,0,No,No,39,Yes,Fiber optic,Yes,No,Yes,Yes,Yes,Month-to-month,No,Bank transfer,81.69,3144.3,No
CUST01884,Female,0,No,No,56,Yes,Fiber optic,No,No,Yes,Yes,No,Two year,No,Mailed check,97.18,5341.56,No
CUST01885,Female,0,Yes,Yes,32,No,Fiber optic,Yes,Yes,Yes,No,No,Month-to-month,No,Mailed check,81.43,2588.72,Yes
CUST01886,Male,0,Yes,No,65,Yes,No,No internet service,No internet service,No internet service,No internet service,No internet service,Month-to-month,Yes,Mailed check,93.71,6012.33,No
CUST01887,Female,0,No,No,36,Yes,Fiber optic,No,No,Yes,No,No,One year,No,Mailed check,56.05,2135.85,No
CUST01888,Male,0,No,No,71,Yes,Fiber optic,Yes,Yes,No,No,Yes,One year,No,Mailed check,70.96,4977.83,Yes
CUST01889,Male,0,No,Yes,10,Yes,Fiber optic,No,Yes,Yes,Yes,No,Month-to-month,Yes,Electronic check,,949.58,Yes
CUST01890,Male,0,No,No,64,Yes,Fiber optic,Yes,No,No,No,No,Month-to-month,Yes,Mailed check,65.25,4124.04,No
CUST01891,Male,0,No,Yes,8,Yes,DSL,No,No,Yes,No,Yes,Month-to-month,No,Electronic check,100.8,707.57,No
CUST01892,Male,0,Yes,No,59,Yes,DSL,No,Yes,No,No,No,Month-to-month,No,Credit card,48.91,2940.44,No
CUST01893,Female,0,Yes,No,48,Yes,DSL,Yes,Yes,Yes,No,Yes,Two year,No,Bank transfer,75.47,3614.99,No
CUST01894,Female,0,No,Yes,40,Yes,Fiber optic,No,No,No,Yes,No,One year,Yes,Electronic check,67.53,2888.66,No
CUST01895,Male,0,Yes,No,64,Yes,Fiber optic,No,No,No,Yes,Yes,One year,Yes,Mailed check,139.96,9041.24,No
CUST01896,Female,1,No,No,46,Yes,No,No internet service,No internet service,No internet service,No internet service,No internet service,Month-to-month,Yes,Bank transfer,64.26,2961.56,No
CUST01897,Female,0,Yes,No,50,Yes,DSL,No,Yes,Yes,No,No,Two year,No,Mailed check,84.51,4254.86,No
CUST01898,Female,0,Yes,No,55,Yes,Fiber optic,No,No,No,Yes,Yes,Month-to-month,Yes,Mailed check,24.22,1324.9,No
CUST01899,Female,0,Yes,No,61,Yes,DSL,No,No,Yes,No,No,Two year,Yes,Bank transfer,44.8,2650.62,No
CUST01900,Male,0,No,No,16,Yes,No,No internet service,No internet service,No internet service,No internet service,No internet service,Two year,Yes,Credit card,81.64,1191.28,Yes
CUST01901,Female,0,No,Yes,61,Yes,Fiber optic,No,No,Yes,Yes,No,Two year,No,Bank transfer,67.4,4026.96,No
CUST01902,Female,0,Yes,No,42,Yes,Fiber optic,Yes,No,No,Yes,No,Month-to-month,No,Bank transfer,67.88,2957.95,No
CUST01903,Female,1,Yes,No,2,Yes,Fiber optic,Yes,No,Yes,No,Yes,Month-to-month,Yes,Bank transfer,65.88,152.33,Yes
CUST01904,Male,0,Yes,No,67,No,DSL,Yes,Yes,No,Yes,No,One year,Yes,Electronic check,69.37,4690.76,No
CUST01905,Male,1,Yes,No,56,Yes,No,No internet service,No internet service,No internet service,No internet service,No internet service,Month-to-month,Yes,Electronic check,31.21,1810.73,Yes
CUST01906,Male,0,No,No,65,Yes,No,No internet service,No internet service,No internet service,No internet service,No internet service,Month-to-month,No,Bank transfer,71.83,4652.94,No
CUST01907,Male,1,Yes,Yes,56,Yes,Fiber optic,No,Yes,Yes,Yes,No,One year,Yes,Mailed check,68.52,3788.67,No
CUST01908,Male,0,Yes,Yes,25,Yes,DSL,Yes,No,No,No,Yes,One year,No,Mailed check,100.66,2678.08,No
CUST01909,Male,0,Yes,Yes,25,Yes,Fiber optic,No,No,Yes,No,Yes,Month-to-month,Yes,Credit card,94.88,2414.47,No
CUST01910,Female,0,No,Yes,20,Yes,Fiber optic,No,No,No,No,No,Month-to-month,Yes,Bank transfer,18.0,226.85,No
CUST01911,Male,0,No,No,29,Yes,No,No internet service,No internet service,No internet service,No internet service,No internet service,One year,Yes,Bank transfer,55.63,1472.86,No
CUST01912,Female,0,No,No,2,Yes,DSL,No,Yes,No,Yes,No,Month-to-month,No,Electronic check,119.05,298.1,No
CUST01913,Male,0,No,Yes,54,Yes,No,No internet service,No internet service,No internet service,No internet service,No internet service,One year,No,Credit card,96.65,5148.42,No
CUST01914,Female,0,No,No,54,Yes,No,No internet service,No internet service,No internet service,No internet service,No internet service,Two year,Yes,Bank transfer,86.27,4648.16,No
CUST01915,Male,0,Yes,Yes,72,Yes,DSL,Yes,No,Yes,Yes,No,Two year,Yes,Mailed check,61.43,4247.93,No
CUST01916,Female,0,No,No,40,Yes,Fiber optic,No,Yes,No,No,Yes,One year,Yes,Bank transfer,92.5,3662.95,No
CUST01917,Male,1,No,No,72,Yes,DSL,No,No,No,Yes,Yes,Month-to-month,Yes,Credit card,36.12,2673.62,No
CUST01918,Male,0,Yes,No,15,Yes,DSL,No,Yes,Yes,No,No,Two year,No,Electronic check,59.85,854.93,No
CUST01919,Male,0,No,Yes,34,Yes,Fiber optic,No,No,Yes,No,Yes,Month-to-month,Yes,Electronic check,82.62,2715.46,No
CUST01920,Female,0,No,No,57,Yes,DSL,Yes,Yes,No,Yes,Yes,Two year,Yes,Bank transfer,89.19,5064.29,No
CUST01921,Male,0,No,No,57,Yes,DSL,No,No,No,No,No,Month-to-month,No,Credit card,79.41,4529.15,No
CUST01922,Female,0,Yes,No,56,Yes,Fiber optic,No,Yes,Yes,No,No,One year,No,Credit card,83.84,4666.85,No
CUST01923,Female,1,Yes,Yes,34,Yes,No,No internet service,No internet service,No internet service,No internet service,No internet service,Month-to-month,Yes,Credit card,78.1,2529.13,No
CUST01924,Male,0,No,No,5,Yes,DSL,Yes,Yes,Yes,No,No,Month-to-month,Yes,Electronic check,66.12,362.07,No
CUST01925,Male,0,Yes,No,63,Yes,DSL,No,No,Yes,Yes,No,Month-to-month,Yes,Bank transfer,107.52,6727.85,Yes
CUST01926,Male,0,Yes,No,27,Yes,DSL,No,Yes,No,Yes,Yes,Month-to-month,No,Mailed check,120.28,3261.51,No
CUST01927,Male,0,Yes,No,47,Yes,DSL,Yes,No,Yes,Yes,Yes,Month-to-month,No,Electronic check,72.73,3340.2,No
CUST01928,Male,0,No,No,9,Yes,No,No internet service,No internet service,No internet service,No internet service,No internet service,Two year,Yes,Mailed check,44.62,501.25,No
CUST01929,Male,0,No,No,68,Yes,Fiber optic,No,Yes,No,Yes,Yes,One year,Yes,Credit card,68.13,4689.84,No
CUST01930,Female,0,No,Yes,18,Yes,Fiber optic,Yes,No,No,No,No,One year,Yes,Bank transfer,76.17,1342.29,No
CUST01931,Male,0,No,Yes,72,Yes,Fiber optic,Yes,Yes,No,Yes,No,Two year,Yes,Electronic check,18.75,1374.34,No
CUST01932,Male,0,Yes,No,52,Yes,No,No internet service,No internet service,No internet service,No internet service,No internet service,Month-to-month,No,Bank transfer,107.46,5718.78,No
CUST01933,Female,1,Yes,Yes,24,Yes,Fiber optic,Yes,No,Yes,Yes,Yes,Two year,Yes,Credit card,58.04,1486.97,No
CUST01934,Female,0,Yes,No,26,Yes,No,No internet service,No internet service,No internet service,No internet service,No internet service,Month-to-month,No,Bank transfer,53.33,1507.32,No
CUST01935,Male,0,Yes,No,71,Yes,Fiber optic,,No,No,No,No,Month-to-month,Yes,Mailed check,65.51,4699.62,No
CUST01936,Male,0,No,No,43,No,No,No internet service,No internet service,No internet service,No internet service,No internet service,Month-to-month,No,Mailed check,62.18,2630.38,No
CUST01937,Male,0,Yes,Yes,50,Yes,Fiber optic,No,No,No,Yes,Yes,Two year,No,Mailed check,75.42,3818.07,No
CUST01938,Female,0,Yes,No,44,No,No,No internet service,No internet service,No internet service,No internet service,No internet service,Month-to-month,Yes,Credit card,93.74,4260.5,No
CUST01939,Female,0,No,No,17,Yes,DSL,Yes,Yes,No,Yes,Yes,Month-to-month,No,Mailed check,105.89,1848.58,No
CUST01940,Male,0,No,No,9,No,Fiber optic,Yes,Yes,Yes,No,Yes,One year,No,Mailed check,93.76,777.67,No
CUST01941,Male,0,Yes,No,0,Yes,Fiber optic,No,No,No,No,Yes,Two year,No,Electronic check,50.43,5.3,No
CUST01942,Male,0,No,Yes,29,Yes,Fiber optic,No,No,Yes,Yes,Yes,Two year,Yes,Credit card,71.27,2127.66,No
CUST01943,Female,0,No,No,49,Yes,Fiber optic,No,Yes,Yes,No,No,Month-to-month,No,Mailed check,76.62,,Yes
CUST01944,Male,0,No,Yes,22,Yes,DSL,Yes,No,No,No,Yes,Month-to-month,Yes,Credit card,81.68,1858.03,No
CUST01945,Male,0,No,No,16,Yes,No,No internet service,No internet service,No internet service,No internet service,No internet service,One year,No,Electronic check,86.23,1330.13,No
CUST01946,Male,0,Yes,Yes,28,Yes,Fiber optic,No,Yes,No,No,No,Two year,No,Electronic check,75.94,2109.12,No
CUST01947,Male,0,Yes,Yes,16,Yes,DSL,Yes,Yes,No,No,No,Month-to-month,No,Mailed check,71.84,1176.74,No
CUST01948,Female,0,Yes,Yes,31,No,Fiber optic,Yes,Yes,No,Yes,Yes,One year,No,Electronic check,96.77,3030.96,No
CUST01949,Male,0,No,Yes,40,No,Fiber optic,No,Yes,No,No,Yes,Month-to-month,No,Bank transfer,70.68,2776.57,Yes
CUST01950,Male,0,No,No,19,Yes,DSL,Yes,No,Yes,No,No,Month-to-month,Yes,Credit card,97.92,1664.51,No
CUST01951,Female,1,No,No,2,No,DSL,Yes,Yes,No,No,Yes,Month-to-month,No,Credit card,94.34,0.0,Yes
CUST01952,Female,0,No,Yes,7,Yes,Fiber optic,No,No,No,No,Yes,Two year,No,Mailed check,110.32,768.5,No
CUST01953,Male,0,Yes,Yes,30,No,No,No internet service,No internet service,No internet service,No internet service,No internet service,One year,Yes,Electronic check,79.44,2397.84,No
CUST01954,Male,0,Yes,No,12,Yes,DSL,No,No,No,Yes,No,Month-to-month,Yes,Bank transfer,110.09,1304.52,No
CUST01955,Female,0,Yes,Yes,58,Yes,DSL,No,Yes,Yes,No,No,One year,Yes,Electronic check,66.41,3854.59,Yes
CUST01956,Male,0,Yes,No,12,Yes,Fiber optic,Yes,Yes,Yes,Yes,No,Month-to-month,No,Electronic check,,1119.76,No
CUST01957,Female,0,No,Yes,1,Yes,DSL,Yes,Yes,Yes,Yes,Yes,Month-to-month,No,Mailed check,93.13,53.41,Yes
CUST01958,Female,1,No,No,45,Yes,No,No internet service,No internet service,No internet service,No internet service,No internet service,Two year,No,Credit card,48.73,2222.05,No
CUST01959,Female,0,Yes,No,45,Yes,No,No internet service,No internet service,No internet service,No internet service,No internet service,Month-to-month,Yes,Credit card,64.18,3022.81,No
CUST01960,Male,0,No,Yes,49,Yes,No,No internet service,No internet service,No internet service,No internet service,No internet service,Two year,No,Mailed check,57.3,2724.8,No
CUST01961,Female,0,Yes,No,11,Yes,Fiber optic,No,No,Yes,Yes,Yes,Two year,Yes,Electronic check,72.56,939.79,No
CUST01962,Female,0,No,No,49,Yes,DSL,No,No,No,No,No,One year,No,Bank transfer,60.68,3051.01,No
CUST01963,Male,1,Yes,No,62,Yes,Fiber optic,No,No,Yes,Yes,Yes,One year,No,Credit card,76.66,4728.1,No
CUST01964,Female,1,No,No,44,Yes,DSL,No,No,No,No,Yes,Two year,No,Electronic check,72.05,2967.4,No
CUST01965,Female,1,Yes,No,28,Yes,DSL,Yes,No,No,Yes,Yes,Month-to-month,Yes,Mailed check,,1987.53,No
CUST01966,Female,0,Yes,No,35,Yes,Fiber optic,No,No,No,Yes,Yes,One year,No,Electronic check,77.77,2863.57,Yes
CUST01967,Male,0,No,No,59,Yes,Fiber optic,No,Yes,Yes,Yes,No,Month-to-month,No,Mailed check,56.94,3303.89,Yes
CUST01968,Male,0,Yes,Yes,10,Yes,DSL,No,No,Yes,No,Yes,One year,No,Credit card,52.45,671.15,No
CUST01969,Female,0,Yes,No,52,Yes,DSL,No,No,No,Yes,Yes,One year,Yes,Bank transfer,44.17,2161.59,No
CUST01970,Male,0,Yes,No,19,No,DSL,No,No,Yes,No,Yes,Month-to-month,Yes,Bank transfer,29.3,580.03,Yes
CUST01971,Female,0,No,Yes,64,Yes,Fiber optic,Yes,No,No,Yes,No,Month-to-month,Yes,Electronic check,57.01,3634.43,Yes
CUST01972,Female,0,Yes,Yes,10,No,DSL,Yes,Yes,Yes,No,No,One year,Yes,Credit card,87.47,767.73,No
CUST01973,Female,1,No,Yes,37,Yes,Fiber optic,Yes,No,Yes,No,Yes,Two year,No,Credit card,69.06,2535.23,No
CUST01974,Male,0,No,No,29,Yes,Fiber optic,Yes,Yes,Yes,No,No,One year,Yes,Electronic check,74.3,2152.23,No
CUST01975,Female,1,No,Yes,35,Yes,Fiber optic,Yes,No,No,Yes,No,Month-to-month,No,Bank transfer,63.88,2140.62,Yes
CUST01976,Male,0,Yes,Yes,27,Yes,No,No internet service,No internet service,No internet service,No internet service,No internet service,Two year,No,Mailed check,122.31,3356.38,No
CUST01977,Female,0,No,Yes,2,Yes,No,No internet service,No internet service,No internet service,No internet service,No internet service,Two year,Yes,Credit card,78.14,101.75,No
CUST01978,Male,0,Yes,No,62,Yes,DSL,No,Yes,Yes,Yes,Yes,One year,Yes,Credit card,59.78,3677.62,No
CUST01979,Male,0,No,Yes,38,Yes,DSL,No,Yes,Yes,Yes,No,Month-to-month,No,Credit card,47.58,1923.79,No
CUST01980,Female,0,Yes,Yes,43,Yes,No,No internet service,No internet service,No internet service,No internet service,No internet service,Month-to-month,Yes,Bank transfer,116.83,4971.33,No
CUST01981,Female,0,No,No,38,Yes,No,No internet service,No internet service,No internet service,No internet service,No internet service,Month-to-month,Yes,Mailed check,38.95,1299.17,Yes
CUST01982,Female,0,No,No,38,Yes,DSL,No,Yes,No,No,Yes,Two year,No,Bank transfer,54.13,2036.82,No
CUST01983,Male,1,Yes,Yes,44,Yes,No,No internet service,No internet service,No internet service,No internet service,No internet service,Month-to-month,Yes,Bank transfer,54.15,2391.32,No
CUST01984,Female,0,Yes,No,30,Yes,No,No internet service,No internet service,No internet service,No internet service,No internet service,One year,No,Electronic check,73.13,2174.59,No
CUST01985,Female,0,Yes,No,9,Yes,No,No internet service,No internet service,No internet service,No internet service,No internet service,Two year,No,Bank transfer,82.88,814.75,No
CUST01986,Female,0,No,Yes,2,Yes,DSL,No,Yes,Yes,Yes,Yes,One year,Yes,Bank transfer,75.71,183.44,No
CUST01987,Female,0,Yes,No,39,Yes,Fiber optic,Yes,Yes,No,No,Yes,Month-to-month,Yes,Credit card,64.88,2482.36,Yes
CUST01988,Male,0,No,No,13,Yes,Fiber optic,No,Yes,Yes,Yes,No,Month-to-month,Yes,Bank transfer,39.07,563.63,No
CUST01989,Male,0,No,No,33,Yes,Fiber optic,Yes,Yes,Yes,Yes,Yes,One year,No,Credit card,120.42,4010.95,No
CUST01990,Female,0,No,Yes,44,No,DSL,No,Yes,Yes,No,Yes,Month-to-month,Yes,Electronic check,,3581.95,Yes
CUST01991,Female,0,Yes,No,43,Yes,DSL,No,Yes,No,Yes,No,Month-to-month,Yes,Bank transfer,88.19,3779.39,No
CUST01992,Male,0,Yes,No,12,Yes,No,No internet service,No internet service,No internet service,No internet service,No internet service,Month-to-month,No,Mailed check,57.1,708.03,No
CUST01993,Male,0,Yes,No,48,Yes,Fiber optic,No,No,Yes,Yes,No,One year,Yes,Electronic check,66.57,3204.09,No
CUST01994,Female,1,No,No,68,Yes,Fiber optic,No,No,No,Yes,No,One year,No,Electronic check,103.32,7001.74,No
CUST01995,Female,0,Yes,No,26,Yes,DSL,Yes,Yes,No,Yes,No,Month-to-month,No,Bank transfer,18.87,528.96,Yes
CUST01996,Male,0,Yes,No,8,Yes,No,No internet service,No internet service,No internet service,No internet service,No internet service,One year,Yes,Credit card,93.09,789.25,No
CUST01997,Female,0,Yes,Yes,36,Yes,No,No internet service,No internet service,No internet service,No internet service,No internet service,Month-to-month,No,Bank transfer,67.82,2486.09,No
CUST01998,Female,0,No,No,45,Yes,Fiber optic,No,No,Yes,Yes,No,Month-to-month,Yes,Credit card,84.4,3847.36,Yes
CUST01999,Male,0,No,No,28,Yes,DSL,Yes,Yes,No,Yes,No,Two year,Yes,Bank transfer,115.62,3057.38,No
CUST02000,Male,0,Yes,No,43,No,DSL,No,Yes,Yes,Yes,No,Month-to-month,Yes,Electronic check,62.05,2740.5,Yes
CUST02001,Female,0,Yes,Yes,55,Yes,Fiber optic,Yes,No,Yes,Yes,Yes,Month-to-month,No,Bank transfer,18.0,912.87,No
CUST02002,Male,0,Yes,Yes,42,Yes,No,No internet service,No internet service,No internet service,No internet service,No internet service,Month-to-month,No,Credit card,46.72,2051.85,No
CUST02003,Male,0,Yes,Yes,58,Yes,No,No internet service,No internet service,No internet service,No internet service,No internet service,Month-to-month,No,Credit card,74.32,4201.72,Yes
CUST02004,Male,1,No,No,10,Yes,DSL,No,No,No,No,Yes,One year,Yes,Bank transfer,115.23,1278.85,No
CUST02005,Female,0,Yes,No,21,Yes,DSL,No,Yes,No,No,No,One year,No,Bank transfer,64.3,1175.61,No
CUST02006,Male,0,No,No,40,Yes,Fiber optic,Yes,Yes,Yes,No,No,One year,Yes,Credit card,112.7,4533.86,No
CUST02007,Male,1,No,No,18,Yes,Fiber optic,No,No,Yes,Yes,Yes,Two year,No,Credit card,18.0,294.75,No
CUST02008,Male,0,No,Yes,72,Yes,Fiber optic,Yes,Yes,Yes,No,No,Two year,Yes,Bank transfer,61.41,4458.59,No
CUST02009,Female,0,Yes,No,49,Yes,Fiber optic,Yes,Yes,Yes,No,Yes,Month-to-month,Yes,Credit card,99.95,5035.59,Yes
CUST02010,Female,1,No,No,30,Yes,No,No internet service,No internet service,No internet service,No internet service,No internet service,One year,Yes,Electronic check,97.6,2946.93,No
CUST02011,Male,0,Yes,Yes,56,Yes,DSL,Yes,No,Yes,Yes,Yes,One year,Yes,Bank transfer,25.14,1483.01,No
CUST02012,Male,0,Yes,No,71,No,Fiber optic,Yes,Yes,Yes,No,Yes,One year,Yes,Credit card,53.0,,No
CUST02013,Male,0,No,No,0,Yes,Fiber optic,No,No,Yes,No,No,Month-to-month,Yes,Credit card,70.54,0.0,No
CUST02014,Female,0,Yes,No,40,Yes,No,No internet service,No internet service,No internet service,No internet service,No internet service,Two year,No,Credit card,57.4,2324.96,No
CUST02015,Female,0,Yes,No,31,Yes,No,No internet service,No internet service,No internet service,No internet service,No internet service,Month-to-month,No,Electronic check,103.23,3309.58,Yes
CUST02016,Male,0,Yes,Yes,55,Yes,No,No internet service,No internet service,No internet service,No internet service,No internet service,Two year,No,Bank transfer,74.32,4115.82,No
CUST02017,Male,0,Yes,Yes,22,Yes,Fiber optic,Yes,No,Yes,No,Yes,Month-to-month,Yes,Bank transfer,37.89,786.66,No
CUST02018,Female,0,No,Yes,23,No,DSL,Yes,No,No,No,No,Two year,Yes,Mailed check,85.52,2008.17,No
CUST02019,Female,1,No,No,55,Yes,Fiber optic,No,Yes,Yes,No,Yes,Month-to-month,Yes,Electronic check,86.84,4785.39,Yes
CUST02020,Male,0,No,No,65,Yes,No,No internet service,No internet service,No internet service,No internet service,No internet service,Month-to-month,No,Credit card,45.27,2983.29,Yes
CUST02021,Male,0,Yes,No,10,Yes,DSL,No,No,No,No,Yes,Month-to-month,No,Credit card,51.73,475.03,Yes
CUST02022,Female,0,Yes,No,44,Yes,DSL,Yes,Yes,Yes,Yes,No,Month-to-month,Yes,Electronic check,56.21,2492.62,No
CUST02023,Female,0,Yes,No,56,Yes,DSL,No,No,No,No,Yes,Month-to-month,Yes,Mailed check,108.16,6045.8,No
CUST02024,Female,0,No,No,12,No,Fiber optic,Yes,Yes,No,Yes,No,One year,Yes,Credit card,71.79,821.9,No
CUST02025,Male,1,No,No,48,Yes,Fiber optic,No,Yes,Yes,Yes,Yes,Two year,No,Mailed check,18.77,1005.74,No
CUST02026,Male,0,No,Yes,71,Yes,DSL,No,No,No,Yes,Yes,Two year,No,Credit card,43.91,3076.51,No
CUST02027,Female,0,No,No,61,Yes,DSL,Yes,No,No,Yes,No,Month-to-month,No,Electronic check,91.9,5545.48,No
CUST02028,Female,0,No,No,14,Yes,Fiber optic,Yes,Yes,No,Yes,No,Month-to-month,No,Mailed check,63.79,798.14,Yes
CUST02029,Female,0,Yes,No,72,Yes,Fiber optic,Yes,No,No,Yes,No,Two year,Yes,Credit card,43.32,3113.86,Yes
CUST02030,Male,0,No,No,26,Yes,DSL,No,Yes,Yes,Yes,No,Two year,Yes,Electronic check,64.54,1665.86,No
CUST02031,Female,0,No,No,34,No,Fiber optic,Yes,No,Yes,No,No,Month-to-month,Yes,Bank transfer,98.53,3407.79,Yes
CUST02032,Male,0,No,No,21,Yes,DSL,No,Yes,Yes,No,No,Month-to-month,No,Electronic check,128.4,2597.89,Yes
CUST02033,Male,0,Yes,Yes,51,Yes,DSL,Yes,No,No,No,No,Month-to-month,No,Electronic check,72.55,3565.29,Yes
CUST02034,Female,1,No,No,9,Yes,DSL,No,No,No,Yes,No,Month-to-month,Yes,Credit card,86.24,627.78,Yes
CUST02035,Female,0,Yes,Yes,51,Yes,DSL,No,No,No,Yes,Yes,Two year,Yes,Mailed check,71.5,3682.99,No
CUST02036,Female,0,No,Yes,4,Yes,DSL,No,No,Yes,No,Yes,Month-to-month,Yes,Credit card,79.47,400.65,No
CUST02037,Female,0,No,Yes,61,Yes,DSL,No,Yes,Yes,Yes,Yes,One year,Yes,Credit card,50.87,3179.32,No
CUST02038,Male,0,No,No,23,Yes,DSL,No,No,No,Yes,Yes,Month-to-month,Yes,Mailed check,110.13,2492.87,Yes
CUST02039,Female,1,Yes,No,37,Yes,Fiber optic,No,Yes,Yes,Yes,No,Month-to-month,No,Bank transfer,62.54,2324.39,No
CUST02040,Male,0,Yes,No,16,Yes,No,No internet service,No internet service,No internet service,No internet service,No internet service,One year,Yes,Credit card,46.51,564.41,Yes
CUST02041,Male,0,No,No,7,Yes,DSL,No,Yes,No,No,No,One year,No,Mailed check,54.77,512.82,No
CUST02042,Female,0,No,Yes,1,Yes,Fiber optic,No,No,Yes,Yes,No,Month-to-month,Yes,Credit card,90.62,183.17,Yes
CUST02043,Female,1,No,No,71,Yes,DSL,No,No,Yes,No,Yes,Month-to-month,Yes,Electronic check,56.53,4085.95,No
CUST02044,Female,0,Yes,Yes,9,Yes,No,No internet service,No internet service,No internet service,No internet service,No internet service,Month-to-month,No,Credit card,111.92,935.47,Yes
CUST02045,Male,0,No,No,4,Yes,DSL,No,No,No,No,No,Two year,Yes,Mailed check,89.99,330.88,No
CUST02046,Female,0,No,No,37,Yes,DSL,Yes,Yes,No,No,Yes,Two year,No,Bank transfer,95.54,3519.77,Yes
CUST02047,Male,0,Yes,No,70,Yes,Fiber optic,No,No,Yes,Yes,No,Month-to-month,No,Electronic check,63.53,4583.12,No
CUST02048,Female,1,Yes,No,6,Yes,DSL,No,Yes,Yes,Yes,No,Two year,Yes,Credit card,58.46,430.76,No
CUST02049,Female,0,No,No,18,Yes,DSL,No,Yes,Yes,No,No,One year,No,Mailed check,74.82,1331.8,No
CUST02050,Female,0,Yes,Yes,40,Yes,DSL,Yes,Yes,No,Yes,Yes,Month-to-month,Yes,Electronic check,44.32,1819.57,No
CUST02051,Male,0,No,No,35,No,Fiber optic,Yes,Yes,No,Yes,No,Month-to-month,Yes,Electronic check,85.81,2930.41,Yes
CUST02052,Male,1,No,Yes,10,Yes,DSL,Yes,No,No,No,No,Two year,No,Electronic check,96.93,858.51,Yes
CUST02053,Male,0,Yes,No,69,Yes,DSL,No,Yes,No,No,Yes,One year,Yes,Bank transfer,56.7,3906.8,No
CUST02054,Female,0,Yes,No,26,Yes,No,No internet service,No internet service,No internet service,No internet service,No internet service,Two year,No,Bank transfer,91.24,2281.25,No
CUST02055,Female,1,No,No,49,Yes,DSL,No,Yes,No,No,Yes,Month-to-month,Yes,Electronic check,80.37,3802.78,Yes
CUST02056,Male,0,No,No,33,Yes,DSL,Yes,No,Yes,No,Yes,Two year,No,Electronic check,101.91,3365.69,No
CUST02057,Female,1,No,Yes,42,Yes,Fiber optic,Yes,Yes,No,Yes,Yes,Two year,Yes,Electronic check,115.09,4812.6,Yes
CUST02058,Female,0,No,No,66,Yes,DSL,No,No,No,No,No,Two year,Yes,Electronic check,93.54,6092.95,No
CUST02059,Male,0,No,No,23,No,No,No internet service,No internet service,No internet service,No internet service,No internet service,Two year,No,Mailed check,72.59,1637.55,Yes
CUST02060,Male,0,No,No,59,Yes,DSL,Yes,Yes,No,Yes,Yes,Month-to-month,No,Electronic check,104.14,6174.56,Yes
CUST02061,Female,0,No,No,21,Yes,DSL,Yes,Yes,Yes,No,No,One year,No,Electronic check,75.18,1560.72,No
CUST02062,Female,0,No,Yes,23,Yes,No,No internet service,No internet service,No internet service,No internet service,No internet service,Month-to-month,Yes,Mailed check,67.36,1560.48,Yes
CUST02063,Male,0,Yes,Yes,2,No,No,No internet service,No internet service,No internet service,No internet service,No internet service,Two year,No,Mailed check,58.76,103.92,No
CUST02064,Female,1,Yes,No,25,Yes,Fiber optic,Yes,No,Yes,No,Yes,One year,Yes,Mailed check,76.44,2049.4,No
CUST02065,Female,0,No,No,42,No,DSL,Yes,No,No,Yes,Yes,Month-to-month,Yes,Electronic check,99.13,4269.8,No
CUST02066,Female,0,Yes,Yes,46,No,Fiber optic,Yes,No,Yes,Yes,No,Month-to-month,Yes,Credit card,48.21,2226.96,Yes
CUST02067,Female,0,No,No,31,Yes,No,No internet service,No internet service,No internet service,No internet service,No internet service,Month-to-month,Yes,Electronic check,43.0,1267.45,No
CUST02068,Female,0,No,Yes,26,Yes,Fiber optic,No,No,No,No,No,Month-to-month,Yes,Mailed check,43.49,1085.91,No
CUST02069,Male,0,Yes,No,16,Yes,No,No internet service,No internet service,No internet service,No internet service,No internet service,Month-to-month,No,Electronic check,99.55,1489.49,Yes
CUST02070,Male,0,Yes,No,66,Yes,Fiber optic,Yes,Yes,No,Yes,Yes,Two year,Yes,Bank transfer,83.96,5477.56,No
CUST02071,Male,0,No,No,28,Yes,No,No internet service,No internet service,No internet service,No internet service,No internet service,One year,Yes,Mailed check,110.86,3157.52,No
CUST02072,Female,0,Yes,Yes,22,Yes,DSL,Yes,No,Yes,Yes,No,Two year,No,Credit card,61.03,1295.17,No
CUST02073,Male,0,No,Yes,68,No,No,No internet service,No internet service,No internet service,No internet service,No internet service,Month-to-month,Yes,Bank transfer,43.43,2939.24,No
CUST02074,Male,0,No,No,46,Yes,No,No internet service,No internet service,No internet service,No internet service,No internet service,Month-to-month,Yes,Credit card,112.92,5288.84,Yes
CUST02075,Female,1,No,No,61,Yes,No,No internet service,No internet service,No internet service,No internet service,No internet service,Two year,Yes,Mailed check,55.61,3436.45,No
CUST02076,Male,0,No,Yes,28,Yes,No,No internet service,No internet service,No internet service,No internet service,No internet service,One year,Yes,Mailed check,90.9,2550.71,No
CUST02077,Male,0,No,No,31,Yes,No,No internet service,No internet service,No internet service,No internet service,No internet service,Month-to-month,No,Bank transfer,40.64,1250.7,No
CUST02078,Male,0,Yes,Yes,53,Yes,Fiber optic,Yes,Yes,Yes,No,No,Two year,Yes,Bank transfer,78.52,4145.72,No
CUST02079,Male,0,Yes,No,71,No,Fiber optic,Yes,Yes,Yes,Yes,Yes,Month-to-month,Yes,Electronic check,69.92,5038.81,Yes
CUST02080,Male,0,Yes,No,57,Yes,No,No internet service,No internet service,No internet service,No internet service,No internet service,Month-to-month,Yes,Credit card,38.4,2212.63,No
CUST02081,Female,1,No,Yes,33,Yes,Fiber optic,Yes,Yes,Yes,No,Yes,One year,Yes,Mailed check,121.3,3982.38,No
CUST02082,Male,1,Yes,No,43,Yes,Fiber optic,No,No,No,No,Yes,One year,Yes,Credit card,51.79,2125.07,Yes
CUST02083,Male,0,Yes,No,25,Yes,Fiber optic,Yes,Yes,Yes,Yes,Yes,One year,Yes,Electronic check,50.62,1304.12,No
CUST02084,Female,0,Yes,No,33,No,No,No internet service,No internet service,No internet service,No internet service,No internet service,Month-to-month,Yes,Mailed check,57.64,1929.52,Yes
CUST02085,Male,0,Yes,No,28,No,DSL,No,No,Yes,No,Yes,Month-to-month,No,Mailed check,19.52,419.98,Yes
CUST02086,Female,0,Yes,No,7,Yes,Fiber optic,No,Yes,Yes,Yes,Yes,Month-to-month,Yes,Bank transfer,65.82,448.38,Yes
CUST02087,Female,0,No,No,63,Yes,Fiber optic,No,Yes,Yes,Yes,Yes,Month-to-month,Yes,Electronic check,57.65,3658.75,Yes
CUST02088,Female,0,Yes,Yes,9,Yes,No,No internet service,No internet service,No internet service,No internet service,No internet service,Month-to-month,No,Bank transfer,98.81,868.38,Yes
CUST02089,Male,0,No,No,19,Yes,DSL,Yes,No,Yes,Yes,Yes,One year,Yes,Credit card,81.9,1701.23,No
CUST02090,Male,0,Yes,Yes,18,Yes,Fiber optic,No,Yes,Yes,Yes,Yes,Two year,Yes,Electronic check,42.3,883.56,No
CUST02091,Female,0,Yes,Yes,16,No,DSL,No,Yes,Yes,Yes,No,Two year,No,Credit card,57.67,821.76,No
CUST02092,Male,0,Yes,No,36,Yes,Fiber optic,Yes,Yes,No,No,Yes,Two year,Yes,Bank transfer,127.89,4584.18,No
CUST02093,Female,0,No,Yes,70,Yes,Fiber optic,No,No,No,No,No,Month-to-month,No,Bank transfer,51.2,3661.51,No
CUST02094,Male,0,No,No,23,Yes,Fiber optic,Yes,Yes,No,No,Yes,Month-to-month,No,Electronic check,94.59,2168.9,No
CUST02095,Male,0,Yes,No,53,Yes,Fiber optic,Yes,Yes,No,Yes,Yes,Two year,Yes,Bank transfer,57.0,3079.95,No
CUST02096,Female,0,No,Yes,53,Yes,Fiber optic,No,Yes,Yes,Yes,No,Month-to-month,Yes,Mailed check,48.92,2540.93,No
CUST02097,Female,0,Yes,No,55,Yes,Fiber optic,Yes,Yes,Yes,No,Yes,Month-to-month,Yes,Mailed check,60.45,3199.16,Yes
CUST02098,Female,0,No,No,45,Yes,No,No internet service,No internet service,No internet service,No internet service,No internet service,Month-to-month,Yes,Electronic check,110.76,5039.66,No
CUST02099,Female,0,No,No,54,Yes,Fiber optic,Yes,No,Yes,Yes,Yes,One year,Yes,Credit card,37.32,1988.7,No
CUST02100,Male,0,Yes,No,55,Yes,DSL,Yes,No,No,No,Yes,Two year,No,Electronic check,90.41,5178.81,No
CUST02101,Female,0,Yes,No,49,Yes,Fiber optic,,Yes,Yes,No,Yes,Month-to-month,Yes,Bank transfer,104.49,5195.22,Yes
CUST02102,Female,0,Yes,No,40,Yes,Fiber optic,Yes,No,Yes,No,Yes,One year,No,Electronic check,60.2,2323.2,No
CUST02103,Male,0,No,No,6,Yes,Fiber optic,Yes,Yes,No,No,Yes,One year,Yes,Mailed check,98.93,647.46,Yes
CUST02104,Male,0,Yes,Yes,37,Yes,Fiber optic,No,No,Yes,Yes,No,Two year,No,Credit card,95.03,3510.46,Yes
CUST02105,Female,0,No,No,55,Yes,No,No internet service,No internet service,No internet service,No internet service,No internet service,Month-to-month,Yes,Electronic check,53.84,3003.25,No
CUST02106,Male,0,Yes,Yes,24,Yes,No,No internet service,No internet service,No internet service,No internet service,No internet service,One year,Yes,Electronic check,50.25,1148.13,No
CUST02107,Female,0,No,Yes,18,Yes,DSL,No,No,Yes,No,No,Two year,Yes,Credit card,70.15,1287.67,No
CUST02108,Male,0,Yes,Yes,43,Yes,Fiber optic,No,Yes,Yes,No,No,Two year,Yes,Electronic check,76.7,3382.84,No
CUST02109,Male,0,No,No,9,Yes,Fiber optic,Yes,Yes,No,Yes,No,Month-to-month,No,Credit card,64.76,648.63,No
CUST02110,Male,0,Yes,No,52,Yes,No,No internet service,No internet service,No internet service,No internet service,No internet service,Month-to-month,No,Credit card,88.13,4670.32,No
CUST02111,Male,0,Yes,No,71,Yes,DSL,No,No,Yes,Yes,Yes,Two year,Yes,Mailed check,54.66,4130.12,No
CUST02112,Female,0,Yes,No,35,Yes,DSL,No,No,No,No,Yes,Two year,Yes,Bank transfer,51.21,1755.0,No
CUST02113,Female,0,No,No,2,Yes,Fiber optic,No,No,Yes,No,No,Month-to-month,No,Bank transfer,74.1,292.63,No
CUST02114,Female,0,Yes,No,19,Yes,Fiber optic,No,No,No,No,No,Month-to-month,Yes,Bank transfer,79.71,1538.14,No
CUST02115,Female,0,No,No,2,Yes,DSL,Yes,Yes,No,No,Yes,Month-to-month,No,Electronic check,106.8,182.63,No
CUST02116,Male,0,No,No,33,Yes,No,No internet service,No internet service,No internet service,No internet service,No internet service,One year,Yes,Credit card,85.36,2816.29,Yes
CUST02117,Female,0,Yes,Yes,22,Yes,DSL,Yes,Yes,Yes,Yes,No,Month-to-month,Yes,Mailed check,91.74,2090.51,No
CUST02118,Female,0,Yes,No,56,Yes,DSL,Yes,Yes,No,Yes,Yes,Month-to-month,Yes,Bank transfer,65.37,3631.26,No
CUST02119,Female,0,Yes,No,61,Yes,DSL,Yes,No,No,Yes,Yes,Two year,Yes,Bank transfer,65.54,3841.15,No
CUST02120,Female,0,Yes,No,31,Yes,DSL,No,No,No,Yes,No,Month-to-month,No,Bank transfer,58.11,1868.59,No
CUST02121,Female,0,Yes,Yes,71,Yes,DSL,Yes,Yes,Yes,No,No,Two year,Yes,Mailed check,78.57,5596.67,No
CUST02122,Female,0,No,No,32,Yes,Fiber optic,No,No,No,No,No,Month-to-month,No,Mailed check,77.64,2442.96,No
CUST02123,Female,0,Yes,No,8,No,DSL,No,No,No,No,No,Month-to-month,Yes,Bank transfer,76.42,510.48,Yes
CUST02124,Female,0,Yes,Yes,66,Yes,Fiber optic,Yes,No,Yes,Yes,Yes,Two year,No,Bank transfer,68.93,4581.92,No
CUST02125,Female,0,No,No,28,Yes,Fiber optic,Yes,Yes,No,Yes,No,Month-to-month,No,Credit card,72.93,2145.32,No
CUST02126,Male,0,Yes,No,64,Yes,Fiber optic,No,No,Yes,Yes,Yes,Month-to-month,Yes,Credit card,,7315.15,No
CUST02127,Male,0,No,No,53,Yes,No,No internet service,No internet service,No internet service,No internet service,No internet service,Month-to-month,No,Bank transfer,80.86,4308.14,No
CUST02128,Female,0,No,No,68,Yes,No,No internet service,No internet service,No internet service,No internet service,No internet service,One year,Yes,Mailed check,88.59,6201.2,No
CUST02129,Male,1,Yes,No,47,No,Fiber optic,No,Yes,No,Yes,No,Month-to-month,Yes,Mailed check,85.72,,No
CUST02130,Male,0,No,No,43,Yes,Fiber optic,No,Yes,No,Yes,No,Two year,Yes,Electronic check,69.64,2994.9,No
CUST02131,Female,0,No,No,17,Yes,Fiber optic,No,Yes,No,Yes,Yes,Two year,Yes,Mailed check,87.42,1478.47,Yes
CUST02132,Female,0,No,Yes,20,Yes,Fiber optic,Yes,No,Yes,No,Yes,Month-to-month,Yes,Mailed check,74.52,1452.98,Yes
CUST02133,Female,0,No,No,24,Yes,Fiber optic,Yes,No,No,Yes,No,Month-to-month,Yes,Bank transfer,42.74,1032.36,No
CUST02134,Male,0,No,No,22,Yes,Fiber optic,No,No,Yes,No,No,One year,No,Mailed check,59.48,1276.2,No
CUST02135,Male,1,No,Yes,43,No,DSL,Yes,Yes,Yes,No,Yes,Two year,No,Electronic check,123.84,5304.53,No
CUST02136,Female,0,No,Yes,63,Yes,Fiber optic,Yes,No,Yes,No,No,Month-to-month,No,Electronic check,103.17,6491.29,Yes
CUST02137,Female,0,No,Yes,2,Yes,No,No internet service,No internet service,No internet service,No internet service,No internet service,Month-to-month,No,Electronic check,66.53,5.58,Yes
CUST02138,Male,0,No,No,45,Yes,Fiber optic,Yes,Yes,No,Yes,Yes,Month-to-month,No,Bank transfer,90.87,4078.93,Yes
CUST02139,Female,0,No,No,55,Yes,Fiber optic,Yes,No,Yes,Yes,Yes,Two year,No,Credit card,79.47,4589.5,No
CUST02140,Male,0,Yes,No,32,Yes,Fiber optic,Yes,Yes,No,No,Yes,Month-to-month,Yes,Credit card,117.57,3654.23,No
CUST02141,Female,0,No,Yes,20,Yes,Fiber optic,Yes,No,No,No,No,One year,No,Mailed check,70.76,1541.27,No
CUST02142,Female,0,Yes,No,31,Yes,DSL,Yes,Yes,Yes,No,Yes,Month-to-month,Yes,Electronic check,79.61,2555.73,No
CUST02143,Female,0,Yes,Yes,60,Yes,Fiber optic,Yes,No,Yes,No,No,One year,No,Credit card,54.07,3299.99,No
CUST02144,Female,0,Yes,No,66,No,DSL,No,Yes,No,Yes,Yes,Month-to-month,Yes,Mailed check,70.64,4624.2,Yes
CUST02145,Male,0,Yes,Yes,49,Yes,Fiber optic,Yes,Yes,No,No,No,One year,Yes,Credit card,18.0,960.59,Yes
CUST02146,Male,1,No,No,35,Yes,DSL,Yes,No,Yes,No,Yes,Month-to-month,Yes,Mailed check,80.49,2969.57,Yes
CUST02147,Male,0,Yes,No,47,No,No,No internet service,No internet service,No internet service,No internet service,No internet service,Month-to-month,No,Mailed check,99.09,4750.19,No
CUST02148,Female,0,No,No,49,Yes,Fiber optic,Yes,Yes,No,No,No,Month-to-month,No,Bank transfer,116.31,5726.03,Yes
CUST02149,Female,0,No,Yes,56,Yes,DSL,Yes,Yes,Yes,Yes,Yes,Two year,Yes,Bank transfer,86.02,4825.78,No
CUST02150,Female,1,Yes,Yes,10,Yes,No,No internet service,No internet service,No internet service,No internet service,No internet service,One year,No,Electronic check,64.87,604.84,Yes
CUST02151,Male,0,Yes,No,5,Yes,Fiber optic,No,No,No,No,No,Month-to-month,No,Mailed check,53.46,283.26,No
CUST02152,Male,0,No,No,25,Yes,Fiber optic,No,Yes,Yes,No,Yes,Month-to-month,No,Credit card,62.12,1604.25,Yes
CUST02153,Female,0,No,No,18,Yes,DSL,Yes,No,No,Yes,Yes,Month-to-month,Yes,Bank transfer,,623.95,No
CUST02154,Female,1,Yes,No,44,Yes,Fiber optic,Yes,Yes,No,Yes,No,Month-to-month,Yes,Electronic check,67.7,2980.64,Yes
CUST02155,Female,0,Yes,No,38,Yes,Fiber optic,Yes,Yes,Yes,Yes,Yes,Two year,No,Bank transfer,43.36,1650.61,No
CUST02156,Male,0,Yes,No,67,Yes,Fiber optic,No,No,Yes,Yes,Yes,Month-to-month,Yes,Credit card,59.07,4112.6,Yes
CUST02157,Male,0,Yes,No,56,Yes,Fiber optic,No,Yes,No,Yes,Yes,One year,Yes,Credit card,68.89,3880.18,No
CUST02158,Female,0,Yes,No,10,Yes,DSL,Yes,Yes,No,No,Yes,One year,Yes,Electronic check,82.23,847.62,Yes
CUST02159,Female,1,No,No,61,Yes,No,No internet service,No internet service,No internet service,No internet service,No internet service,Two year,No,Electronic check,32.72,1812.35,No
CUST02160,Male,0,Yes,No,56,Yes,No,,No internet service,No internet service,No internet service,No internet service,One year,Yes,Credit card,65.42,3749.1,Yes
CUST02161,Female,0,Yes,No,27,Yes,DSL,Yes,Yes,Yes,Yes,Yes,Month-to-month,No,Credit card,91.15,2516.31,Yes
CUST02162,Male,0,No,Yes,4,Yes,Fiber optic,No,Yes,Yes,No,Yes,Month-to-month,No,Mailed check,108.99,487.43,Yes
CUST02163,Male,0,No,Yes,57,Yes,DSL,No,Yes,Yes,No,Yes,Month-to-month,No,Electronic check,72.14,4168.86,No
CUST02164,Female,0,Yes,Yes,14,No,No,No internet service,No internet service,No internet service,No internet service,No internet service,Month-to-month,Yes,Credit card,128.93,1737.37,Yes
CUST02165,Female,0,No,No,16,Yes,DSL,No,Yes,Yes,Yes,Yes,Month-to-month,Yes,Credit card,91.51,1449.2,Yes
CUST02166,Female,0,No,No,34,Yes,No,No internet service,No internet service,No internet service,No internet service,No internet service,Two year,No,Credit card,75.54,2717.59,No
CUST02167,Male,0,Yes,Yes,6,Yes,No,No internet service,No internet service,No internet service,No internet service,No internet service,Month-to-month,No,Bank transfer,105.09,526.72,No
CUST02168,Female,1,Yes,Yes,29,Yes,DSL,No,No,No,Yes,No,One year,Yes,Credit card,61.32,1679.33,No
CUST02169,Female,0,No,No,18,No,Fiber optic,Yes,Yes,No,No,Yes,Month-to-month,Yes,Credit card,47.8,751.12,Yes
CUST02170,Female,0,No,Yes,3,Yes,Fiber optic,Yes,No,No,Yes,Yes,Month-to-month,No,Credit card,97.22,285.16,Yes
CUST02171,Male,0,No,Yes,65,Yes,Fiber optic,Yes,Yes,No,Yes,No,Month-to-month,No,Credit card,87.27,5808.38,No
CUST02172,Female,1,Yes,Yes,19,Yes,No,No internet service,No internet service,No internet service,No internet service,No internet service,Month-to-month,Yes,Mailed check,100.11,1932.58,Yes
CUST02173,Female,0,No,No,39,Yes,Fiber optic,No,No,Yes,No,No,Month-to-month,Yes,Electronic check,99.53,3976.88,Yes
CUST02174,Female,0,Yes,No,59,Yes,DSL,No,No,Yes,No,No,Two year,Yes,Mailed check,124.26,7179.68,Yes
CUST02175,Male,0,No,Yes,35,Yes,Fiber optic,Yes,Yes,Yes,No,Yes,One year,Yes,Mailed check,37.71,1260.77,No
CUST02176,Female,1,No,Yes,21,No,Fiber optic,No,Yes,No,No,Yes,Month-to-month,Yes,Credit card,65.14,1321.62,No
CUST02177,Male,1,Yes,Yes,54,Yes,Fiber optic,No,Yes,No,Yes,Yes,Month-to-month,No,Mailed check,66.8,3743.56,No
CUST02178,Male,0,Yes,No,50,Yes,Fiber optic,No,Yes,No,No,Yes,Two year,Yes,Credit card,103.17,5178.2,No
CUST02179,Female,0,No,No,0,Yes,Fiber optic,No,Yes,Yes,Yes,Yes,Month-to-month,Yes,Mailed check,83.32,4.29,No
CUST02180,Male,0,No,No,59,Yes,DSL,No,Yes,No,Yes,Yes,Month-to-month,Yes,Mailed check,103.26,6116.22,Yes
CUST02181,Female,0,Yes,No,8,Yes,Fiber optic,No,Yes,No,No,Yes,Two year,Yes,Bank transfer,81.08,637.91,Yes
CUST02182,Male,0,No,No,53,Yes,DSL,Yes,Yes,No,No,No,One year,No,Mailed check,73.54,4065.02,No
CUST02183,Female,0,Yes,Yes,7,Yes,Fiber optic,No,No,Yes,No,Yes,Month-to-month,No,Bank transfer,91.02,801.36,No
CUST02184,Female,0,Yes,No,4,Yes,No,No internet service,No internet service,No internet service,No internet service,No internet service,One year,Yes,Electronic check,80.53,420.03,No
CUST02185,Female,1,Yes,No,8,Yes,DSL,Yes,Yes,Yes,No,No,Month-to-month,Yes,Bank transfer,83.74,758.81,No
CUST02186,Male,0,No,Yes,54,Yes,DSL,Yes,Yes,No,Yes,No,One year,Yes,Mailed check,90.3,4843.63,No
CUST02187,Male,0,Yes,No,33,Yes,Fiber optic,No,No,Yes,Yes,No,Month-to-month,No,Electronic check,84.84,,No
CUST02188,Male,0,No,Yes,43,Yes,DSL,No,Yes,No,No,Yes,Two year,Yes,Mailed check,98.57,4086.54,No
CUST02189,Male,0,Yes,No,20,Yes,DSL,Yes,Yes,No,No,No,One year,Yes,Electronic check,75.3,1479.92,No
CUST02190,Female,0,No,Yes,8,Yes,Fiber optic,Yes,Yes,No,Yes,No,Month-to-month,No,Credit card,78.24,509.97,No
CUST02191,Male,1,No,No,57,Yes,Fiber optic,,No,No,Yes,No,One year,Yes,Credit card,48.98,2840.22,No
CUST02192,Male,0,Yes,Yes,60,Yes,DSL,No,No,Yes,Yes,Yes,Month-to-month,Yes,Mailed check,98.58,5915.01,Yes
CUST02193,Male,0,Yes,No,61,Yes,Fiber optic,No,No,No,Yes,No,Two year,Yes,Mailed check,116.78,7193.28,Yes
CUST02194,Male,0,Yes,No,4,Yes,DSL,No,No,No,No,No,Month-to-month,Yes,Mailed check,28.95,176.52,Yes
CUST02195,Female,0,Yes,No,67,Yes,No,No internet service,No internet service,No internet service,No internet service,No internet service,Month-to-month,No,Credit card,90.02,,No
CUST02196,Female,1,No,No,39,Yes,Fiber optic,Yes,No,No,No,No,Two year,No,Electronic check,70.35,2690.71,No
CUST02197,Male,0,No,Yes,14,Yes,DSL,Yes,No,No,No,Yes,Month-to-month,Yes,Electronic check,69.39,836.01,Yes
CUST02198,Female,0,Yes,No,14,Yes,Fiber optic,No,Yes,Yes,Yes,No,Month-to-month,Yes,Electronic check,89.69,1419.35,No
CUST02199,Female,0,No,Yes,36,Yes,Fiber optic,,Yes,Yes,Yes,No,Two year,Yes,Bank transfer,73.26,2602.22,No
CUST02200,Male,0,Yes,No,44,Yes,No,No internet service,No internet service,No internet service,No internet service,No internet service,One year,No,Credit card,83.81,3692.36,No
CUST02201,Male,0,Yes,Yes,3,Yes,Fiber optic,Yes,No,Yes,No,No,Month-to-month,Yes,Bank transfer,65.01,289.14,No
CUST02202,Male,1,Yes,No,36,Yes,Fiber optic,Yes,Yes,No,No,No,Month-to-month,Yes,Electronic check,111.62,4003.27,Yes
CUST02203,Male,0,Yes,No,17,Yes,Fiber optic,Yes,No,Yes,Yes,No,One year,No,Mailed check,68.18,1075.93,No
CUST02204,Male,1,No,No,67,Yes,Fiber optic,Yes,Yes,Yes,No,Yes,Two year,No,Credit card,54.97,3860.69,No
CUST02205,Male,0,Yes,No,44,Yes,Fiber optic,No,Yes,Yes,No,Yes,One year,No,Credit card,82.67,3601.96,No
CUST02206,Female,0,No,Yes,27,No,Fiber optic,No,Yes,No,No,Yes,One year,No,Electronic check,53.13,1590.78,No
CUST02207,Male,1,Yes,No,30,Yes,No,No internet service,No internet service,No internet service,No internet service,No internet service,Two year,Yes,Electronic check,79.87,2434.18,No
CUST02208,Female,0,No,Yes,61,Yes,DSL,No,Yes,Yes,Yes,Yes,Month-to-month,Yes,Credit card,115.18,7115.27,Yes
CUST02209,Male,0,Yes,Yes,50,Yes,No,No internet service,No internet service,No internet service,No internet service,No internet service,Month-to-month,Yes,Bank transfer,72.88,3731.75,Yes
CUST02210,Male,1,Yes,No,28,Yes,DSL,No,Yes,Yes,No,No,One year,Yes,Electronic check,40.14,1099.87,No
CUST02211,Female,0,Yes,No,61,Yes,DSL,No,Yes,Yes,Yes,No,Month-to-month,Yes,Electronic check,63.62,3937.82,No
CUST02212,Female,1,Yes,No,45,Yes,DSL,Yes,No,No,No,No,Month-to-month,No,Bank transfer,94.31,4410.87,No
CUST02213,Female,0,Yes,No,4,No,No,No internet service,No internet service,No internet service,No internet service,No internet service,Month-to-month,No,Credit card,76.67,421.4,Yes
CUST02214,Male,1,Yes,Yes,46,No,No,No internet service,No internet service,No internet service,No internet service,No internet service,One year,Yes,Credit card,91.53,4312.04,No
CUST02215,Male,0,No,Yes,68,No,Fiber optic,No,No,No,No,Yes,One year,No,Electronic check,58.18,4020.5,No
CUST02216,Male,0,Yes,No,63,Yes,No,No internet service,No internet service,No internet service,No internet service,No internet service,Two year,Yes,Electronic check,63.7,4014.37,No
CUST02217,Male,1,No,Yes,3,Yes,DSL,No,Yes,No,No,Yes,Month-to-month,Yes,Bank transfer,89.84,210.39,No
CUST02218,Female,0,No,No,64,Yes,DSL,No,Yes,Yes,No,Yes,Two year,Yes,Bank transfer,114.27,7450.22,No
CUST02219,Male,0,No,No,71,Yes,DSL,Yes,No,No,No,No,Month-to-month,No,Credit card,64.32,4530.61,No
CUST02220,Male,0,No,Yes,11,Yes,Fiber optic,No,No,Yes,Yes,No,One year,No,Credit card,74.93,794.63,Yes
CUST02221,Female,0,Yes,No,46,Yes,Fiber optic,No,Yes,No,Yes,No,One year,No,Mailed check,101.5,4679.86,No
CUST02222,Male,1,No,No,55,No,DSL,No,Yes,Yes,No,Yes,Month-to-month,No,Electronic check,77.28,4142.7,Yes
CUST02223,Male,0,No,No,3,Yes,DSL,No,Yes,Yes,No,Yes,Two year,Yes,Electronic check,89.94,249.49,No
CUST02224,Male,0,No,No,60,Yes,Fiber optic,Yes,No,No,Yes,No,Month-to-month,Yes,Bank transfer,55.5,3279.09,Yes
CUST02225,Male,0,Yes,No,28,Yes,DSL,No,Yes,Yes,Yes,Yes,Month-to-month,Yes,Electronic check,74.09,1969.09,Yes
CUST02226,Female,1,No,No,21,Yes,Fiber optic,Yes,Yes,No,Yes,Yes,Month-to-month,No,Bank transfer,58.47,1136.89,No
CUST02227,Female,1,Yes,No,18,Yes,Fiber optic,Yes,Yes,No,No,Yes,Month-to-month,Yes,Bank transfer,31.86,580.14,No
CUST02228,Female,1,No,No,36,Yes,DSL,Yes,Yes,Yes,Yes,Yes,One year,Yes,Credit card,51.89,1958.72,No
CUST02229,Male,0,Yes,No,58,Yes,DSL,No,Yes,Yes,No,No,Month-to-month,No,Bank transfer,85.21,4943.62,No
CUST02230,Female,0,Yes,No,59,Yes,Fiber optic,No,Yes,Yes,No,No,Month-to-month,Yes,Mailed check,87.8,5101.37,No
CUST02231,Female,0,No,No,16,Yes,Fiber optic,No,No,Yes,Yes,No,Month-to-month,Yes,Credit card,93.21,1447.33,Yes
CUST02232,Male,0,No,No,60,Yes,Fiber optic,No,No,No,No,No,One year,Yes,Bank transfer,86.72,5239.25,No
CUST02233,Female,0,Yes,Yes,60,Yes,Fiber optic,Yes,Yes,Yes,No,No,Month-to-month,Yes,Bank transfer,68.45,4207.42,No
CUST02234,Male,0,No,No,4,Yes,No,No internet service,No internet service,No internet service,No internet service,No internet service,Two year,No,Credit card,28.17,198.09,No
CUST02235,Female,0,No,No,22,Yes,Fiber optic,Yes,Yes,No,No,Yes,Month-to-month,No,Credit card,45.4,1026.74,No
CUST02236,Female,0,No,No,1,Yes,DSL,Yes,No,No,Yes,Yes,One year,Yes,Bank transfer,101.62,231.58,Yes
CUST02237,Male,0,No,No,72,Yes,No,No internet service,No internet service,No internet service,No internet service,No internet service,Two year,No,Electronic check,52.95,3778.77,Yes
CUST02238,Male,0,Yes,No,34,Yes,Fiber optic,Yes,Yes,No,No,Yes,Month-to-month,Yes,Electronic check,72.14,2367.44,Yes
CUST02239,Male,0,Yes,No,19,Yes,Fiber optic,No,Yes,No,No,No,Month-to-month,No,Bank transfer,75.57,1421.7,Yes
CUST02240,Female,1,No,No,65,Yes,Fiber optic,Yes,Yes,Yes,No,Yes,Two year,Yes,Electronic check,39.37,2668.71,No
CUST02241,Male,0,Yes,No,50,Yes,Fiber optic,No,Yes,Yes,No,Yes,Month-to-month,Yes,Credit card,82.31,4180.25,No
CUST02242,Female,1,No,No,68,Yes,No,No internet service,No internet service,No internet service,No internet service,No internet service,One year,Yes,Mailed check,112.19,7724.94,No
CUST02243,Male,0,No,No,58,Yes,DSL,No,No,No,No,No,Month-to-month,No,Mailed check,73.53,4266.45,No
CUST02244,Male,0,No,No,69,Yes,Fiber optic,Yes,No,Yes,Yes,No,Month-to-month,Yes,Mailed check,67.27,4662.15,Yes
CUST02245,Female,0,Yes,No,15,Yes,DSL,No,Yes,No,No,No,Two year,Yes,Bank transfer,45.04,667.65,Yes
CUST02246,Female,0,No,No,14,Yes,Fiber optic,Yes,Yes,Yes,Yes,No,Month-to-month,Yes,Mailed check,67.15,880.36,No
CUST02247,Female,0,No,Yes,5,Yes,DSL,No,No,Yes,Yes,No,Two year,No,Electronic check,87.53,449.74,Yes
CUST02248,Male,0,Yes,Yes,25,Yes,Fiber optic,Yes,Yes,Yes,No,No,Month-to-month,Yes,Mailed check,73.84,1837.52,No
CUST02249,Male,0,Yes,No,40,Yes,No,No internet service,No internet service,No internet service,No internet service,No internet service,Month-to-month,No,Mailed check,63.01,2491.15,No
CUST02250,Male,1,Yes,No,41,Yes,DSL,No,Yes,Yes,Yes,No,Month-to-month,Yes,Credit card,99.15,4123.04,No
CUST02251,Female,0,Yes,No,49,Yes,DSL,Yes,Yes,No,No,Yes,Two year,Yes,Electronic check,67.46,3325.27,No
CUST02252,Female,0,No,Yes,53,Yes,Fiber optic,No,Yes,Yes,No,Yes,Month-to-month,Yes,Credit card,63.3,3472.49,No
CUST02253,Male,0,No,Yes,59,Yes,Fiber optic,No,No,Yes,No,Yes,Month-to-month,Yes,Mailed check,77.53,,Yes
CUST02254,Female,0,Yes,No,37,Yes,DSL,No,No,Yes,No,Yes,Month-to-month,Yes,Electronic check,106.67,3923.75,Yes
CUST02255,Male,0,No,No,19,Yes,DSL,Yes,No,No,Yes,Yes,One year,Yes,Electronic check,70.14,1200.52,No
CUST02256,Female,0,Yes,No,32,Yes,DSL,Yes,Yes,No,Yes,Yes,Month-to-month,Yes,Mailed check,51.86,1589.68,Yes
CUST02257,Female,0,Yes,No,63,Yes,DSL,Yes,Yes,Yes,No,No,Two year,Yes,Bank transfer,87.65,5581.76,No
CUST02258,Female,0,Yes,No,59,Yes,No,No internet service,No internet service,No internet service,No internet service,No internet service,Month-to-month,No,Bank transfer,65.71,3951.46,No
CUST02259,Male,1,No,No,66,Yes,DSL,Yes,No,No,No,No,Month-to-month,Yes,Credit card,87.87,5864.35,No
CUST02260,Female,1,No,Yes,39,Yes,Fiber optic,No,Yes,No,Yes,No,Month-to-month,Yes,Electronic check,22.78,1001.76,Yes
CUST02261,Male,0,No,No,56,Yes,DSL,No,No,No,No,No,Month-to-month,No,Bank transfer,74.92,4248.58,Yes
CUST02262,Female,1,No,No,30,Yes,No,No internet service,No internet service,No internet service,No internet service,No internet service,Two year,No,Electronic check,67.78,2048.16,No
CUST02263,Male,0,Yes,No,0,Yes,Fiber optic,Yes,No,Yes,No,No,Two year,No,Mailed check,50.01,63.28,No
CUST02264,Female,0,No,No,54,Yes,Fiber optic,Yes,Yes,Yes,Yes,Yes,One year,Yes,Credit card,43.68,2307.95,No
CUST02265,Male,1,Yes,No,6,No,Fiber optic,No,No,Yes,Yes,No,Two year,No,Bank transfer,67.0,280.63,No
CUST02266,Male,0,Yes,Yes,46,Yes,DSL,Yes,Yes,No,No,No,Two year,Yes,Credit card,47.26,2152.65,No
CUST02267,Female,0,No,Yes,72,Yes,DSL,Yes,Yes,No,No,No,Month-to-month,Yes,Electronic check,18.0,1284.21,No
CUST02268,Female,0,Yes,No,1,No,Fiber optic,Yes,No,Yes,No,No,Month-to-month,Yes,Credit card,44.62,63.77,Yes
CUST02269,Male,0,Yes,No,53,Yes,Fiber optic,Yes,Yes,No,Yes,Yes,One year,No,Mailed check,43.54,2254.04,No
CUST02270,Female,0,Yes,No,63,Yes,Fiber optic,Yes,Yes,No,Yes,Yes,Two year,Yes,Credit card,74.73,4670.17,No
CUST02271,Male,0,Yes,Yes,45,Yes,Fiber optic,Yes,No,Yes,Yes,No,Two year,Yes,Mailed check,44.28,2066.02,No
CUST02272,Male,0,No,No,50,Yes,Fiber optic,Yes,Yes,No,No,No,One year,Yes,Bank transfer,73.98,3611.93,No
CUST02273,Male,0,Yes,Yes,65,No,No,No internet service,No internet service,No internet service,No internet service,No internet service,Month-to-month,Yes,Bank transfer,50.17,3263.78,Yes
CUST02274,Male,0,No,No,56,No,No,No internet service,No internet service,No internet service,No internet service,No internet service,Two year,Yes,Credit card,93.56,5200.39,No
CUST02275,Male,0,No,Yes,2,Yes,Fiber optic,Yes,No,No,No,No,One year,Yes,Credit card,83.37,42.32,Yes
CUST02276,Male,1,No,No,56,No,Fiber optic,Yes,No,Yes,No,Yes,Two year,No,Bank transfer,66.5,3702.12,Yes
CUST02277,Male,0,Yes,No,55,Yes,Fiber optic,Yes,Yes,No,No,No,One year,Yes,Electronic check,77.6,4207.01,No
CUST02278,Male,0,No,Yes,16,Yes,Fiber optic,Yes,Yes,No,No,Yes,Month-to-month,Yes,Mailed check,88.37,1391.14,Yes
CUST02279,Male,0,Yes,No,47,Yes,Fiber optic,Yes,Yes,No,No,Yes,One year,Yes,Mailed check,75.53,3567.15,Yes
CUST02280,Female,0,Yes,No,61,Yes,DSL,Yes,Yes,No,No,No,Month-to-month,Yes,Electronic check,77.53,4566.17,No
CUST02281,Female,0,No,Yes,61,Yes,No,No internet service,No internet service,No internet service,No internet service,No internet service,Month-to-month,Yes,Mailed check,21.32,1393.92,No
CUST02282,Male,0,Yes,Yes,63,Yes,DSL,Yes,Yes,No,No,Yes,One year,Yes,Bank transfer,61.04,4096.86,No
CUST02283,Male,0,No,No,56,No,DSL,Yes,No,No,No,No,Two year,Yes,Bank transfer,54.54,2989.6,No
CUST02284,Female,0,Yes,No,8,Yes,DSL,No,No,Yes,No,Yes,One year,Yes,Electronic check,100.27,765.89,Yes
CUST02285,Female,0,No,No,35,Yes,No,No internet service,No internet service,No internet service,No internet service,No internet service,Month-to-month,Yes,Mailed check,64.24,2193.57,Yes
CUST02286,Female,0,No,No,17,Yes,DSL,No,Yes,Yes,Yes,Yes,Month-to-month,No,Credit card,57.13,895.43,Yes
CUST02287,Female,0,No,No,5,Yes,Fiber optic,No,Yes,Yes,No,Yes,Month-to-month,No,Electronic check,88.52,612.82,Yes
CUST02288,Female,0,Yes,No,19,Yes,Fiber optic,Yes,Yes,Yes,Yes,Yes,One year,Yes,Bank transfer,36.03,670.49,No
CUST02289,Female,0,Yes,No,66,Yes,Fiber optic,No,No,No,No,No,One year,Yes,Credit card,71.85,4808.52,No
CUST02290,Male,0,No,No,43,Yes,Fiber optic,No,No,Yes,No,Yes,Month-to-month,Yes,Credit card,24.59,1162.33,Yes
CUST02291,Male,0,No,Yes,55,Yes,No,No internet service,No internet service,No internet service,No internet service,No internet service,Month-to-month,No,Bank transfer,55.99,3173.93,No
CUST02292,Male,0,Yes,Yes,36,Yes,DSL,No,No,No,No,Yes,Two year,Yes,Mailed check,62.43,2347.99,Yes
CUST02293,Male,0,Yes,No,26,Yes,Fiber optic,No,No,No,No,Yes,Month-to-month,Yes,Bank transfer,110.43,2776.7,Yes
CUST02294,Female,0,No,No,35,Yes,DSL,Yes,No,Yes,No,Yes,One year,Yes,Mailed check,70.28,2543.65,No
CUST02295,Female,0,No,No,71,Yes,Fiber optic,Yes,Yes,No,Yes,Yes,Two year,No,Credit card,51.74,3653.44,No
CUST02296,Female,0,No,Yes,20,Yes,No,No internet service,No internet service,No internet service,No internet service,No internet service,Month-to-month,Yes,Mailed check,70.66,1555.48,No
CUST02297,Male,0,No,No,22,Yes,DSL,No,No,No,No,No,Month-to-month,No,Mailed check,110.02,2360.62,No
CUST02298,Male,0,Yes,No,61,Yes,No,No internet service,No internet service,No internet service,No internet service,No internet service,One year,Yes,Mailed check,22.64,1296.25,No
CUST02299,Male,0,Yes,No,27,Yes,DSL,No,No,Yes,Yes,No,Month-to-month,Yes,Credit card,93.31,2525.9,No
CUST02300,Female,1,No,Yes,65,No,No,No internet service,No internet service,No internet service,No internet service,No internet service,Month-to-month,No,Mailed check,83.48,5484.08,Yes
CUST02301,Male,0,No,No,71,Yes,Fiber optic,Yes,Yes,No,No,Yes,Two year,No,Bank transfer,71.08,4909.63,No
CUST02302,Male,0,Yes,No,4,Yes,No,No internet service,No internet service,No internet service,No internet service,No internet service,Month-to-month,Yes,Electronic check,66.24,238.58,Yes
CUST02303,Female,0,No,Yes,48,Yes,Fiber optic,No,Yes,Yes,No,No,Two year,Yes,Credit card,109.93,5194.95,No
CUST02304,Female,0,Yes,No,6,Yes,Fiber optic,No,No,No,No,No,Month-to-month,Yes,Credit card,91.96,631.69,Yes
CUST02305,Female,0,Yes,Yes,64,Yes,DSL,No,Yes,No,Yes,Yes,Month-to-month,No,Electronic check,48.06,3036.6,No
CUST02306,Male,0,No,No,8,Yes,Fiber optic,No,No,Yes,No,Yes,Month-to-month,Yes,Electronic check,74.56,692.6,Yes
CUST02307,Male,0,Yes,Yes,64,Yes,Fiber optic,Yes,Yes,Yes,No,Yes,One year,No,Bank transfer,105.13,6677.01,Yes
CUST02308,Male,0,Yes,No,56,Yes,DSL,No,Yes,No,Yes,No,Two year,No,Credit card,87.45,4927.51,No
CUST02309,Male,0,No,Yes,39,Yes,No,No internet service,No internet service,No internet service,No internet service,No internet service,Month-to-month,Yes,Credit card,80.56,3037.37,No
CUST02310,Female,0,Yes,No,15,Yes,DSL,Yes,Yes,No,Yes,Yes,Two year,No,Mailed check,41.42,618.56,No
CUST02311,Male,0,Yes,Yes,19,Yes,Fiber optic,Yes,No,Yes,Yes,No,One year,Yes,Credit card,131.83,2423.11,Yes
CUST02312,Male,0,No,No,31,Yes,Fiber optic,Yes,Yes,No,Yes,Yes,Two year,Yes,Mailed check,92.04,2981.47,No
CUST02313,Female,0,Yes,Yes,61,Yes,DSL,Yes,Yes,No,Yes,Yes,One year,Yes,Bank transfer,118.59,7325.86,No
CUST02314,Male,0,No,No,65,Yes,Fiber optic,Yes,Yes,Yes,No,No,One year,No,Credit card,81.53,5322.73,No
CUST02315,Male,1,Yes,No,36,Yes,No,No internet service,No internet service,No internet service,No internet service,No internet service,Two year,No,Electronic check,73.54,2735.32,No
CUST02316,Male,0,Yes,No,16,No,DSL,Yes,No,Yes,No,Yes,One year,Yes,Bank transfer,57.89,892.2,No
CUST02317,Male,0,No,Yes,41,Yes,DSL,No,No,Yes,Yes,Yes,Two year,Yes,Mailed check,98.38,4088.47,No
CUST02318,Male,0,Yes,No,60,Yes,DSL,No,Yes,Yes,Yes,No,Month-to-month,Yes,Mailed check,111.44,6686.0,Yes
CUST02319,Female,0,No,No,39,Yes,Fiber optic,Yes,Yes,Yes,No,Yes,Month-to-month,Yes,Mailed check,100.03,3948.37,Yes
CUST02320,Female,0,No,No,65,Yes,Fiber optic,Yes,No,Yes,Yes,No,One year,No,Mailed check,130.39,8491.18,No
CUST02321,Male,0,No,No,0,Yes,No,No internet service,No internet service,No internet service,No internet service,No internet service,Month-to-month,Yes,Bank transfer,77.28,1.5,No
CUST02322,Male,0,Yes,No,36,No,Fiber optic,No,No,Yes,Yes,No,Month-to-month,No,Electronic check,58.48,1966.46,No
CUST02323,Male,0,Yes,No,3,Yes,DSL,Yes,No,Yes,Yes,Yes,Two year,Yes,Bank transfer,80.43,195.63,No
CUST02324,Female,1,No,No,44,Yes,DSL,No,No,No,No,Yes,One year,Yes,Bank transfer,94.1,4291.57,No
CUST02325,Female,1,Yes,Yes,44,Yes,DSL,No,Yes,Yes,Yes,Yes,Two year,Yes,Credit card,67.43,2963.71,No
CUST02326,Female,0,No,Yes,22,Yes,Fiber optic,No,No,No,No,No,Month-to-month,No,Bank transfer,72.91,1552.98,No
CUST02327,Male,0,No,No,57,Yes,No,No internet service,No internet service,No internet service,No internet service,No internet service,Month-to-month,No,Bank transfer,79.35,4532.96,No
CUST02328,Male,0,Yes,No,69,Yes,DSL,No,Yes,Yes,No,No,Month-to-month,Yes,Credit card,86.34,5841.76,Yes
CUST02329,Male,1,Yes,No,33,Yes,No,No internet service,No internet service,No internet service,No internet service,No internet service,Two year,Yes,Bank transfer,77.37,2521.57,No
CUST02330,Male,1,No,Yes,31,Yes,Fiber optic,No,Yes,No,No,No,Month-to-month,Yes,Mailed check,79.27,2478.57,Yes
CUST02331,Male,0,No,No,13,Yes,No,No internet service,No internet service,No internet service,No internet service,No internet service,Two year,No,Credit card,89.9,1214.48,No
CUST02332,Female,0,Yes,No,2,Yes,No,No internet service,No internet service,No internet service,No internet service,No internet service,Month-to-month,No,Electronic check,93.22,,No
CUST02333,Male,0,No,No,29,Yes,No,No internet service,No internet service,No internet service,No internet service,No internet service,Month-to-month,No,Mailed check,61.62,1914.38,No
CUST02334,Female,0,No,No,32,Yes,Fiber optic,No,No,No,No,Yes,Two year,Yes,Electronic check,28.09,851.34,No
CUST02335,Female,0,Yes,Yes,56,Yes,Fiber optic,Yes,No,Yes,No,No,One year,Yes,Credit card,48.04,2576.35,Yes
CUST02336,Female,0,Yes,No,62,Yes,DSL,No,Yes,Yes,No,No,Month-to-month,Yes,Credit card,85.53,5280.41,Yes
CUST02337,Male,0,No,Yes,7,Yes,DSL,Yes,Yes,No,No,Yes,Month-to-month,Yes,Mailed check,55.73,351.19,No
CUST02338,Female,0,No,No,11,Yes,Fiber optic,Yes,Yes,No,No,Yes,Month-to-month,Yes,Credit card,80.64,908.17,Yes
CUST02339,Male,0,No,No,40,Yes,No,No internet service,No internet service,No internet service,No internet service,No internet service,Two year,Yes,Credit card,72.57,2885.94,No
CUST02340,Male,0,Yes,Yes,27,Yes,Fiber optic,Yes,No,Yes,Yes,No,Month-to-month,Yes,Mailed check,75.67,2060.76,Yes
CUST02341,Male,0,No,No,51,Yes,Fiber optic,No,Yes,No,No,No,Month-to-month,Yes,Electronic check,86.28,4414.7,Yes
CUST02342,Male,0,No,No,23,Yes,DSL,Yes,Yes,Yes,Yes,Yes,Month-to-month,Yes,Mailed check,103.75,2463.23,No
CUST02343,Female,0,No,No,30,Yes,Fiber optic,No,No,No,No,No,Month-to-month,No,Credit card,73.58,2212.45,Yes
CUST02344,Female,0,Yes,No,32,Yes,DSL,Yes,Yes,Yes,No,Yes,Two year,No,Credit card,47.95,1556.89,No
CUST02345,Female,0,Yes,No,43,Yes,DSL,No,Yes,Yes,No,No,One year,Yes,Bank transfer,81.77,3664.72,No
CUST02346,Male,0,No,No,5,Yes,DSL,No,Yes,Yes,No,Yes,Two year,No,Mailed check,91.82,334.19,No
CUST02347,Male,0,Yes,No,64,Yes,No,No internet service,No internet service,No internet service,No internet service,No internet service,One year,No,Mailed check,18.0,1172.68,No
CUST02348,Female,0,Yes,No,24,Yes,Fiber optic,No,Yes,No,Yes,No,Month-to-month,Yes,Credit card,,1339.35,No
CUST02349,Male,0,No,Yes,15,Yes,No,No internet service,No internet service,No internet service,No internet service,No internet service,One year,No,Bank transfer,74.73,1130.81,No
CUST02350,Female,0,Yes,Yes,46,Yes,Fiber optic,No,Yes,Yes,Yes,No,Two year,Yes,Credit card,61.99,2903.97,No
CUST02351,Female,0,No,Yes,9,Yes,Fiber optic,No,Yes,No,No,No,Month-to-month,Yes,Credit card,,,No
CUST02352,Female,0,No,No,43,No,No,No internet service,No internet service,No internet service,No internet service,No internet service,Month-to-month,Yes,Bank transfer,58.4,2471.56,No
CUST02353,Female,0,No,No,4,Yes,No,No internet service,No internet service,No internet service,No internet service,No internet service,Month-to-month,Yes,Credit card,97.43,454.45,No
CUST02354,Male,0,Yes,Yes,19,Yes,DSL,,No,Yes,No,No,Two year,Yes,Bank transfer,75.28,1423.85,No
CUST02355,Male,0,No,No,53,Yes,DSL,No,Yes,No,Yes,No,Month-to-month,No,Mailed check,29.01,1466.74,No
CUST02356,Male,0,No,No,27,Yes,DSL,Yes,No,No,Yes,No,Month-to-month,No,Electronic check,92.28,2560.46,No
CUST02357,Male,0,No,Yes,65,Yes,Fiber optic,No,No,No,Yes,No,One year,Yes,Electronic check,93.87,6158.14,Yes
CUST02358,Male,0,Yes,No,25,Yes,DSL,Yes,No,No,Yes,Yes,One year,Yes,Electronic check,73.07,1845.22,Yes
CUST02359,Female,0,Yes,No,50,No,Fiber optic,No,Yes,Yes,No,No,Month-to-month,No,Credit card,28.02,1439.55,Yes
CUST02360,Male,0,No,Yes,2,No,Fiber optic,Yes,Yes,Yes,No,Yes,Month-to-month,No,Credit card,96.55,243.87,Yes
CUST02361,Female,0,Yes,No,71,No,No,No internet service,No internet service,No internet service,No internet service,No internet service,One year,Yes,Mailed check,48.45,3438.17,No
CUST02362,Female,1,No,Yes,44,Yes,No,No internet service,No internet service,No internet service,No internet service,No internet service,Month-to-month,No,Electronic check,64.97,2888.85,No
CUST02363,Female,0,Yes,No,51,Yes,Fiber optic,No,No,No,Yes,No,Month-to-month,Yes,Electronic check,59.65,2952.17,No
CUST02364,Male,0,Yes,No,23,Yes,Fiber optic,No,Yes,Yes,No,No,Month-to-month,Yes,Electronic check,38.01,863.03,Yes
CUST02365,Female,0,No,No,21,Yes,DSL,Yes,Yes,No,No,Yes,Two year,Yes,Electronic check,74.15,1639.65,No
CUST02366,Male,0,No,No,31,Yes,DSL,Yes,Yes,No,Yes,No,Month-to-month,No,Credit card,79.07,2632.32,Yes
CUST02367,Male,1,No,Yes,18,Yes,Fiber optic,Yes,Yes,Yes,Yes,Yes,One year,Yes,Bank transfer,76.83,1398.13,No
CUST02368,Male,0,Yes,No,1,No,No,No internet service,No internet service,No internet service,No internet service,No internet service,Month-to-month,No,Electronic check,68.77,1.79,Yes
CUST02369,Male,1,No,No,48,Yes,DSL,No,Yes,Yes,No,Yes,Month-to-month,No,Electronic check,55.38,2635.2,Yes
CUST02370,Male,0,No,No,52,Yes,Fiber optic,No,Yes,Yes,No,No,One year,Yes,Bank transfer,110.73,5647.17,No
CUST02371,Male,0,Yes,No,49,Yes,No,No internet service,No internet service,No internet service,No internet service,No internet service,Month-to-month,Yes,Electronic check,78.63,3911.9,No
CUST02372,Female,1,Yes,No,40,Yes,DSL,No,Yes,Yes,Yes,No,Month-to-month,Yes,Bank transfer,50.61,2033.4,No
CUST02373,Male,0,Yes,Yes,38,Yes,No,No internet service,No internet service,No internet service,No internet service,No internet service,Two year,Yes,Mailed check,85.01,3159.26,No
CUST02374,Male,0,No,No,71,Yes,No,No internet service,No internet service,No internet service,No internet service,No internet service,Two year,Yes,Electronic check,83.11,5890.85,No
CUST02375,Female,0,Yes,No,38,Yes,DSL,No,No,No,Yes,Yes,One year,No,Bank transfer,89.38,3458.22,No
CUST02376,Female,1,No,No,51,Yes,Fiber optic,Yes,No,No,Yes,Yes,One year,No,Electronic check,73.19,3742.08,No
CUST02377,Female,0,Yes,No,30,Yes,DSL,Yes,No,No,Yes,Yes,One year,Yes,Electronic check,58.43,1703.18,No
CUST02378,Male,0,No,No,2,Yes,Fiber optic,Yes,Yes,No,Yes,No,Month-to-month,No,Mailed check,39.76,166.7,Yes
CUST02379,Female,0,No,No,25,Yes,No,No internet service,No internet service,No internet service,No internet service,No internet service,Month-to-month,No,Credit card,60.74,1551.32,No
CUST02380,Female,0,No,No,52,Yes,DSL,Yes,Yes,No,No,Yes,One year,No,Electronic check,32.59,1638.82,No
CUST02381,Male,0,Yes,No,46,No,No,No internet service,No internet service,No internet service,No internet service,No internet service,One year,Yes,Mailed check,81.52,3757.3,No
CUST02382,Male,0,Yes,No,50,Yes,No,No internet service,No internet service,No internet service,No internet service,No internet service,Month-to-month,Yes,Electronic check,33.85,1528.69,No
CUST02383,Female,0,No,No,54,Yes,Fiber optic,Yes,No,Yes,Yes,Yes,Two year,No,Credit card,65.11,3542.09,No
CUST02384,Male,1,Yes,Yes,15,Yes,Fiber optic,No,No,No,Yes,No,Month-to-month,Yes,Credit card,92.22,1612.25,Yes
CUST02385,Male,0,No,No,59,Yes,DSL,Yes,No,Yes,Yes,No,Month-to-month,Yes,Credit card,67.95,4101.69,No
CUST02386,Female,0,Yes,Yes,52,Yes,Fiber optic,Yes,No,Yes,No,Yes,Month-to-month,No,Credit card,72.52,3762.66,No
CUST02387,Female,0,Yes,No,22,Yes,DSL,Yes,Yes,No,Yes,No,One year,No,Bank transfer,85.09,1896.95,No
CUST02388,Female,0,Yes,No,36,Yes,DSL,Yes,No,No,No,No,Month-to-month,Yes,Electronic check,86.83,3174.46,No
CUST02389,Female,1,No,No,62,Yes,DSL,Yes,Yes,No,No,Yes,Month-to-month,No,Mailed check,99.95,6250.67,No
CUST02390,Female,0,No,No,12,Yes,Fiber optic,Yes,No,Yes,Yes,Yes,One year,Yes,Bank transfer,88.08,1052.61,No
CUST02391,Male,0,Yes,No,22,Yes,DSL,Yes,Yes,Yes,Yes,No,One year,No,Credit card,82.95,1655.46,No
CUST02392,Male,0,Yes,Yes,14,Yes,DSL,Yes,Yes,No,Yes,No,Month-to-month,Yes,Mailed check,24.96,326.37,Yes
CUST02393,Female,0,Yes,No,22,Yes,Fiber optic,Yes,No,No,No,Yes,One year,Yes,Electronic check,80.04,1717.91,No
CUST02394,Male,0,No,No,14,Yes,DSL,Yes,Yes,Yes,No,Yes,Two year,No,Mailed check,115.46,1613.28,No
CUST02395,Male,0,No,Yes,58,Yes,DSL,No,No,No,No,Yes,Month-to-month,No,Bank transfer,90.19,5175.83,Yes
CUST02396,Female,0,Yes,Yes,72,No,DSL,Yes,No,Yes,Yes,Yes,One year,No,Credit card,98.24,7126.59,No
CUST02397,Female,1,No,No,70,Yes,DSL,Yes,Yes,Yes,Yes,No,Month-to-month,Yes,Bank transfer,57.14,4166.78,No
CUST02398,Male,0,No,No,26,Yes,DSL,No,Yes,Yes,No,No,Month-to-month,Yes,Electronic check,72.28,1962.07,Yes
CUST02399,Male,0,No,No,68,No,DSL,Yes,Yes,Yes,Yes,No,Month-to-month,Yes,Bank transfer,88.11,5990.67,Yes
CUST02400,Female,0,No,No,5,Yes,Fiber optic,No,Yes,No,No,Yes,Two year,No,Credit card,85.08,551.27,No
CUST02401,Male,0,No,No,8,Yes,DSL,No,Yes,No,No,No,Month-to-month,No,Mailed check,93.75,830.16,Yes
CUST02402,Female,0,No,Yes,23,Yes,DSL,Yes,Yes,No,No,No,Two year,Yes,Mailed check,45.64,1112.72,No
CUST02403,Female,0,Yes,No,21,Yes,Fiber optic,Yes,No,Yes,Yes,Yes,Month-to-month,Yes,Electronic check,54.17,1096.4,Yes
CUST02404,Female,0,Yes,No,66,Yes,Fiber optic,Yes,No,Yes,No,No,Month-to-month,Yes,Bank transfer,41.66,2742.57,No
CUST02405,Male,0,Yes,No,55,Yes,Fiber optic,No,No,Yes,No,Yes,Month-to-month,Yes,Mailed check,80.47,4477.24,Yes
CUST02406,Female,0,Yes,No,54,Yes,No,No internet service,No internet service,No internet service,No internet service,No internet service,Month-to-month,Yes,Credit card,69.32,3920.41,Yes
CUST02407,Male,1,Yes,Yes,58,Yes,No,No internet service,No internet service,No internet service,No internet service,No internet service,Month-to-month,No,Mailed check,69.14,4129.73,No
CUST02408,Female,0,No,Yes,52,Yes,Fiber optic,No,Yes,Yes,Yes,Yes,Month-to-month,Yes,Bank transfer,56.98,3014.94,Yes
CUST02409,Male,1,No,No,36,Yes,Fiber optic,No,No,No,No,Yes,One year,Yes,Bank transfer,52.91,1922.22,Yes
CUST02410,Male,0,Yes,No,4,Yes,DSL,No,Yes,No,Yes,Yes,One year,No,Credit card,74.05,361.82,No
CUST02411,Female,0,Yes,No,1,Yes,Fiber optic,Yes,No,No,No,Yes,Two year,No,Mailed check,101.68,149.05,No
CUST02412,Male,0,No,No,71,Yes,Fiber optic,Yes,No,Yes,No,No,Month-to-month,No,Electronic check,113.19,8163.68,No
CUST02413,Female,0,No,No,36,No,No,No internet service,No internet service,No internet service,No internet service,No internet service,One year,Yes,Electronic check,113.27,3994.79,No
CUST02414,Female,0,Yes,No,69,Yes,No,No internet service,No internet service,No internet service,No internet service,No internet service,Month-to-month,Yes,Bank transfer,62.29,4305.38,No
CUST02415,Male,0,No,Yes,2,Yes,DSL,Yes,No,No,Yes,Yes,Month-to-month,Yes,Mailed check,44.42,154.19,Yes
CUST02416,Male,0,Yes,Yes,46,Yes,No,No internet service,No internet service,No internet service,No internet service,No internet service,Month-to-month,Yes,Mailed check,96.09,4538.84,No
CUST02417,Female,0,Yes,No,20,Yes,Fiber optic,Yes,Yes,Yes,No,Yes,Two year,No,Electronic check,105.87,2278.32,Yes
CUST02418,Male,0,No,No,26,Yes,Fiber optic,No,No,No,Yes,Yes,Month-to-month,No,Mailed check,84.44,2083.58,Yes
CUST02419,Male,0,No,No,47,No,No,No internet service,No internet service,No internet service,No internet service,No internet service,Month-to-month,Yes,Bank transfer,73.43,3398.57,No
CUST02420,Male,0,Yes,Yes,36,Yes,DSL,Yes,Yes,Yes,No,Yes,Month-to-month,No,Electronic check,58.33,2099.16,No
CUST02421,Male,0,No,No,9,Yes,Fiber optic,No,Yes,No,Yes,No,Month-to-month,No,Bank transfer,89.14,707.96,Yes
CUST02422,Female,0,No,Yes,72,Yes,No,No internet service,No internet service,No internet service,No internet service,No internet service,Month-to-month,Yes,Bank transfer,88.39,6502.24,No
CUST02423,Male,0,Yes,Yes,52,Yes,DSL,No,Yes,Yes,Yes,Yes,One year,Yes,Mailed check,81.07,4230.46,No
CUST02424,Female,0,No,No,26,Yes,Fiber optic,Yes,No,No,No,Yes,One year,No,Bank transfer,46.34,1303.64,Yes
CUST02425,Male,0,Yes,No,45,Yes,No,,No internet service,No internet service,No internet service,No internet service,Month-to-month,Yes,Credit card,49.16,2202.98,No
CUST02426,Female,0,Yes,Yes,11,Yes,No,No internet service,No internet service,No internet service,No internet service,No internet service,Month-to-month,Yes,Electronic check,71.65,825.76,Yes
CUST02427,Male,0,Yes,No,31,Yes,DSL,Yes,Yes,Yes,Yes,Yes,Month-to-month,Yes,Mailed check,100.05,2997.39,No
CUST02428,Male,0,Yes,No,31,No,Fiber optic,No,Yes,Yes,No,Yes,Month-to-month,No,Bank transfer,96.74,2919.17,Yes
CUST02429,Female,0,Yes,No,27,Yes,DSL,Yes,Yes,Yes,No,No,Month-to-month,No,Bank transfer,64.02,1650.28,No
CUST02430,Male,0,No,No,35,Yes,No,No internet service,No internet service,No internet service,No internet service,No internet service,Month-to-month,Yes,Mailed check,28.33,859.49,No
CUST02431,Male,0,Yes,Yes,66,Yes,Fiber optic,Yes,No,No,No,No,Month-to-month,Yes,Bank transfer,107.38,7174.12,Yes
CUST02432,Female,0,No,No,0,Yes,Fiber optic,No,Yes,No,Yes,Yes,Month-to-month,No,Bank transfer,105.02,3.77,Yes
CUST02433,Male,0,Yes,No,40,No,No,No internet service,No internet service,No internet service,No internet service,No internet service,One year,No,Bank transfer,77.1,3173.52,No
CUST02434,Male,0,No,Yes,68,Yes,Fiber optic,No,Yes,Yes,Yes,No,One year,No,Credit card,63.25,4296.64,No
CUST02435,Male,0,No,No,64,Yes,Fiber optic,Yes,No,Yes,No,No,Month-to-month,No,Electronic check,,4339.51,No
CUST02436,Female,0,Yes,Yes,65,Yes,Fiber optic,Yes,No,No,Yes,Yes,Month-to-month,No,Mailed check,97.28,6404.38,Yes
CUST02437,Female,0,No,No,30,Yes,Fiber optic,No,No,No,Yes,Yes,One year,Yes,Mailed check,87.42,2617.74,No
CUST02438,Female,0,No,No,41,Yes,Fiber optic,No,No,No,Yes,No,Month-to-month,Yes,Bank transfer,63.3,2616.07,Yes
CUST02439,Female,0,No,No,43,Yes,No,No internet service,No internet service,No internet service,No internet service,No internet service,Two year,Yes,Bank transfer,129.04,5581.81,No
CUST02440,Male,0,Yes,Yes,61,Yes,DSL,Yes,Yes,No,No,No,One year,Yes,Credit card,35.75,2274.89,No
CUST02441,Male,0,No,Yes,69,No,Fiber optic,Yes,No,Yes,No,No,One year,Yes,Electronic check,58.96,4070.53,No
CUST02442,Male,0,No,No,18,Yes,Fiber optic,No,Yes,Yes,No,Yes,Month-to-month,Yes,Bank transfer,59.52,1104.81,Yes
CUST02443,Male,0,Yes,Yes,9,Yes,DSL,No,No,Yes,No,Yes,Month-to-month,Yes,Electronic check,76.65,576.66,No
CUST02444,Male,0,No,No,19,Yes,Fiber optic,No,No,Yes,Yes,No,Month-to-month,No,Credit card,102.31,1878.25,Yes
CUST02445,Female,0,Yes,No,19,No,Fiber optic,No,Yes,No,No,Yes,Month-to-month,Yes,Electronic check,94.72,1745.82,Yes
CUST02446,Female,0,Yes,Yes,21,Yes,DSL,No,Yes,No,No,No,Two year,No,Electronic check,77.17,1666.75,No
CUST02447,Female,0,No,No,66,No,Fiber optic,No,No,No,Yes,Yes,Two year,Yes,Credit card,40.82,2642.64,No
CUST02448,Female,0,No,Yes,15,Yes,DSL,Yes,Yes,No,No,Yes,Two year,Yes,Mailed check,97.88,1482.13,No
CUST02449,Female,0,Yes,No,30,Yes,Fiber optic,No,No,No,No,No,Month-to-month,Yes,Mailed check,45.62,1360.28,No
CUST02450,Male,0,Yes,No,26,Yes,DSL,Yes,Yes,Yes,No,Yes,Two year,Yes,Bank transfer,63.95,1667.75,No
CUST02451,Female,0,Yes,No,19,Yes,DSL,Yes,No,Yes,No,No,One year,Yes,Electronic check,72.11,1444.31,Yes
CUST02452,Female,1,No,No,14,Yes,DSL,No,No,Yes,Yes,Yes,Month-to-month,Yes,Mailed check,53.81,771.25,No
CUST02453,Male,1,Yes,No,72,No,Fiber optic,No,Yes,Yes,No,No,Two year,No,Mailed check,53.33,3824.51,No
CUST02454,Male,0,Yes,Yes,45,Yes,Fiber optic,No,No,No,No,Yes,Two year,Yes,Mailed check,96.17,4364.66,No
CUST02455,Female,0,Yes,Yes,7,Yes,Fiber optic,Yes,No,No,Yes,Yes,Month-to-month,No,Electronic check,110.36,906.52,Yes
CUST02456,Male,0,No,Yes,47,Yes,DSL,Yes,No,No,Yes,No,Two year,Yes,Mailed check,72.15,3400.0,No
CUST02457,Female,0,Yes,No,44,Yes,Fiber optic,No,Yes,No,No,Yes,Two year,Yes,Mailed check,29.52,1200.98,No
CUST02458,Female,0,No,No,26,Yes,Fiber optic,No,Yes,No,No,Yes,One year,No,Bank transfer,81.01,2001.04,No
CUST02459,Male,0,Yes,No,57,Yes,No,No internet service,No internet service,No internet service,No internet service,No internet service,Month-to-month,Yes,Electronic check,56.6,3203.77,No
CUST02460,Male,0,Yes,No,58,No,DSL,Yes,No,Yes,Yes,No,Month-to-month,Yes,Credit card,83.01,4723.35,No
CUST02461,Male,0,Yes,No,57,Yes,Fiber optic,Yes,No,No,No,Yes,Two year,Yes,Electronic check,81.39,4447.85,No
CUST02462,Male,0,Yes,Yes,46,Yes,Fiber optic,No,No,Yes,No,No,Month-to-month,Yes,Bank transfer,26.96,1216.75,No
CUST02463,Male,0,Yes,Yes,32,Yes,Fiber optic,No,Yes,No,Yes,No,Month-to-month,Yes,Mailed check,64.24,2086.13,Yes
CUST02464,Female,0,Yes,No,15,Yes,Fiber optic,No,Yes,Yes,Yes,No,Month-to-month,No,Credit card,89.41,1451.86,Yes
CUST02465,Male,0,Yes,No,3,Yes,DSL,No,Yes,Yes,Yes,Yes,Month-to-month,Yes,Bank transfer,71.67,213.6,Yes
CUST02466,Male,0,Yes,No,67,Yes,DSL,No,No,Yes,Yes,Yes,Month-to-month,No,Bank transfer,46.59,3146.31,No
CUST02467,Male,1,Yes,Yes,61,Yes,No,No internet service,No internet service,No internet service,No internet service,No internet service,Month-to-month,No,Electronic check,90.41,5556.26,Yes
CUST02468,Female,0,Yes,No,14,No,Fiber optic,No,No,Yes,Yes,No,Two year,Yes,Credit card,32.36,459.67,No
CUST02469,Male,0,Yes,Yes,58,No,Fiber optic,Yes,No,No,Yes,No,Month-to-month,No,Credit card,79.85,4577.9,Yes
CUST02470,Male,0,Yes,No,3,Yes,Fiber optic,Yes,Yes,No,Yes,Yes,Two year,No,Electronic check,60.52,355.25,No
CUST02471,Female,1,No,Yes,17,No,DSL,No,No,Yes,Yes,No,Two year,Yes,Bank transfer,84.85,1363.39,No
CUST02472,Male,1,No,Yes,10,Yes,Fiber optic,No,Yes,No,Yes,No,Month-to-month,Yes,Credit card,,716.31,Yes
CUST02473,Male,0,No,No,24,Yes,Fiber optic,No,Yes,No,No,Yes,Month-to-month,No,Bank transfer,86.15,2005.21,No
CUST02474,Male,0,Yes,No,23,No,DSL,No,Yes,Yes,No,No,Month-to-month,No,Credit card,108.03,2493.72,No
CUST02475,Male,0,No,No,37,No,No,,No internet service,No internet service,No internet service,No internet service,Two year,No,Credit card,91.36,3413.08,No
CUST02476,Male,0,No,Yes,33,Yes,DSL,No,No,No,Yes,No,One year,Yes,Credit card,90.9,2983.53,Yes
CUST02477,Female,1,Yes,No,8,Yes,Fiber optic,No,Yes,No,Yes,Yes,Two year,Yes,Mailed check,88.57,611.48,No
CUST02478,Male,0,Yes,No,10,Yes,DSL,No,No,Yes,Yes,No,Two year,No,Credit card,31.08,283.01,No
CUST02479,Male,0,No,No,59,Yes,No,No internet service,No internet service,No internet service,No internet service,No internet service,Month-to-month,Yes,Electronic check,76.01,4574.52,No
CUST02480,Male,0,No,Yes,40,Yes,No,No internet service,No internet service,No internet service,No internet service,No internet service,Two year,No,Credit card,80.74,3109.43,Yes
CUST02481,Female,0,No,No,67,Yes,DSL,Yes,Yes,No,Yes,No,Two year,Yes,Bank transfer,87.82,6014.41,No
CUST02482,Female,0,No,No,9,Yes,Fiber optic,Yes,Yes,No,No,No,Month-to-month,Yes,Electronic check,71.89,654.6,Yes
CUST02483,Male,0,No,No,22,Yes,No,No internet service,No internet service,No internet service,No internet service,No internet service,Two year,No,Bank transfer,91.89,2078.76,No
CUST02484,Male,0,No,No,11,Yes,Fiber optic,Yes,No,Yes,No,Yes,One year,No,Credit card,50.03,466.01,No
CUST02485,Male,0,Yes,No,67,Yes,DSL,No,No,Yes,No,No,Month-to-month,No,Credit card,123.82,8284.02,No
CUST02486,Male,1,Yes,Yes,11,Yes,Fiber optic,No,Yes,Yes,No,No,Month-to-month,No,Electronic check,87.96,914.28,No
CUST02487,Male,0,No,Yes,58,Yes,Fiber optic,Yes,No,Yes,No,Yes,One year,Yes,Credit card,50.99,2981.05,No
CUST02488,Male,1,Yes,Yes,14,Yes,DSL,Yes,No,Yes,No,No,Two year,No,Credit card,107.89,1423.11,No
CUST02489,Female,0,Yes,No,53,Yes,No,No internet service,No internet service,No internet service,No internet service,No internet service,Month-to-month,Yes,Credit card,46.1,2393.66,No
CUST02490,Male,0,Yes,Yes,33,Yes,No,No internet service,No internet service,No internet service,No internet service,No internet service,Month-to-month,No,Bank transfer,74.24,2615.32,Yes
CUST02491,Male,0,Yes,Yes,70,No,DSL,Yes,No,No,No,Yes,Month-to-month,No,Credit card,76.88,5433.35,No
CUST02492,Male,0,Yes,No,5,Yes,Fiber optic,Yes,Yes,Yes,Yes,Yes,One year,No,Mailed check,63.75,349.13,No
CUST02493,Female,0,No,Yes,23,Yes,DSL,Yes,Yes,No,Yes,Yes,One year,Yes,Bank transfer,70.95,1660.94,Yes
CUST02494,Female,0,Yes,No,52,Yes,No,No internet service,No internet service,No internet service,No internet service,No internet service,Two year,No,Mailed check,75.58,4046.85,No
CUST02495,Male,0,No,No,66,Yes,No,No internet service,No internet service,No internet service,No internet service,No internet service,Month-to-month,Yes,Mailed check,47.17,3103.1,No
CUST02496,Male,0,Yes,No,39,Yes,No,No internet service,No internet service,No internet service,No internet service,No internet service,Month-to-month,No,Mailed check,80.83,3227.29,Yes
CUST02497,Female,0,No,No,7,Yes,DSL,Yes,No,No,Yes,No,Month-to-month,No,Bank transfer,74.07,329.68,Yes
CUST02498,Female,1,No,No,45,Yes,DSL,No,No,Yes,No,No,Two year,No,Bank transfer,122.6,5507.41,No
CUST02499,Male,1,No,No,34,Yes,Fiber optic,Yes,Yes,Yes,No,Yes,Month-to-month,No,Credit card,111.1,3752.68,Yes
CUST02500,Female,1,Yes,No,56,Yes,DSL,Yes,Yes,Yes,No,Yes,Month-to-month,No,Bank transfer,55.67,3075.57,No
CUST02501,Female,0,Yes,No,40,Yes,DSL,Yes,Yes,No,No,Yes,Month-to-month,Yes,Electronic check,70.47,2877.95,Yes
CUST02502,Male,1,No,Yes,65,Yes,DSL,Yes,No,No,Yes,No,Month-to-month,No,Mailed check,56.66,3672.14,No
CUST02503,Female,0,No,No,8,Yes,Fiber optic,No,No,Yes,Yes,No,One year,No,Bank transfer,67.62,528.1,No
CUST02504,Male,1,Yes,No,45,Yes,Fiber optic,No,Yes,Yes,No,No,Month-to-month,Yes,Mailed check,95.49,,Yes
CUST02505,Male,0,No,No,53,Yes,No,No internet service,No internet service,No internet service,No internet service,No internet service,One year,No,Electronic check,71.43,3754.3,No
CUST02506,Male,0,No,No,29,No,DSL,No,No,No,No,No,Month-to-month,Yes,Electronic check,61.53,1623.82,No
CUST02507,Male,1,Yes,No,34,Yes,Fiber optic,No,Yes,No,Yes,No,Month-to-month,Yes,Bank transfer,89.14,3005.52,Yes
CUST02508,Female,0,No,No,50,Yes,Fiber optic,No,No,Yes,No,No,One year,No,Mailed check,25.58,1165.79,No
CUST02509,Male,0,Yes,No,33,Yes,DSL,No,Yes,No,No,No,Month-to-month,Yes,Bank transfer,64.34,2246.79,No
CUST02510,Male,0,Yes,Yes,28,Yes,Fiber optic,Yes,Yes,No,Yes,Yes,Month-to-month,No,Bank transfer,108.25,3089.69,Yes
CUST02511,Male,0,No,No,42,No,No,No internet service,No internet service,No internet service,No internet service,No internet service,Month-to-month,No,Mailed check,109.44,4669.52,Yes
CUST02512,Female,0,No,Yes,58,Yes,DSL,No,No,Yes,No,Yes,One year,No,Bank transfer,106.63,6078.87,No
CUST02513,Female,1,No,No,9,Yes,No,No internet service,No internet service,No internet service,No internet service,No internet service,One year,No,Bank transfer,43.22,456.03,No
CUST02514,Female,1,No,No,63,Yes,Fiber optic,Yes,No,Yes,Yes,Yes,Month-to-month,No,Electronic check,43.03,2657.51,Yes
CUST02515,Male,1,No,No,14,Yes,Fiber optic,No,No,No,No,No,One year,Yes,Credit card,61.66,885.38,Yes
CUST02516,Female,0,Yes,No,7,Yes,No,No internet service,No internet service,No internet service,No internet service,No internet service,Month-to-month,Yes,Bank transfer,74.31,505.24,No
CUST02517,Female,0,Yes,No,13,Yes,Fiber optic,No,No,No,Yes,Yes,Two year,No,Credit card,55.67,613.42,No
CUST02518,Female,0,Yes,No,5,No,Fiber optic,Yes,Yes,Yes,No,Yes,One year,No,Credit card,31.98,76.9,No
CUST02519,Male,0,No,Yes,69,Yes,DSL,Yes,No,Yes,Yes,No,Month-to-month,No,Mailed check,97.2,6759.54,Yes
CUST02520,Female,0,No,No,21,Yes,Fiber optic,No,Yes,No,Yes,Yes,Two year,Yes,Credit card,93.03,2003.83,No
CUST02521,Male,0,No,Yes,56,Yes,No,No internet service,No internet service,No internet service,No internet service,No internet service,Month-to-month,Yes,Credit card,59.23,3207.09,Yes
CUST02522,Male,1,Yes,Yes,13,Yes,No,No internet service,No internet service,No internet service,No internet service,No internet service,Month-to-month,Yes,Electronic check,91.8,1284.34,Yes
CUST02523,Male,0,Yes,No,38,Yes,Fiber optic,Yes,Yes,Yes,Yes,Yes,Month-to-month,Yes,Bank transfer,97.59,3677.89,Yes
CUST02524,Male,0,No,No,31,Yes,No,No internet service,No internet service,No internet service,No internet service,No internet service,Two year,No,Credit card,18.0,455.43,No
CUST02525,Male,0,No,No,48,No,Fiber optic,Yes,Yes,Yes,Yes,No,Month-to-month,Yes,Electronic check,90.09,4280.39,Yes
CUST02526,Male,0,Yes,Yes,72,Yes,Fiber optic,Yes,No,Yes,No,No,Month-to-month,Yes,Electronic check,72.48,5110.12,Yes
CUST02527,Male,0,No,No,47,Yes,DSL,No,No,No,Yes,Yes,Two year,Yes,Mailed check,18.0,787.97,Yes
CUST02528,Female,0,No,Yes,51,Yes,Fiber optic,No,No,No,Yes,No,Two year,Yes,Electronic check,99.45,5033.69,No
CUST02529,Male,0,No,Yes,19,Yes,Fiber optic,No,Yes,Yes,Yes,No,Two year,Yes,Electronic check,75.99,1485.08,No
CUST02530,Female,0,Yes,Yes,8,Yes,Fiber optic,No,Yes,Yes,Yes,Yes,Month-to-month,No,Electronic check,34.1,337.81,No
CUST02531,Female,1,No,No,6,Yes,Fiber optic,Yes,Yes,No,No,Yes,One year,No,Electronic check,83.94,588.68,No
CUST02532,Female,0,Yes,No,21,Yes,No,No internet service,No internet service,No internet service,No internet service,No internet service,Month-to-month,No,Mailed check,78.53,1712.02,No
CUST02533,Female,0,Yes,Yes,40,Yes,No,No internet service,No internet service,No internet service,No internet service,No internet service,Month-to-month,Yes,Credit card,87.52,3348.53,No
CUST02534,Male,0,No,Yes,4,No,No,No internet service,No internet service,No internet service,No internet service,No internet service,Month-to-month,Yes,Credit card,25.65,0.0,Yes
CUST02535,Female,0,Yes,No,19,Yes,No,No internet service,No internet service,No internet service,No internet service,No internet service,Two year,Yes,Electronic check,66.49,1351.14,No
CUST02536,Female,0,Yes,No,46,Yes,No,No internet service,No internet service,No internet service,No internet service,No internet service,Month-to-month,No,Credit card,49.48,2238.79,No
CUST02537,Male,0,Yes,Yes,63,No,Fiber optic,,No,No,No,No,Month-to-month,Yes,Credit card,69.93,4394.5,No
CUST02538,Male,1,Yes,No,72,Yes,DSL,,Yes,No,No,Yes,Month-to-month,Yes,Mailed check,31.54,2321.49,No
CUST02539,Female,0,No,No,17,Yes,No,No internet service,No internet service,No internet service,No internet service,No internet service,One year,No,Mailed check,46.07,886.43,No
CUST02540,Male,0,Yes,No,7,Yes,DSL,No,Yes,No,No,No,Two year,No,Mailed check,112.49,825.03,No
CUST02541,Male,0,No,Yes,41,Yes,Fiber optic,Yes,Yes,Yes,No,Yes,Month-to-month,Yes,Credit card,103.04,4155.85,No
CUST02542,Female,0,No,No,68,Yes,DSL,No,No,Yes,No,Yes,Two year,Yes,Electronic check,98.29,6586.09,No
CUST02543,Female,0,Yes,No,30,Yes,Fiber optic,No,Yes,No,Yes,No,Month-to-month,Yes,Bank transfer,110.77,3237.46,No
CUST02544,Male,1,No,No,66,Yes,DSL,Yes,No,Yes,No,No,Month-to-month,Yes,Credit card,27.26,1897.12,No
CUST02545,Female,0,Yes,No,54,Yes,Fiber optic,Yes,No,No,Yes,Yes,Month-to-month,No,Bank transfer,72.58,3988.16,No
CUST02546,Male,0,Yes,No,65,Yes,No,No internet service,No internet service,No internet service,No internet service,No internet service,Month-to-month,Yes,Mailed check,80.1,5210.18,No
CUST02547,Female,0,Yes,No,69,Yes,DSL,Yes,No,Yes,No,Yes,Two year,Yes,Credit card,64.31,4323.37,No
CUST02548,Female,0,Yes,No,7,Yes,DSL,No,No,Yes,No,No,One year,Yes,Electronic check,27.48,263.71,No
CUST02549,Male,1,Yes,Yes,30,Yes,No,No internet service,No internet service,No internet service,No internet service,No internet service,Month-to-month,Yes,Electronic check,96.09,2897.84,Yes
CUST02550,Male,0,Yes,No,3,Yes,DSL,No,No,No,No,No,Two year,No,Credit card,89.45,207.02,No
CUST02551,Female,0,No,No,3,Yes,Fiber optic,No,No,Yes,Yes,No,One year,No,Credit card,58.48,171.1,Yes
CUST02552,Male,0,No,No,34,Yes,No,No internet service,No internet service,No internet service,No internet service,No internet service,Month-to-month,Yes,Electronic check,95.14,3275.32,Yes
CUST02553,Male,0,No,No,48,Yes,Fiber optic,Yes,No,Yes,No,Yes,Two year,Yes,Credit card,77.11,3665.64,No
CUST02554,Male,0,No,Yes,64,Yes,DSL,No,No,Yes,Yes,No,Two year,Yes,Electronic check,89.85,5667.5,No
CUST02555,Female,0,No,No,9,Yes,Fiber optic,No,Yes,No,No,No,One year,Yes,Mailed check,51.14,475.37,No
CUST02556,Male,0,Yes,No,2,Yes,No,No internet service,No internet service,No internet service,No internet service,No internet service,Month-to-month,No,Credit card,79.97,180.1,No
CUST02557,Female,0,No,No,7,Yes,Fiber optic,Yes,No,Yes,No,No,Month-to-month,Yes,Mailed check,80.23,410.12,Yes
CUST02558,Female,1,Yes,No,67,Yes,Fiber optic,Yes,Yes,Yes,Yes,Yes,Two year,Yes,Electronic check,68.21,4564.31,No
CUST02559,Male,0,No,Yes,48,Yes,DSL,Yes,No,Yes,No,No,One year,No,Credit card,18.0,796.6,No
CUST02560,Female,0,No,Yes,35,Yes,No,No internet service,No internet service,No internet service,No internet service,No internet service,Two year,No,Electronic check,78.29,2778.28,No
CUST02561,Female,0,Yes,No,7,Yes,DSL,No,No,No,No,Yes,Two year,No,Credit card,,423.72,No
CUST02562,Male,0,No,No,27,Yes,DSL,Yes,No,No,Yes,Yes,Two year,Yes,Mailed check,50.36,1257.82,No
CUST02563,Female,0,No,No,9,Yes,DSL,No,Yes,No,No,Yes,Month-to-month,No,Mailed check,88.31,607.33,No
CUST02564,Male,0,No,No,2,Yes,No,No internet service,No internet service,No internet service,No internet service,No internet service,Month-to-month,Yes,Mailed check,80.12,193.43,Yes
CUST02565,Male,0,Yes,No,32,Yes,Fiber optic,No,Yes,Yes,No,No,Month-to-month,No,Electronic check,84.24,2575.77,No
CUST02566,Male,0,No,No,36,Yes,DSL,Yes,Yes,Yes,No,Yes,Month-to-month,No,Credit card,64.56,2218.06,No
CUST02567,Female,0,No,No,33,Yes,DSL,No,No,No,No,Yes,Month-to-month,No,Credit card,31.28,1024.95,No
CUST02568,Female,0,Yes,No,63,Yes,No,No internet service,No internet service,No internet service,No internet service,No internet service,Month-to-month,No,Bank transfer,31.83,1992.54,No
CUST02569,Male,0,No,No,66,Yes,DSL,Yes,Yes,No,No,No,Month-to-month,No,Electronic check,91.19,6069.49,No
CUST02570,Female,0,Yes,No,8,Yes,Fiber optic,Yes,No,No,Yes,Yes,One year,No,Bank transfer,46.65,432.21,Yes
CUST02571,Female,0,No,No,20,Yes,Fiber optic,Yes,Yes,Yes,Yes,Yes,Month-to-month,Yes,Bank transfer,54.05,1171.42,Yes
CUST02572,Female,0,Yes,No,36,Yes,Fiber optic,Yes,No,No,Yes,No,Month-to-month,No,Electronic check,94.99,3548.81,Yes
CUST02573,Female,1,Yes,Yes,29,Yes,Fiber optic,No,No,No,No,No,Month-to-month,No,Bank transfer,20.59,680.52,Yes
CUST02574,Male,0,Yes,No,31,Yes,No,No internet service,No internet service,No internet service,No internet service,No internet service,Month-to-month,No,Mailed check,33.84,1075.65,No
CUST02575,Female,0,No,No,51,Yes,DSL,Yes,Yes,Yes,Yes,Yes,One year,Yes,Bank transfer,93.73,4797.62,No
CUST02576,Male,0,No,No,13,No,Fiber optic,No,No,Yes,Yes,No,Month-to-month,Yes,Credit card,76.11,1038.76,Yes
CUST02577,Male,0,Yes,Yes,60,No,DSL,Yes,Yes,No,No,Yes,Month-to-month,No,Mailed check,24.16,1287.93,Yes
CUST02578,Male,0,Yes,No,19,Yes,Fiber optic,Yes,No,No,No,Yes,Month-to-month,Yes,Electronic check,63.01,1184.82,Yes
CUST02579,Female,0,No,Yes,25,Yes,Fiber optic,No,No,No,No,No,Month-to-month,Yes,Mailed check,78.4,1813.81,Yes
CUST02580,Female,0,Yes,No,16,Yes,Fiber optic,No,Yes,Yes,Yes,No,Two year,Yes,Electronic check,46.45,684.41,Yes
CUST02581,Male,1,Yes,No,46,Yes,No,No internet service,No internet service,No internet service,No internet service,No internet service,Two year,Yes,Mailed check,37.85,1623.03,No
CUST02582,Male,0,No,No,50,Yes,No,No internet service,No internet service,No internet service,No internet service,No internet service,Month-to-month,Yes,Electronic check,31.78,1620.11,No
CUST02583,Male,0,Yes,No,45,Yes,DSL,Yes,Yes,Yes,No,Yes,Month-to-month,Yes,Electronic check,95.16,4330.29,Yes
CUST02584,Female,1,No,No,36,Yes,Fiber optic,Yes,Yes,No,Yes,Yes,Two year,No,Credit card,100.08,3700.17,No
CUST02585,Male,1,Yes,No,22,Yes,Fiber optic,No,No,Yes,Yes,No,One year,Yes,Mailed check,92.87,1965.75,Yes
CUST02586,Female,0,No,No,50,Yes,No,No internet service,No internet service,No internet service,No internet service,No internet service,Month-to-month,Yes,Credit card,104.81,5187.88,No
CUST02587,Male,0,No,No,8,Yes,DSL,Yes,No,No,No,Yes,One year,Yes,Mailed check,106.01,934.7,No
CUST02588,Male,0,Yes,No,22,Yes,Fiber optic,No,No,No,No,Yes,Two year,No,Mailed check,36.1,753.24,No
CUST02589,Female,0,No,No,49,Yes,Fiber optic,No,Yes,Yes,No,No,Month-to-month,No,Mailed check,99.03,4794.98,Yes
CUST02590,Male,0,No,Yes,50,Yes,Fiber optic,Yes,No,No,No,Yes,One year,No,Electronic check,76.81,3897.51,No
CUST02591,Male,0,No,No,19,Yes,Fiber optic,Yes,Yes,Yes,Yes,No,Two year,No,Credit card,121.49,2349.8,No
CUST02592,Male,1,Yes,No,24,Yes,DSL,Yes,No,Yes,Yes,Yes,Month-to-month,Yes,Credit card,,3676.57,Yes
CUST02593,Female,0,Yes,Yes,23,Yes,DSL,No,No,Yes,Yes,No,Two year,Yes,Bank transfer,69.11,1628.12,No
CUST02594,Male,0,No,Yes,64,Yes,Fiber optic,Yes,Yes,No,No,No,Two year,No,Electronic check,66.38,4216.79,No
CUST02595,Male,0,Yes,No,41,No,DSL,Yes,No,No,No,Yes,One year,Yes,Credit card,64.41,2750.75,No
CUST02596,Male,0,Yes,No,8,No,DSL,Yes,No,No,Yes,No,Month-to-month,Yes,Mailed check,75.8,677.06,No
CUST02597,Female,1,Yes,No,11,Yes,Fiber optic,Yes,No,Yes,No,No,One year,Yes,Credit card,79.8,876.43,Yes
CUST02598,Female,0,No,No,5,Yes,Fiber optic,No,Yes,No,No,No,One year,No,Mailed check,139.95,770.65,No
CUST02599,Female,0,Yes,No,17,Yes,Fiber optic,Yes,Yes,Yes,No,No,Month-to-month,Yes,Bank transfer,77.58,1317.79,No
CUST02600,Male,0,Yes,No,16,No,No,No internet service,No internet service,No internet service,No internet service,No internet service,Month-to-month,No,Mailed check,63.26,937.97,No
CUST02601,Female,0,No,Yes,32,Yes,Fiber optic,No,Yes,No,Yes,No,Month-to-month,Yes,Credit card,74.33,2387.41,Yes
CUST02602,Male,0,Yes,No,54,Yes,DSL,No,Yes,No,No,Yes,Month-to-month,Yes,Electronic check,53.38,3036.63,No
CUST02603,Female,0,Yes,No,64,Yes,DSL,No,No,No,Yes,Yes,One year,Yes,Credit card,32.05,2134.52,Yes
CUST02604,Female,0,Yes,No,40,Yes,Fiber optic,No,No,Yes,No,No,Two year,Yes,Credit card,70.3,2845.27,Yes
CUST02605,Female,0,Yes,Yes,56,Yes,Fiber optic,Yes,Yes,No,No,Yes,Month-to-month,Yes,Electronic check,132.34,7339.31,Yes
CUST02606,Female,0,No,No,47,Yes,No,No internet service,No internet service,No internet service,No internet service,No internet service,One year,Yes,Electronic check,96.21,4427.25,No
CUST02607,Female,0,Yes,No,23,Yes,Fiber optic,No,Yes,No,No,No,One year,Yes,Mailed check,62.01,1406.68,No
CUST02608,Male,0,No,No,44,Yes,Fiber optic,No,Yes,Yes,Yes,No,Month-to-month,Yes,Mailed check,82.77,3593.28,Yes
CUST02609,Female,0,Yes,No,22,Yes,No,No internet service,No internet service,No internet service,No internet service,No internet service,One year,Yes,Bank transfer,136.85,3012.12,No
CUST02610,Female,0,Yes,No,22,Yes,No,No internet service,No internet service,No internet service,No internet service,No internet service,Month-to-month,No,Bank transfer,78.97,1749.41,Yes
CUST02611,Female,0,Yes,No,72,Yes,Fiber optic,Yes,No,No,No,No,Month-to-month,Yes,Electronic check,51.75,3612.2,No
CUST02612,Female,0,No,No,66,Yes,Fiber optic,No,Yes,Yes,Yes,No,Month-to-month,No,Credit card,75.71,4929.82,No
CUST02613,Male,0,Yes,Yes,47,Yes,DSL,No,Yes,No,No,Yes,Two year,No,Electronic check,90.05,4203.99,No
CUST02614,Female,0,Yes,No,43,No,Fiber optic,No,Yes,No,No,No,Two year,No,Bank transfer,84.42,3664.96,No
CUST02615,Male,1,No,No,50,Yes,DSL,Yes,Yes,Yes,Yes,Yes,One year,No,Bank transfer,110.32,5553.89,No
CUST02616,Female,0,Yes,No,54,Yes,Fiber optic,Yes,Yes,Yes,Yes,Yes,One year,Yes,Mailed check,76.5,4048.33,Yes
CUST02617,Female,0,No,No,4,No,No,No internet service,No internet service,No internet service,No internet service,No internet service,One year,No,Mailed check,18.0,0.0,No
CUST02618,Male,0,Yes,No,26,Yes,Fiber optic,Yes,No,No,No,Yes,Month-to-month,No,Electronic check,85.79,2154.82,Yes
CUST02619,Female,0,Yes,No,7,No,DSL,Yes,Yes,Yes,Yes,No,Month-to-month,No,Electronic check,84.1,652.42,Yes
CUST02620,Female,0,No,No,38,Yes,DSL,Yes,Yes,Yes,No,No,Month-to-month,No,Mailed check,82.47,3095.96,No
CUST02621,Female,0,Yes,Yes,21,Yes,No,No internet service,No internet service,No internet service,No internet service,No internet service,Month-to-month,Yes,Electronic check,52.79,1117.1,Yes
CUST02622,Male,0,Yes,No,24,Yes,DSL,No,No,Yes,Yes,No,Two year,No,Bank transfer,123.83,3005.29,Yes
CUST02623,Male,0,Yes,Yes,61,Yes,Fiber optic,No,No,Yes,No,No,One year,No,Credit card,46.81,2953.62,No
CUST02624,Female,0,Yes,No,14,Yes,Fiber optic,Yes,No,No,Yes,No,One year,No,Mailed check,49.47,594.94,No
CUST02625,Female,0,No,No,66,Yes,DSL,No,Yes,No,Yes,Yes,Two year,No,Bank transfer,68.28,4603.51,No
CUST02626,Female,0,Yes,No,30,No,Fiber optic,Yes,No,Yes,No,No,One year,No,Bank transfer,107.16,3261.03,No
CUST02627,Female,1,No,Yes,13,Yes,DSL,No,No,Yes,Yes,No,One year,No,Bank transfer,108.24,1540.53,No
CUST02628,Male,0,Yes,No,10,Yes,Fiber optic,Yes,No,No,Yes,No,Two year,Yes,Credit card,90.0,1012.42,Yes
CUST02629,Female,0,Yes,No,52,Yes,DSL,Yes,No,No,No,No,Month-to-month,No,Bank transfer,96.33,5017.93,No
CUST02630,Male,0,Yes,No,65,Yes,DSL,Yes,No,No,No,No,Month-to-month,Yes,Electronic check,41.44,2633.73,Yes
CUST02631,Female,0,No,No,63,Yes,DSL,No,Yes,No,Yes,Yes,One year,No,Credit card,31.51,2038.01,No
CUST02632,Female,0,No,No,12,Yes,No,No internet service,No internet service,No internet service,No internet service,No internet service,Month-to-month,Yes,Credit card,64.7,686.85,Yes
CUST02633,Female,0,No,No,64,Yes,Fiber optic,No,Yes,Yes,Yes,No,One year,Yes,Mailed check,96.14,6170.26,Yes
CUST02634,Female,0,Yes,Yes,16,Yes,No,No internet service,No internet service,No internet service,No internet service,No internet service,Two year,Yes,Bank transfer,96.79,1489.14,No
CUST02635,Male,0,Yes,Yes,33,Yes,Fiber optic,Yes,Yes,No,No,No,Two year,No,Credit card,52.27,1705.61,No
CUST02636,Male,0,No,No,0,Yes,No,No internet service,No internet service,No internet service,No internet service,No internet service,Month-to-month,Yes,Mailed check,49.57,0.0,Yes
CUST02637,Male,0,Yes,No,18,No,Fiber optic,Yes,No,Yes,No,No,Month-to-month,No,Electronic check,103.22,1851.23,Yes
CUST02638,Female,1,No,Yes,23,Yes,Fiber optic,Yes,Yes,No,Yes,No,Two year,Yes,Bank transfer,78.76,1821.09,No
CUST02639,Male,0,Yes,Yes,69,Yes,Fiber optic,Yes,No,No,Yes,No,Two year,No,Mailed check,22.21,1489.88,No
CUST02640,Female,0,Yes,No,20,Yes,DSL,Yes,Yes,No,Yes,No,Month-to-month,Yes,Bank transfer,45.9,911.25,No
CUST02641,Male,0,Yes,Yes,20,Yes,No,No internet service,No internet service,No internet service,No internet service,No internet service,Two year,Yes,Mailed check,86.13,1635.88,No
CUST02642,Male,0,Yes,No,19,Yes,No,No internet service,No internet service,No internet service,No internet service,No internet service,Two year,Yes,Credit card,44.34,904.82,No
CUST02643,Male,1,No,No,18,No,DSL,No,No,No,Yes,Yes,Month-to-month,Yes,Electronic check,49.39,891.01,No
CUST02644,Male,0,No,No,39,Yes,No,No internet service,No internet service,No internet service,No internet service,No internet service,Month-to-month,No,Mailed check,50.3,2140.78,No
CUST02645,Male,0,No,No,15,Yes,DSL,Yes,Yes,No,No,No,Two year,Yes,Bank transfer,95.87,1461.43,No
CUST02646,Male,0,No,Yes,21,Yes,Fiber optic,No,Yes,Yes,No,No,One year,No,Bank transfer,73.76,1579.56,No
CUST02647,Female,0,Yes,Yes,38,Yes,No,No internet service,No internet service,No internet service,No internet service,No internet service,One year,No,Credit card,115.91,4367.03,No
CUST02648,Female,0,No,Yes,55,Yes,DSL,Yes,Yes,No,Yes,Yes,Two year,Yes,Mailed check,63.28,3575.77,No
CUST02649,Female,1,Yes,No,7,No,DSL,No,Yes,No,Yes,Yes,Two year,No,Credit card,68.73,446.84,No
CUST02650,Male,0,No,No,25,No,Fiber optic,Yes,Yes,No,No,No,Month-to-month,No,Mailed check,82.36,2197.3,No
CUST02651,Female,0,Yes,Yes,41,Yes,Fiber optic,Yes,Yes,Yes,No,Yes,Month-to-month,Yes,Credit card,58.38,2529.56,No
CUST02652,Female,0,No,No,66,Yes,Fiber optic,No,No,No,Yes,Yes,Two year,Yes,Electronic check,34.04,2205.66,No
CUST02653,Female,0,No,No,68,Yes,Fiber optic,No,No,Yes,No,No,Month-to-month,Yes,Mailed check,65.19,4410.76,No
CUST02654,Male,1,No,Yes,63,Yes,DSL,No,No,No,No,No,Month-to-month,Yes,Credit card,55.28,3424.59,Yes
CUST02655,Female,0,No,Yes,36,Yes,DSL,No,No,No,Yes,No,Two year,Yes,Credit card,70.83,2442.94,No
CUST02656,Female,0,No,No,7,Yes,No,No internet service,No internet service,No internet service,No internet service,No internet service,Two year,Yes,Electronic check,59.05,436.85,Yes
CUST02657,Male,0,No,No,70,Yes,Fiber optic,No,Yes,Yes,No,Yes,Month-to-month,Yes,Mailed check,85.27,5969.26,No
CUST02658,Male,0,No,No,45,No,Fiber optic,Yes,Yes,No,No,No,Month-to-month,Yes,Bank transfer,65.2,2986.9,No
CUST02659,Female,0,Yes,Yes,66,Yes,DSL,Yes,No,No,No,Yes,Two year,Yes,Electronic check,33.6,2213.59,No
CUST02660,Male,0,No,No,67,Yes,No,No internet service,No internet service,No internet service,No internet service,No internet service,Month-to-month,No,Mailed check,58.43,3984.59,No
CUST02661,Male,0,Yes,Yes,57,Yes,DSL,No,No,No,Yes,Yes,Month-to-month,Yes,Credit card,43.94,2500.75,No
CUST02662,Female,0,No,No,30,Yes,DSL,No,Yes,No,Yes,No,Two year,Yes,Credit card,122.04,3645.6,No
CUST02663,Male,0,No,No,44,Yes,DSL,No,Yes,Yes,No,No,Two year,Yes,Mailed check,75.15,3313.58,No
CUST02664,Male,0,Yes,No,50,Yes,Fiber optic,No,Yes,Yes,Yes,No,Month-to-month,Yes,Mailed check,90.68,4594.79,No
CUST02665,Male,0,No,Yes,64,Yes,DSL,Yes,Yes,Yes,Yes,Yes,One year,Yes,Mailed check,71.6,4552.83,No
CUST02666,Female,0,Yes,Yes,16,Yes,DSL,Yes,Yes,No,No,Yes,Month-to-month,No,Electronic check,119.85,1990.26,Yes
CUST02667,Male,0,No,No,40,Yes,Fiber optic,No,No,No,No,Yes,Month-to-month,Yes,Bank transfer,42.48,1640.23,Yes
CUST02668,Female,0,No,Yes,43,No,Fiber optic,No,Yes,No,Yes,Yes,Two year,No,Electronic check,54.21,2305.9,No
CUST02669,Male,0,No,No,15,Yes,DSL,Yes,No,Yes,No,No,Month-to-month,Yes,Bank transfer,101.82,1378.08,Yes
CUST02670,Female,0,No,Yes,29,Yes,Fiber optic,Yes,No,Yes,Yes,Yes,One year,Yes,Mailed check,61.06,1743.44,No
CUST02671,Female,0,Yes,Yes,67,Yes,Fiber optic,No,Yes,No,No,Yes,Month-to-month,No,Credit card,55.29,3614.68,No
CUST02672,Female,0,Yes,No,1,Yes,Fiber optic,Yes,No,Yes,No,No,Month-to-month,No,Bank transfer,59.96,104.3,No
CUST02673,Female,0,No,Yes,36,No,DSL,No,No,No,Yes,No,Month-to-month,No,Credit card,122.3,4443.52,No
CUST02674,Male,0,Yes,No,44,Yes,No,No internet service,No internet service,No internet service,No internet service,No internet service,Month-to-month,No,Bank transfer,125.11,5602.18,No
CUST02675,Female,0,Yes,No,66,Yes,Fiber optic,No,No,No,Yes,Yes,One year,Yes,Credit card,84.24,5692.77,No
CUST02676,Female,0,Yes,Yes,20,Yes,DSL,Yes,No,No,No,No,Two year,No,Credit card,78.92,1565.37,No
CUST02677,Female,0,Yes,No,28,Yes,Fiber optic,No,Yes,No,No,No,Two year,No,Bank transfer,93.59,2561.49,No
CUST02678,Female,1,No,No,5,Yes,DSL,Yes,No,No,Yes,Yes,Month-to-month,Yes,Mailed check,83.81,456.58,No
CUST02679,Female,0,Yes,No,24,Yes,Fiber optic,No,Yes,Yes,Yes,No,Month-to-month,No,Electronic check,78.39,1850.32,No
CUST02680,Male,0,Yes,No,72,Yes,Fiber optic,No,Yes,No,Yes,No,Month-to-month,Yes,Credit card,62.73,4468.17,Yes
CUST02681,Male,0,No,No,55,Yes,DSL,No,No,Yes,No,Yes,One year,No,Bank transfer,58.61,3222.18,No
CUST02682,Male,0,No,No,31,Yes,No,No internet service,No internet service,No internet service,No internet service,No internet service,Two year,No,Electronic check,86.4,2631.31,No
CUST02683,Male,0,Yes,No,46,Yes,Fiber optic,No,No,No,No,Yes,Two year,Yes,Electronic check,77.48,3728.84,No
CUST02684,Female,0,No,No,70,Yes,DSL,Yes,Yes,No,Yes,No,Month-to-month,Yes,Credit card,110.71,7728.6,Yes
CUST02685,Female,0,Yes,No,32,Yes,DSL,No,No,Yes,No,Yes,One year,No,Bank transfer,67.52,2158.19,Yes
CUST02686,Male,0,No,Yes,21,Yes,DSL,Yes,No,No,Yes,No,Month-to-month,Yes,Electronic check,50.87,1133.03,Yes
CUST02687,Male,0,Yes,Yes,64,Yes,No,No internet service,No internet service,No internet service,No internet service,No internet service,Month-to-month,No,Credit card,37.47,2573.28,No
CUST02688,Female,1,Yes,Yes,62,Yes,Fiber optic,Yes,No,No,No,Yes,Month-to-month,Yes,Credit card,54.8,3379.56,Yes
CUST02689,Female,0,Yes,Yes,37,Yes,No,No internet service,No internet service,No internet service,No internet service,No internet service,Month-to-month,Yes,Mailed check,38.05,1258.09,No
CUST02690,Female,0,No,No,0,Yes,DSL,Yes,No,No,No,No,Month-to-month,Yes,Mailed check,102.69,0.0,Yes
CUST02691,Female,0,Yes,No,0,Yes,DSL,Yes,Yes,Yes,Yes,No,Month-to-month,No,Electronic check,63.37,0.0,No
CUST02692,Female,0,Yes,Yes,8,Yes,Fiber optic,No,No,No,No,No,One year,No,Bank transfer,54.8,397.1,No
CUST02693,Female,0,No,No,50,Yes,Fiber optic,No,No,No,Yes,Yes,Month-to-month,No,Electronic check,85.99,4419.3,Yes
CUST02694,Male,0,Yes,No,12,Yes,DSL,Yes,Yes,No,Yes,Yes,Month-to-month,No,Bank transfer,122.73,1408.65,Yes
CUST02695,Female,0,No,No,4,Yes,DSL,Yes,No,Yes,No,No,Month-to-month,No,Electronic check,63.33,169.64,Yes
CUST02696,Male,0,Yes,No,49,Yes,No,No internet service,No internet service,No internet service,No internet service,No internet service,Month-to-month,Yes,Bank transfer,45.65,2305.5,No
CUST02697,Male,0,Yes,No,35,Yes,Fiber optic,Yes,Yes,No,Yes,No,Month-to-month,Yes,Mailed check,64.11,2226.4,No
CUST02698,Male,0,Yes,No,38,Yes,DSL,Yes,No,No,Yes,No,Month-to-month,Yes,Credit card,27.53,1142.93,Yes
CUST02699,Male,0,Yes,Yes,14,Yes,Fiber optic,No,Yes,Yes,Yes,Yes,Month-to-month,Yes,Bank transfer,86.87,1193.84,No
CUST02700,Male,0,Yes,Yes,15,Yes,Fiber optic,Yes,No,Yes,Yes,No,Two year,Yes,Bank transfer,88.42,1377.92,No
CUST02701,Female,0,No,No,17,Yes,No,No internet service,No internet service,No internet service,No internet service,No internet service,Month-to-month,No,Mailed check,63.01,947.77,No
CUST02702,Female,0,No,Yes,47,Yes,No,No internet service,No internet service,No internet service,No internet service,No internet service,Two year,Yes,Electronic check,45.99,2086.74,No
CUST02703,Male,0,Yes,Yes,71,Yes,DSL,Yes,Yes,Yes,Yes,No,Month-to-month,Yes,Bank transfer,134.01,9499.93,No
CUST02704,Female,0,Yes,Yes,66,Yes,No,No internet service,No internet service,No internet service,No internet service,No internet service,One year,No,Mailed check,43.27,2823.51,No
CUST02705,Male,0,No,No,8,Yes,DSL,Yes,Yes,No,Yes,No,Month-to-month,No,Electronic check,55.25,641.85,No
CUST02706,Male,0,Yes,No,49,Yes,DSL,No,No,No,No,Yes,Two year,Yes,Electronic check,74.85,3748.92,No
CUST02707,Female,0,No,No,55,Yes,Fiber optic,Yes,No,No,No,Yes,Month-to-month,No,Bank transfer,95.52,5332.75,No
CUST02708,Male,0,No,No,2,Yes,Fiber optic,Yes,No,Yes,No,Yes,Two year,No,Mailed check,70.23,126.8,No
CUST02709,Female,1,Yes,No,46,Yes,DSL,No,No,Yes,No,Yes,Month-to-month,Yes,Electronic check,74.88,3333.04,No
CUST02710,Female,0,No,No,32,Yes,DSL,Yes,No,No,No,No,One year,No,Mailed check,89.3,2991.46,Yes
CUST02711,Male,0,No,No,14,Yes,DSL,Yes,Yes,No,No,No,Month-to-month,Yes,Credit card,150.0,1970.34,Yes
CUST02712,Male,0,No,Yes,57,Yes,DSL,Yes,Yes,Yes,Yes,No,Month-to-month,Yes,Bank transfer,59.52,3348.62,No
CUST02713,Female,0,No,Yes,68,Yes,DSL,No,No,No,Yes,No,Month-to-month,No,Electronic check,61.25,4210.87,No
CUST02714,Female,0,Yes,No,43,Yes,DSL,Yes,Yes,No,Yes,No,Month-to-month,No,Credit card,71.31,3275.0,No
CUST02715,Female,0,No,No,14,No,No,No internet service,No internet service,No internet service,No internet service,No internet service,Month-to-month,No,Credit card,90.98,1412.96,No
CUST02716,Male,0,Yes,No,31,Yes,No,No internet service,No internet service,No internet service,No internet service,No internet service,One year,Yes,Mailed check,137.13,4300.86,No
CUST02717,Male,0,Yes,No,37,Yes,No,No internet service,No internet service,No internet service,No internet service,No internet service,Month-to-month,Yes,Mailed check,71.23,2807.44,No
CUST02718,Female,0,No,No,65,Yes,DSL,Yes,No,No,No,Yes,One year,Yes,Credit card,87.87,5672.05,No
CUST02719,Female,0,Yes,Yes,57,Yes,DSL,Yes,No,No,No,No,Month-to-month,Yes,Mailed check,20.02,1177.21,No
CUST02720,Male,0,No,No,48,Yes,Fiber optic,No,No,Yes,No,No,One year,Yes,Credit card,75.62,3746.49,No
CUST02721,Female,0,No,No,55,Yes,Fiber optic,Yes,Yes,No,Yes,No,Two year,No,Bank transfer,73.65,3938.55,No
CUST02722,Female,0,No,No,50,Yes,Fiber optic,Yes,No,Yes,No,No,Month-to-month,Yes,Bank transfer,99.48,5004.09,No
CUST02723,Male,0,No,Yes,23,Yes,DSL,Yes,Yes,No,Yes,No,Two year,No,Credit card,61.07,1440.0,No
CUST02724,Male,0,No,Yes,9,Yes,No,No internet service,No internet service,No internet service,No internet service,No internet service,Month-to-month,No,Bank transfer,43.44,423.82,No
CUST02725,Female,1,No,No,61,Yes,Fiber optic,,Yes,No,Yes,Yes,Month-to-month,No,Electronic check,79.74,4780.67,Yes
CUST02726,Female,1,No,Yes,40,Yes,Fiber optic,No,Yes,Yes,No,No,Two year,No,Credit card,35.02,1435.69,No
CUST02727,Male,0,No,Yes,70,Yes,Fiber optic,No,Yes,Yes,Yes,Yes,One year,No,Electronic check,53.91,3797.26,Yes
CUST02728,Male,0,No,No,49,Yes,DSL,Yes,No,Yes,No,No,Month-to-month,Yes,Mailed check,75.37,3649.16,No
CUST02729,Female,0,Yes,No,34,Yes,DSL,No,No,No,Yes,No,Month-to-month,No,Electronic check,18.0,674.41,No
CUST02730,Male,0,Yes,Yes,47,Yes,No,No internet service,No internet service,No internet service,No internet service,No internet service,One year,No,Credit card,67.61,3285.72,No
CUST02731,Female,0,Yes,No,47,Yes,Fiber optic,No,No,Yes,No,Yes,Month-to-month,Yes,Bank transfer,113.51,5278.72,No
CUST02732,Female,0,Yes,Yes,71,Yes,DSL,No,No,Yes,Yes,No,Two year,No,Mailed check,33.73,2434.44,No
CUST02733,Female,1,Yes,No,26,Yes,DSL,No,No,No,Yes,Yes,Two year,No,Credit card,56.91,1590.12,No
CUST02734,Male,1,No,No,27,Yes,DSL,No,Yes,Yes,No,No,Month-to-month,Yes,Electronic check,88.71,2507.11,No
CUST02735,Male,0,No,No,25,Yes,No,No internet service,No internet service,No internet service,No internet service,No internet service,Month-to-month,No,Electronic check,94.39,2347.36,No
CUST02736,Male,0,No,Yes,7,Yes,No,No internet service,No internet service,No internet service,No internet service,No internet service,One year,No,Bank transfer,75.45,613.92,No
CUST02737,Female,0,No,No,34,Yes,Fiber optic,No,Yes,Yes,No,No,One year,Yes,Credit card,69.34,2338.13,No
CUST02738,Male,0,No,No,32,Yes,No,No internet service,No internet service,No internet service,No internet service,No internet service,Month-to-month,Yes,Mailed check,115.34,3756.29,No
CUST02739,Male,1,No,No,14,Yes,Fiber optic,No,Yes,Yes,Yes,Yes,Two year,Yes,Bank transfer,79.32,1051.36,No
CUST02740,Male,0,No,No,59,Yes,No,No internet service,No internet service,No internet service,No internet service,No internet service,One year,No,Electronic check,47.56,2684.3,No
CUST02741,Male,0,Yes,Yes,50,Yes,Fiber optic,No,No,Yes,Yes,No,Month-to-month,Yes,Electronic check,77.0,3892.62,No
CUST02742,Male,0,No,Yes,17,Yes,No,No internet service,No internet service,No internet service,No internet service,No internet service,Month-to-month,No,Electronic check,70.63,1271.08,No
CUST02743,Female,0,Yes,No,12,No,No,No internet service,No internet service,No internet service,No internet service,No internet service,One year,No,Mailed check,63.03,812.86,No
CUST02744,Female,0,Yes,No,45,Yes,Fiber optic,Yes,No,No,No,Yes,One year,Yes,Mailed check,31.97,1373.27,No
CUST02745,Male,0,Yes,No,0,Yes,DSL,No,Yes,Yes,Yes,No,Month-to-month,Yes,Electronic check,73.82,0.0,No
CUST02746,Male,0,No,Yes,11,Yes,DSL,No,No,Yes,No,No,Month-to-month,No,Electronic check,88.56,1044.04,Yes
CUST02747,Male,0,No,Yes,32,No,DSL,No,No,Yes,Yes,Yes,Month-to-month,Yes,Electronic check,92.76,3085.02,Yes
CUST02748,Female,0,Yes,Yes,72,No,DSL,Yes,No,Yes,No,Yes,Month-to-month,Yes,Electronic check,74.28,5196.58,No
CUST02749,Male,0,No,Yes,5,Yes,Fiber optic,Yes,No,Yes,Yes,No,One year,Yes,Bank transfer,74.89,350.01,Yes
CUST02750,Female,0,Yes,No,38,Yes,Fiber optic,Yes,No,No,No,Yes,Month-to-month,Yes,Electronic check,60.0,2205.09,No
CUST02751,Male,0,Yes,Yes,41,No,DSL,Yes,Yes,No,Yes,Yes,Two year,Yes,Electronic check,98.2,4045.89,No
CUST02752,Male,0,Yes,No,18,Yes,No,No internet service,No internet service,No internet service,No internet service,No internet service,Month-to-month,Yes,Bank transfer,44.27,903.8,No
CUST02753,Female,0,Yes,Yes,37,Yes,DSL,Yes,Yes,Yes,Yes,Yes,Two year,Yes,Bank transfer,60.97,2237.25,No
CUST02754,Female,0,No,No,46,Yes,DSL,Yes,Yes,Yes,No,No,Two year,Yes,Electronic check,53.85,2436.6,No
CUST02755,Female,0,Yes,No,10,Yes,DSL,Yes,No,Yes,No,Yes,Month-to-month,No,Mailed check,71.21,743.38,Yes
CUST02756,Female,0,Yes,Yes,69,Yes,No,No internet service,No internet service,No internet service,No internet service,No internet service,Two year,Yes,Credit card,106.82,7200.66,No
CUST02757,Female,0,Yes,Yes,17,Yes,Fiber optic,No,Yes,Yes,No,Yes,One year,Yes,Electronic check,44.31,820.29,No
CUST02758,Female,0,No,No,26,Yes,DSL,Yes,Yes,No,No,Yes,Two year,No,Credit card,80.98,2190.1,No
CUST02759,Male,0,No,Yes,1,Yes,DSL,Yes,No,No,Yes,Yes,Month-to-month,Yes,Bank transfer,81.54,81.91,No
CUST02760,Male,0,No,Yes,43,Yes,Fiber optic,Yes,Yes,Yes,No,Yes,Two year,No,Bank transfer,49.9,2110.52,No
CUST02761,Male,0,No,No,43,Yes,No,No internet service,No internet service,No internet service,No internet service,No internet service,Month-to-month,No,Credit card,69.19,2952.64,No
CUST02762,Male,0,No,No,8,Yes,Fiber optic,Yes,No,No,Yes,No,Month-to-month,Yes,Electronic check,51.58,390.45,Yes
CUST02763,Male,0,Yes,No,21,No,Fiber optic,No,No,Yes,No,No,Two year,Yes,Electronic check,76.52,1602.32,No
CUST02764,Male,0,Yes,Yes,55,Yes,Fiber optic,No,No,Yes,No,Yes,Two year,No,Bank transfer,71.04,3782.36,No
CUST02765,Male,0,No,Yes,52,Yes,DSL,No,No,No,No,No,Month-to-month,Yes,Credit card,111.62,5837.35,No
CUST02766,Female,1,Yes,No,22,Yes,Fiber optic,Yes,No,Yes,Yes,Yes,Month-to-month,Yes,Electronic check,54.87,1177.76,Yes
CUST02767,Male,0,Yes,No,45,Yes,Fiber optic,Yes,No,No,No,Yes,Two year,Yes,Bank transfer,69.7,3138.15,No
CUST02768,Female,1,Yes,Yes,54,Yes,Fiber optic,Yes,No,No,No,Yes,Month-to-month,No,Credit card,64.66,3445.4,No
CUST02769,Male,0,Yes,No,27,Yes,DSL,No,Yes,Yes,Yes,No,Month-to-month,Yes,Bank transfer,107.92,2944.31,No
CUST02770,Female,1,No,No,12,Yes,DSL,No,Yes,Yes,No,Yes,Month-to-month,No,Electronic check,61.69,846.63,No
CUST02771,Female,1,Yes,No,1,Yes,Fiber optic,Yes,No,Yes,No,Yes,Month-to-month,No,Electronic check,51.72,68.41,Yes
CUST02772,Male,1,Yes,No,69,Yes,Fiber optic,No,No,No,No,Yes,Month-to-month,No,Electronic check,54.6,3636.46,No
CUST02773,Male,0,No,No,23,Yes,Fiber optic,No,Yes,No,No,No,One year,Yes,Mailed check,54.19,1246.72,Yes
CUST02774,Female,0,No,No,58,Yes,No,No internet service,No internet service,No internet service,No internet service,No internet service,Month-to-month,Yes,Electronic check,59.47,3466.04,Yes
CUST02775,Female,0,Yes,Yes,23,Yes,No,No internet service,No internet service,No internet service,No internet service,No internet service,One year,Yes,Credit card,52.61,1205.65,No
CUST02776,Male,0,Yes,No,51,Yes,No,No internet service,No internet service,No internet service,No internet service,No internet service,Month-to-month,No,Credit card,74.39,3732.61,Yes
CUST02777,Female,0,Yes,No,24,No,Fiber optic,No,Yes,No,No,Yes,Two year,No,Mailed check,41.53,993.06,Yes
CUST02778,Female,1,Yes,No,44,Yes,No,No internet service,No internet service,No internet service,No internet service,No internet service,Month-to-month,Yes,Electronic check,88.41,3957.37,Yes
CUST02779,Male,0,Yes,No,69,Yes,Fiber optic,Yes,Yes,Yes,Yes,No,One year,Yes,Bank transfer,75.03,5153.4,Yes
CUST02780,Male,0,Yes,Yes,55,Yes,Fiber optic,Yes,No,Yes,No,Yes,Two year,No,Electronic check,114.54,6410.09,No
CUST02781,Male,0,No,No,12,Yes,Fiber optic,No,Yes,Yes,Yes,Yes,Two year,Yes,Mailed check,85.67,976.02,No
CUST02782,Female,0,No,No,38,Yes,DSL,No,Yes,No,Yes,No,Month-to-month,No,Electronic check,83.15,3077.21,Yes
CUST02783,Female,0,No,No,19,Yes,Fiber optic,Yes,Yes,Yes,No,Yes,Two year,Yes,Bank transfer,124.24,2342.02,No
CUST02784,Female,0,No,No,16,Yes,Fiber optic,No,Yes,No,Yes,Yes,Month-to-month,No,Credit card,84.86,1195.13,No
CUST02785,Female,0,No,Yes,60,Yes,No,No internet service,No internet service,No internet service,No internet service,No internet service,Month-to-month,Yes,Mailed check,68.63,4117.11,No
CUST02786,Male,1,No,No,71,Yes,Fiber optic,No,No,No,No,No,Two year,Yes,Mailed check,52.27,3684.61,No
CUST02787,Male,0,No,No,67,Yes,No,No internet service,No internet service,No internet service,No internet service,No internet service,Month-to-month,Yes,Bank transfer,110.32,7446.41,No
CUST02788,Male,0,No,No,61,Yes,DSL,No,Yes,Yes,Yes,Yes,Month-to-month,Yes,Credit card,48.79,2839.45,No
CUST02789,Male,0,No,Yes,34,Yes,No,No internet service,No internet service,No internet service,No internet service,No internet service,Two year,Yes,Bank transfer,45.51,1608.56,No
CUST02790,Female,1,No,No,38,Yes,Fiber optic,Yes,No,Yes,Yes,No,Month-to-month,Yes,Credit card,45.62,1745.91,No
CUST02791,Female,1,No,Yes,39,Yes,Fiber optic,Yes,No,No,Yes,No,Two year,Yes,Mailed check,55.19,2279.23,No
CUST02792,Male,0,Yes,No,53,Yes,Fiber optic,No,Yes,No,No,No,One year,Yes,Bank transfer,75.09,3966.17,Yes
CUST02793,Female,0,Yes,Yes,3,Yes,No,No internet service,No internet service,No internet service,No internet service,No internet service,Month-to-month,Yes,Credit card,67.45,229.65,No
CUST02794,Female,0,Yes,No,60,Yes,DSL,Yes,Yes,No,Yes,No,Month-to-month,No,Electronic check,,5278.56,Yes
CUST02795,Male,0,Yes,Yes,58,Yes,Fiber optic,No,Yes,No,No,Yes,Month-to-month,No,Mailed check,46.75,2548.8,Yes
CUST02796,Female,0,Yes,Yes,72,Yes,No,No internet service,No internet service,No internet service,No internet service,No internet service,Two year,Yes,Credit card,52.21,3847.99,No
CUST02797,Female,0,Yes,No,43,Yes,DSL,,No,No,Yes,No,Two year,Yes,Bank transfer,77.84,3336.8,No
CUST02798,Female,0,Yes,No,33,Yes,Fiber optic,No,Yes,No,No,No,Month-to-month,Yes,Mailed check,49.9,1545.02,Yes
CUST02799,Female,0,No,No,34,Yes,Fiber optic,Yes,No,No,No,No,One year,No,Bank transfer,39.95,1352.27,No
CUST02800,Male,0,Yes,No,45,Yes,No,No internet service,No internet service,No internet service,No internet service,No internet service,Month-to-month,No,Mailed check,35.75,1702.44,No
CUST02801,Female,1,Yes,No,22,Yes,No,No internet service,No internet service,No internet service,No internet service,No internet service,One year,No,Mailed check,72.79,1573.99,No
CUST02802,Male,0,Yes,No,56,Yes,DSL,No,No,Yes,Yes,Yes,Month-to-month,No,Bank transfer,72.28,4056.01,No
CUST02803,Female,0,Yes,Yes,32,Yes,Fiber optic,Yes,Yes,No,Yes,Yes,Month-to-month,No,Electronic check,71.1,2115.1,No
CUST02804,Male,0,No,Yes,20,Yes,Fiber optic,Yes,Yes,No,Yes,No,Month-to-month,Yes,Bank transfer,104.42,2019.95,No
CUST02805,Male,1,No,No,53,Yes,Fiber optic,No,No,No,No,No,One year,Yes,Credit card,81.56,4379.3,Yes
CUST02806,Female,0,Yes,No,24,Yes,DSL,Yes,No,No,No,Yes,Month-to-month,No,Credit card,74.01,1860.93,Yes
CUST02807,Male,0,No,Yes,5,Yes,DSL,Yes,Yes,No,Yes,Yes,Month-to-month,Yes,Credit card,107.7,555.38,No
CUST02808,Male,0,Yes,No,38,Yes,Fiber optic,No,No,No,Yes,Yes,Two year,Yes,Credit card,98.38,3785.14,No
CUST02809,Female,0,No,No,36,Yes,DSL,No,Yes,Yes,Yes,Yes,Month-to-month,No,Bank transfer,,1974.97,No
CUST02810,Male,1,No,No,21,Yes,Fiber optic,No,Yes,No,No,No,Month-to-month,No,Mailed check,94.86,1993.69,Yes
CUST02811,Female,0,No,Yes,2,Yes,DSL,Yes,Yes,Yes,Yes,Yes,Month-to-month,Yes,Bank transfer,118.32,151.79,Yes
CUST02812,Male,0,Yes,No,34,Yes,No,No internet service,No internet service,No internet service,No internet service,No internet service,One year,Yes,Electronic check,118.42,3987.02,No
CUST02813,Male,0,No,No,56,Yes,No,No internet service,No internet service,No internet service,No internet service,No internet service,Month-to-month,Yes,Mailed check,98.42,5509.25,No
CUST02814,Female,0,No,No,58,Yes,Fiber optic,No,Yes,Yes,No,Yes,Two year,Yes,Credit card,83.7,4729.53,No
CUST02815,Male,0,No,No,15,Yes,No,No internet service,No internet service,No internet service,No internet service,No internet service,Month-to-month,Yes,Electronic check,81.26,1410.45,Yes
CUST02816,Male,0,Yes,Yes,31,Yes,No,No internet service,No internet service,No internet service,No internet service,No internet service,Two year,No,Electronic check,110.43,3366.97,No
CUST02817,Female,0,Yes,No,65,Yes,Fiber optic,No,Yes,Yes,Yes,No,Month-to-month,Yes,Bank transfer,40.56,2653.22,No
CUST02818,Female,0,Yes,No,25,Yes,Fiber optic,Yes,No,Yes,Yes,Yes,Two year,No,Bank transfer,105.69,2542.21,No
CUST02819,Male,1,Yes,No,34,Yes,Fiber optic,No,No,No,Yes,No,Month-to-month,Yes,Credit card,77.26,2384.96,No
CUST02820,Female,1,No,No,49,Yes,No,No internet service,No internet service,No internet service,No internet service,No internet service,Month-to-month,Yes,Electronic check,50.93,2632.56,No
CUST02821,Female,1,Yes,No,33,Yes,Fiber optic,Yes,Yes,Yes,Yes,Yes,Two year,Yes,Mailed check,44.45,1471.36,No
CUST02822,Female,0,Yes,Yes,61,Yes,Fiber optic,No,Yes,Yes,No,Yes,Month-to-month,No,Mailed check,31.36,1739.04,No
CUST02823,Male,0,No,Yes,26,Yes,Fiber optic,Yes,Yes,Yes,Yes,No,One year,No,Credit card,88.11,2208.76,No
CUST02824,Female,0,No,No,35,Yes,DSL,No,Yes,Yes,Yes,No,One year,Yes,Bank transfer,122.06,4437.58,No
CUST02825,Female,1,No,No,37,Yes,No,No internet service,No internet service,No internet service,No internet service,No internet service,Month-to-month,Yes,Electronic check,61.52,2314.82,Yes
CUST02826,Female,0,No,No,54,Yes,No,No internet service,No internet service,No internet service,No internet service,No internet service,Month-to-month,Yes,Bank transfer,52.65,2636.67,No
CUST02827,Male,0,No,No,24,Yes,DSL,No,Yes,No,Yes,Yes,Two year,Yes,Bank transfer,104.21,2460.08,No
CUST02828,Female,0,No,No,20,Yes,DSL,No,No,No,Yes,No,One year,Yes,Credit card,76.84,1522.17,No
CUST02829,Female,0,Yes,No,26,Yes,No,No internet service,No internet service,No internet service,No internet service,No internet service,Two year,Yes,Mailed check,105.36,2781.38,No
CUST02830,Male,1,Yes,No,16,Yes,DSL,Yes,No,No,Yes,Yes,Two year,No,Credit card,49.6,792.87,No
CUST02831,Female,0,No,No,14,Yes,Fiber optic,Yes,Yes,No,Yes,Yes,Two year,No,Mailed check,90.31,1125.59,No
CUST02832,Female,0,Yes,Yes,59,Yes,Fiber optic,No,Yes,Yes,No,No,One year,No,Bank transfer,119.38,,No
CUST02833,Male,0,Yes,No,25,Yes,Fiber optic,Yes,Yes,Yes,No,No,Month-to-month,No,Mailed check,47.75,1121.17,No
CUST02834,Female,0,No,No,19,Yes,DSL,Yes,No,Yes,No,Yes,Two year,No,Mailed check,65.98,1313.5,No
CUST02835,Male,0,Yes,No,59,Yes,DSL,Yes,No,No,No,Yes,Two year,Yes,Bank transfer,64.96,3789.2,No
CUST02836,Female,1,Yes,No,57,Yes,Fiber optic,No,No,Yes,Yes,Yes,One year,Yes,Bank transfer,92.74,5241.79,No
CUST02837,Female,0,Yes,Yes,17,No,Fiber optic,Yes,Yes,Yes,Yes,No,Two year,Yes,Credit card,105.52,1772.98,No
CUST02838,Female,0,Yes,No,22,Yes,No,No internet service,No internet service,No internet service,No internet service,No internet service,Month-to-month,Yes,Mailed check,56.96,1184.16,Yes
CUST02839,Male,0,No,Yes,59,No,No,No internet service,No internet service,No internet service,No internet service,No internet service,Month-to-month,Yes,Bank transfer,136.45,8171.24,No
CUST02840,Female,0,Yes,Yes,20,Yes,No,No internet service,No internet service,No internet service,No internet service,No internet service,Month-to-month,Yes,Mailed check,75.41,,No
CUST02841,Male,0,No,No,62,Yes,Fiber optic,No,Yes,Yes,Yes,Yes,One year,No,Credit card,59.81,3801.76,Yes
CUST02842,Female,0,Yes,No,45,Yes,Fiber optic,No,No,No,Yes,Yes,Month-to-month,Yes,Credit card,109.69,4837.37,No
CUST02843,Female,1,No,No,48,Yes,DSL,No,Yes,Yes,Yes,No,Month-to-month,Yes,Mailed check,77.5,3748.17,Yes
CUST02844,Male,0,Yes,No,38,Yes,Fiber optic,Yes,No,Yes,Yes,No,One year,Yes,Bank transfer,64.59,2517.48,No
CUST02845,Male,0,Yes,Yes,2,Yes,Fiber optic,Yes,No,Yes,Yes,No,Month-to-month,Yes,Mailed check,60.44,38.79,Yes
CUST02846,Male,0,No,No,60,Yes,No,No internet service,No internet service,No internet service,No internet service,No internet service,Month-to-month,Yes,Electronic check,126.56,7499.73,Yes
CUST02847,Female,0,Yes,Yes,40,Yes,Fiber optic,No,Yes,No,No,Yes,Month-to-month,Yes,Credit card,49.15,1886.64,No
CUST02848,Male,0,No,No,12,Yes,DSL,Yes,No,No,No,Yes,Month-to-month,No,Bank transfer,102.15,1108.86,Yes
CUST02849,Male,1,Yes,No,60,Yes,Fiber optic,Yes,No,Yes,No,Yes,Month-to-month,No,Credit card,53.71,3306.4,No
CUST02850,Male,0,Yes,No,21,Yes,Fiber optic,No,No,No,No,Yes,Month-to-month,No,Mailed check,58.43,1303.37,Yes
CUST02851,Male,1,Yes,No,26,Yes,No,No internet service,No internet service,No internet service,No internet service,No internet service,Month-to-month,Yes,Mailed check,71.95,1844.8,No
CUST02852,Male,0,No,No,46,Yes,Fiber optic,No,No,No,Yes,Yes,Month-to-month,No,Electronic check,85.64,3934.33,Yes
CUST02853,Male,0,Yes,No,20,Yes,Fiber optic,Yes,No,No,Yes,Yes,Two year,No,Mailed check,32.88,603.1,No
CUST02854,Male,0,Yes,No,0,No,DSL,No,Yes,No,Yes,No,Month-to-month,No,Credit card,60.39,185.14,No
CUST02855,Female,0,No,No,23,Yes,No,No internet service,No internet service,No internet service,No internet service,No internet service,Month-to-month,Yes,Credit card,99.73,2258.94,No
CUST02856,Male,1,Yes,No,49,Yes,Fiber optic,No,Yes,Yes,Yes,No,Two year,No,Electronic check,99.61,4838.57,No
CUST02857,Female,0,No,Yes,30,Yes,Fiber optic,Yes,Yes,No,No,Yes,Month-to-month,Yes,Electronic check,66.74,1991.96,Yes
CUST02858,Female,0,No,No,52,Yes,Fiber optic,No,No,Yes,Yes,No,Month-to-month,Yes,Bank transfer,44.62,2215.05,No
CUST02859,Female,0,No,No,5,Yes,No,No internet service,No internet service,No internet service,No internet service,No internet service,Two year,Yes,Electronic check,79.39,418.36,No
CUST02860,Male,1,Yes,Yes,18,Yes,Fiber optic,Yes,Yes,No,No,Yes,Month-to-month,Yes,Credit card,94.84,1821.2,No
CUST02861,Male,0,Yes,No,17,Yes,DSL,No,No,No,No,No,Two year,No,Electronic check,78.54,1321.25,No
CUST02862,Female,0,No,Yes,4,No,Fiber optic,No,No,No,No,Yes,Month-to-month,No,Mailed check,109.13,500.61,No
CUST02863,Female,0,No,No,47,Yes,DSL,Yes,Yes,No,No,Yes,One year,No,Mailed check,67.26,3004.39,No
CUST02864,Female,1,Yes,No,15,Yes,No,No internet service,No internet service,No internet service,No internet service,No internet service,Two year,Yes,Mailed check,41.05,539.53,No
CUST02865,Male,0,No,No,34,Yes,No,No internet service,No internet service,No internet service,No internet service,No internet service,Two year,Yes,Credit card,59.13,2018.16,No
CUST02866,Male,0,No,No,72,Yes,Fiber optic,No,Yes,No,Yes,Yes,Month-to-month,Yes,Bank transfer,74.04,5183.04,No
CUST02867,Male,1,Yes,No,18,Yes,DSL,No,No,Yes,No,Yes,One year,No,Mailed check,56.41,1041.64,No
CUST02868,Male,0,Yes,No,14,Yes,No,No internet service,No internet service,No internet service,No internet service,No internet service,Month-to-month,Yes,Bank transfer,61.01,829.49,No
CUST02869,Female,0,No,No,67,Yes,No,No internet service,No internet service,No internet service,No internet service,No internet service,Month-to-month,No,Bank transfer,98.04,6592.38,Yes
CUST02870,Male,0,No,No,26,Yes,Fiber optic,No,No,Yes,Yes,Yes,Two year,Yes,Credit card,53.69,1377.34,No
CUST02871,Male,0,No,No,21,Yes,Fiber optic,Yes,Yes,Yes,Yes,No,Month-to-month,Yes,Credit card,40.67,840.93,No
CUST02872,Female,0,Yes,No,52,Yes,DSL,Yes,Yes,Yes,Yes,Yes,Month-to-month,Yes,Credit card,94.25,4692.58,No
CUST02873,Female,0,Yes,No,9,No,Fiber optic,No,Yes,No,Yes,No,One year,Yes,Electronic check,90.13,723.82,Yes
CUST02874,Male,0,Yes,No,27,Yes,No,No internet service,No internet service,No internet service,No internet service,No internet service,Month-to-month,No,Electronic check,48.07,1338.49,Yes
CUST02875,Male,0,Yes,Yes,14,Yes,Fiber optic,No,No,No,Yes,No,One year,Yes,Electronic check,91.69,1170.37,No
CUST02876,Female,0,No,No,65,Yes,DSL,No,No,Yes,No,Yes,Month-to-month,Yes,Bank transfer,45.73,2893.94,Yes
CUST02877,Female,0,Yes,No,21,Yes,Fiber optic,No,No,No,Yes,Yes,One year,Yes,Credit card,55.91,1139.16,Yes
CUST02878,Female,0,Yes,No,41,Yes,Fiber optic,Yes,Yes,No,Yes,No,Month-to-month,No,Electronic check,46.39,1874.41,No
CUST02879,Female,0,No,No,38,Yes,DSL,No,No,No,No,Yes,Two year,Yes,Credit card,62.54,2433.81,No
CUST02880,Female,0,Yes,Yes,35,Yes,No,No internet service,No internet service,No internet service,No internet service,No internet service,Month-to-month,Yes,Electronic check,88.1,3101.86,Yes
CUST02881,Male,0,Yes,No,4,Yes,DSL,No,Yes,No,Yes,Yes,One year,No,Bank transfer,80.75,270.1,No
CUST02882,Male,0,No,No,19,Yes,DSL,Yes,Yes,Yes,No,Yes,One year,Yes,Mailed check,53.66,882.4,No
CUST02883,Female,0,Yes,Yes,62,Yes,No,No internet service,No internet service,No internet service,No internet service,No internet service,Month-to-month,No,Credit card,78.74,5126.45,No
CUST02884,Male,0,No,No,40,Yes,DSL,No,No,Yes,Yes,No,One year,No,Mailed check,83.55,3345.02,Yes
CUST02885,Male,1,Yes,No,64,Yes,Fiber optic,No,Yes,Yes,Yes,Yes,Two year,Yes,Electronic check,97.89,6338.06,Yes
CUST02886,Male,0,Yes,No,40,No,Fiber optic,Yes,Yes,Yes,No,Yes,Month-to-month,Yes,Bank transfer,82.98,3128.5,No
CUST02887,Female,0,No,Yes,23,Yes,DSL,Yes,No,Yes,No,No,One year,Yes,Electronic check,92.44,2096.4,No
CUST02888,Male,0,Yes,No,25,Yes,Fiber optic,Yes,No,No,Yes,Yes,Month-to-month,No,Bank transfer,75.62,1857.74,Yes
CUST02889,Male,0,No,No,56,Yes,Fiber optic,Yes,Yes,No,No,Yes,One year,Yes,Electronic check,53.63,2966.12,No
CUST02890,Male,0,Yes,No,17,Yes,No,No internet service,No internet service,No internet service,No internet service,No internet service,Two year,No,Mailed check,78.05,1389.11,No
CUST02891,Male,0,No,Yes,43,Yes,No,No internet service,No internet service,No internet service,No internet service,No internet service,One year,No,Bank transfer,104.39,4467.58,No
CUST02892,Female,1,Yes,Yes,68,Yes,DSL,No,No,Yes,Yes,Yes,Month-to-month,Yes,Credit card,105.7,7153.24,No
CUST02893,Male,0,No,No,61,Yes,Fiber optic,Yes,Yes,Yes,No,No,Month-to-month,Yes,Bank transfer,18.0,1096.93,No
CUST02894,Female,0,No,Yes,28,Yes,Fiber optic,No,No,Yes,No,No,Month-to-month,Yes,Credit card,89.72,2514.18,Yes
CUST02895,Male,0,No,Yes,20,Yes,DSL,Yes,Yes,Yes,No,No,Month-to-month,Yes,Credit card,61.64,1135.95,Yes
CUST02896,Female,0,Yes,No,45,No,DSL,No,No,No,Yes,No,One year,No,Bank transfer,84.02,3860.1,No
CUST02897,Female,1,No,No,44,Yes,Fiber optic,No,No,Yes,No,Yes,One year,No,Mailed check,39.85,1707.14,No
CUST02898,Female,0,No,No,52,Yes,Fiber optic,No,No,Yes,No,No,Two year,No,Mailed check,63.25,3280.74,No
CUST02899,Female,0,Yes,Yes,5,No,No,No internet service,No internet service,No internet service,No internet service,No internet service,Month-to-month,Yes,Credit card,33.9,289.25,Yes
CUST02900,Male,0,No,No,39,Yes,DSL,Yes,No,Yes,No,Yes,One year,Yes,Electronic check,63.18,2696.5,No
CUST02901,Female,0,Yes,No,0,Yes,DSL,No,Yes,No,No,No,Month-to-month,Yes,Credit card,89.19,37.45,Yes
CUST02902,Female,0,Yes,No,72,Yes,No,No internet service,No internet service,No internet service,No internet service,No internet service,Month-to-month,No,Electronic check,85.13,5990.03,No
CUST02903,Female,0,No,Yes,63,Yes,No,No internet service,No internet service,No internet service,No internet service,No internet service,Month-to-month,No,Credit card,127.65,8019.01,No
CUST02904,Female,0,Yes,Yes,54,Yes,Fiber optic,Yes,No,No,No,No,One year,Yes,Mailed check,61.12,3437.73,No
CUST02905,Female,0,Yes,No,21,Yes,Fiber optic,No,No,No,Yes,Yes,Month-to-month,No,Bank transfer,52.04,1074.4,No
CUST02906,Female,0,No,Yes,54,Yes,No,No internet service,No internet service,No internet service,No internet service,No internet service,Two year,Yes,Credit card,108.65,5933.73,No
CUST02907,Female,0,No,No,32,Yes,DSL,No,Yes,No,No,No,Month-to-month,No,Credit card,31.09,1060.36,No
CUST02908,Female,0,Yes,Yes,47,Yes,Fiber optic,Yes,No,Yes,No,No,Month-to-month,No,Mailed check,78.83,3648.7,No
CUST02909,Male,0,Yes,Yes,16,Yes,Fiber optic,Yes,No,No,No,No,Month-to-month,No,Electronic check,86.57,1536.54,Yes
CUST02910,Male,0,Yes,No,34,Yes,Fiber optic,No,No,Yes,No,No,Month-to-month,No,Mailed check,18.0,646.32,No
CUST02911,Male,0,No,No,64,Yes,No,No internet service,No internet service,No internet service,No internet service,No internet service,Month-to-month,No,Bank transfer,46.74,2989.24,No
CUST02912,Male,1,Yes,No,13,Yes,No,No internet service,No internet service,No internet service,No internet service,No internet service,One year,Yes,Mailed check,39.87,505.22,No
CUST02913,Male,0,No,No,28,Yes,Fiber optic,No,No,Yes,Yes,Yes,Month-to-month,No,Credit card,94.83,2561.47,No
CUST02914,Male,0,No,Yes,21,Yes,DSL,Yes,No,Yes,No,No,Month-to-month,No,Bank transfer,57.94,1153.58,No
CUST02915,Male,0,No,No,13,Yes,No,No internet service,No internet service,No internet service,No internet service,No internet service,Month-to-month,Yes,Electronic check,67.49,795.53,Yes
CUST02916,Male,0,Yes,Yes,28,Yes,Fiber optic,No,Yes,No,Yes,No,Month-to-month,No,Credit card,33.66,1124.4,No
CUST02917,Female,1,Yes,No,44,Yes,DSL,Yes,Yes,Yes,No,Yes,Month-to-month,No,Mailed check,53.75,2447.96,Yes
CUST02918,Female,0,Yes,No,3,Yes,Fiber optic,No,No,No,No,Yes,One year,Yes,Electronic check,54.25,81.99,No
CUST02919,Female,0,Yes,No,14,Yes,Fiber optic,No,No,Yes,Yes,No,Two year,Yes,Electronic check,68.55,1107.16,No
CUST02920,Male,1,Yes,Yes,59,Yes,DSL,No,Yes,Yes,Yes,Yes,Two year,Yes,Credit card,66.35,4023.85,No
CUST02921,Male,0,No,No,19,Yes,DSL,No,Yes,No,Yes,No,Month-to-month,Yes,Credit card,110.75,2052.84,No
CUST02922,Female,0,Yes,No,24,Yes,No,No internet service,No internet service,No internet service,No internet service,No internet service,Month-to-month,Yes,Mailed check,91.29,2233.45,Yes
CUST02923,Male,0,Yes,No,49,Yes,No,No internet service,No internet service,No internet service,No internet service,No internet service,One year,No,Bank transfer,29.59,1395.38,No
CUST02924,Female,0,No,Yes,54,Yes,Fiber optic,Yes,Yes,Yes,Yes,Yes,Two year,Yes,Mailed check,99.44,5451.77,No
CUST02925,Male,0,No,No,70,Yes,DSL,No,Yes,Yes,Yes,Yes,Month-to-month,Yes,Credit card,96.0,6759.38,No
CUST02926,Male,0,Yes,No,11,Yes,Fiber optic,Yes,No,No,Yes,Yes,Month-to-month,Yes,Bank transfer,75.7,798.82,Yes
CUST02927,Female,0,No,No,55,Yes,Fiber optic,Yes,No,Yes,No,Yes,Two year,No,Electronic check,98.64,5326.19,No
CUST02928,Male,0,No,No,52,Yes,DSL,Yes,No,Yes,No,No,Month-to-month,No,Bank transfer,104.06,5405.94,No
CUST02929,Male,0,Yes,No,9,No,Fiber optic,No,Yes,Yes,Yes,Yes,Two year,Yes,Electronic check,61.86,596.06,Yes
CUST02930,Female,0,No,No,63,Yes,DSL,No,No,No,Yes,Yes,One year,Yes,Electronic check,43.51,2845.16,No
CUST02931,Male,0,Yes,No,22,Yes,No,,No internet service,No internet service,No internet service,No internet service,Month-to-month,No,Electronic check,88.12,1988.96,No
CUST02932,Female,0,Yes,Yes,30,Yes,No,No internet service,No internet service,No internet service,No internet service,No internet service,Month-to-month,Yes,Electronic check,53.61,1682.41,Yes
CUST02933,Male,0,Yes,Yes,58,No,No,No internet service,No internet service,No internet service,No internet service,No internet service,Two year,No,Credit card,80.61,4615.24,No
CUST02934,Male,0,Yes,No,38,Yes,DSL,Yes,Yes,No,No,Yes,Month-to-month,Yes,Bank transfer,48.05,1667.65,No
CUST02935,Female,0,No,No,20,Yes,Fiber optic,Yes,No,No,Yes,No,Month-to-month,Yes,Bank transfer,98.35,1831.62,Yes
CUST02936,Male,0,No,No,23,Yes,Fiber optic,Yes,No,Yes,No,No,Month-to-month,No,Bank transfer,55.01,1241.9,Yes
CUST02937,Female,0,Yes,Yes,54,Yes,Fiber optic,Yes,Yes,No,No,Yes,Month-to-month,Yes,Bank transfer,68.73,3649.58,No
CUST02938,Female,0,No,No,13,Yes,Fiber optic,Yes,Yes,Yes,Yes,Yes,One year,No,Bank transfer,67.12,862.71,No
CUST02939,Female,0,Yes,No,34,Yes,No,No internet service,No internet service,No internet service,No internet service,No internet service,Month-to-month,No,Bank transfer,38.59,1370.77,Yes
CUST02940,Male,0,Yes,No,54,Yes,No,No internet service,No internet service,No internet service,No internet service,No internet service,One year,Yes,Mailed check,100.99,5503.67,No
CUST02941,Female,0,No,No,64,No,DSL,Yes,No,No,No,Yes,One year,Yes,Electronic check,106.13,6604.7,Yes
CUST02942,Female,0,Yes,No,60,Yes,Fiber optic,No,Yes,No,Yes,Yes,Month-to-month,No,Bank transfer,70.41,4430.99,No
CUST02943,Female,0,No,Yes,26,No,DSL,No,Yes,No,Yes,Yes,One year,No,Credit card,55.01,1461.57,No
CUST02944,Male,1,Yes,No,14,Yes,Fiber optic,Yes,No,Yes,No,Yes,Month-to-month,Yes,Credit card,68.15,977.25,Yes
CUST02945,Female,0,No,No,68,Yes,Fiber optic,Yes,No,No,Yes,Yes,Two year,Yes,Electronic check,61.35,4159.93,No
CUST02946,Male,0,Yes,No,43,Yes,No,No internet service,No internet service,No internet service,No internet service,No internet service,Month-to-month,Yes,Credit card,73.43,3135.1,No
CUST02947,Female,1,Yes,Yes,29,Yes,No,No internet service,No internet service,No internet service,No internet service,No internet service,One year,Yes,Electronic check,66.21,2008.11,No
CUST02948,Male,1,No,No,65,Yes,DSL,Yes,No,No,Yes,No,Two year,No,Electronic check,51.32,3257.91,No
CUST02949,Female,0,No,Yes,53,Yes,No,No internet service,No internet service,No internet service,No internet service,No internet service,Two year,No,Credit card,102.29,5445.91,No
CUST02950,Female,0,Yes,No,34,No,Fiber optic,No,Yes,Yes,No,Yes,Month-to-month,No,Electronic check,68.65,2455.38,Yes
CUST02951,Male,1,No,No,14,Yes,Fiber optic,No,Yes,Yes,Yes,Yes,Month-to-month,No,Mailed check,122.29,1727.25,No
CUST02952,Female,0,Yes,No,5,Yes,Fiber optic,No,No,No,No,No,Two year,No,Bank transfer,76.61,424.11,No
CUST02953,Female,0,Yes,No,38,Yes,DSL,No,No,No,No,No,Two year,Yes,Electronic check,63.88,2315.07,No
CUST02954,Male,0,Yes,No,8,Yes,DSL,Yes,No,Yes,Yes,Yes,One year,Yes,Electronic check,66.95,601.73,No
CUST02955,Male,0,No,No,22,Yes,DSL,No,Yes,No,Yes,No,Month-to-month,Yes,Mailed check,64.82,1455.59,No
CUST02956,Female,0,No,No,49,No,Fiber optic,Yes,Yes,Yes,No,Yes,Month-to-month,Yes,Credit card,71.35,3488.13,No
CUST02957,Male,0,No,No,0,Yes,DSL,Yes,Yes,No,Yes,Yes,Two year,No,Credit card,79.6,57.75,No
CUST02958,Male,0,No,Yes,72,Yes,Fiber optic,Yes,Yes,Yes,Yes,No,Month-to-month,No,Mailed check,45.95,3216.92,Yes
CUST02959,Female,0,Yes,No,31,Yes,No,No internet service,No internet service,No internet service,No internet service,No internet service,Two year,Yes,Mailed check,48.47,1646.67,No
CUST02960,Male,0,Yes,No,63,Yes,Fiber optic,No,Yes,No,No,Yes,Month-to-month,Yes,Electronic check,93.5,6121.89,Yes
CUST02961,Female,1,Yes,No,12,Yes,DSL,No,No,Yes,No,Yes,One year,Yes,Mailed check,86.82,993.75,No
CUST02962,Male,0,No,No,33,Yes,Fiber optic,No,Yes,No,No,No,Month-to-month,Yes,Credit card,34.62,1236.52,No
CUST02963,Female,1,Yes,No,69,Yes,DSL,No,Yes,Yes,No,No,Month-to-month,No,Electronic check,87.06,5995.63,No
CUST02964,Male,1,No,Yes,46,Yes,Fiber optic,No,Yes,Yes,No,No,Month-to-month,No,Electronic check,95.01,4272.02,Yes
CUST02965,Female,0,No,No,59,Yes,DSL,Yes,Yes,No,No,Yes,Two year,Yes,Mailed check,80.31,4842.07,No
CUST02966,Female,0,No,No,50,No,DSL,Yes,No,No,No,Yes,One year,No,Electronic check,32.65,1609.79,No
CUST02967,Male,0,Yes,No,53,Yes,No,No internet service,No internet service,No internet service,No internet service,No internet service,One year,No,Credit card,40.57,2199.15,No
CUST02968,Male,1,Yes,Yes,26,Yes,DSL,Yes,No,Yes,Yes,No,Two year,Yes,Credit card,72.82,2046.15,No
CUST02969,Female,0,No,No,33,Yes,DSL,Yes,Yes,No,No,Yes,Month-to-month,Yes,Mailed check,121.06,4037.2,Yes
CUST02970,Female,0,No,No,3,Yes,DSL,Yes,Yes,No,Yes,No,Two year,Yes,Electronic check,60.54,198.32,Yes
CUST02971,Female,1,Yes,Yes,18,Yes,Fiber optic,Yes,Yes,No,No,No,Month-to-month,No,Bank transfer,89.14,1527.72,Yes
CUST02972,Male,0,No,No,4,Yes,No,No internet service,No internet service,No internet service,No internet service,No internet service,Month-to-month,No,Mailed check,57.9,155.07,Yes
CUST02973,Female,1,No,Yes,23,Yes,DSL,No,Yes,Yes,Yes,No,Month-to-month,No,Electronic check,116.5,2668.6,Yes
CUST02974,Female,0,Yes,No,52,Yes,DSL,No,Yes,Yes,Yes,No,Two year,No,Mailed check,75.04,3871.76,No
CUST02975,Male,0,No,Yes,14,Yes,No,No internet service,No internet service,No internet service,No internet service,No internet service,One year,Yes,Credit card,43.68,665.93,No
CUST02976,Male,0,Yes,Yes,34,Yes,DSL,No,No,Yes,Yes,No,Month-to-month,Yes,Electronic check,53.61,1735.63,No
CUST02977,Male,0,No,No,40,Yes,DSL,Yes,Yes,Yes,No,No,Two year,Yes,Credit card,51.59,2001.58,No
CUST02978,Female,0,Yes,Yes,11,Yes,DSL,No,No,No,Yes,No,Two year,No,Electronic check,76.91,833.88,No
CUST02979,Male,1,Yes,Yes,59,Yes,No,No internet service,No internet service,No internet service,No internet service,No internet service,One year,Yes,Mailed check,56.59,3346.52,No
CUST02980,Male,0,Yes,No,56,Yes,Fiber optic,No,No,No,Yes,Yes,One year,No,Electronic check,61.62,3455.39,No
CUST02981,Female,0,No,Yes,13,Yes,Fiber optic,Yes,Yes,No,Yes,Yes,Month-to-month,Yes,Bank transfer,122.66,1578.95,Yes
CUST02982,Male,1,No,Yes,2,Yes,Fiber optic,No,Yes,Yes,No,No,Month-to-month,Yes,Mailed check,59.34,55.92,Yes
CUST02983,Female,0,Yes,No,0,Yes,Fiber optic,Yes,No,Yes,No,No,One year,No,Bank transfer,78.41,46.36,No
CUST02984,Female,0,Yes,No,21,Yes,Fiber optic,Yes,No,Yes,Yes,Yes,Month-to-month,No,Credit card,67.18,1505.39,Yes
CUST02985,Female,1,Yes,No,9,Yes,No,No internet service,No internet service,No internet service,No internet service,No internet service,One year,No,Credit card,72.77,679.75,No
CUST02986,Female,0,Yes,No,1,Yes,Fiber optic,No,No,No,Yes,Yes,Month-to-month,Yes,Bank transfer,90.67,44.26,Yes
CUST02987,Female,0,No,No,33,Yes,No,No internet service,No internet service,No internet service,No internet service,No internet service,One year,Yes,Mailed check,19.04,475.07,No
CUST02988,Female,0,Yes,No,38,Yes,DSL,Yes,Yes,No,No,Yes,Two year,Yes,Bank transfer,77.76,3087.69,No
CUST02989,Female,0,No,No,1,Yes,Fiber optic,No,No,No,Yes,No,Month-to-month,Yes,Bank transfer,64.6,50.62,Yes
CUST02990,Male,0,No,No,43,Yes,Fiber optic,No,No,No,Yes,No,Month-to-month,Yes,Bank transfer,78.39,3476.53,Yes
CUST02991,Male,0,Yes,No,29,No,DSL,No,No,Yes,Yes,No,Month-to-month,Yes,Bank transfer,68.92,2130.03,No
CUST02992,Female,0,No,No,14,Yes,DSL,No,Yes,No,Yes,Yes,Month-to-month,No,Credit card,69.14,1032.25,No
CUST02993,Male,0,No,No,8,Yes,DSL,No,Yes,No,Yes,No,Month-to-month,Yes,Bank transfer,81.39,727.5,No
CUST02994,Female,0,No,No,55,Yes,DSL,No,Yes,No,No,No,Month-to-month,Yes,Bank transfer,60.25,3383.76,No
CUST02995,Female,0,No,Yes,7,Yes,No,No internet service,No internet service,No internet service,No internet service,No internet service,Month-to-month,No,Electronic check,123.18,844.57,No
CUST02996,Female,0,Yes,No,14,Yes,DSL,No,Yes,Yes,No,No,Month-to-month,Yes,Credit card,49.95,607.43,No
CUST02997,Male,0,Yes,No,52,Yes,Fiber optic,No,No,Yes,Yes,Yes,Two year,Yes,Electronic check,109.98,5782.8,No
CUST02998,Male,0,No,No,45,Yes,DSL,Yes,Yes,Yes,Yes,No,Month-to-month,Yes,Bank transfer,42.97,1811.28,No
CUST02999,Male,1,Yes,No,72,Yes,Fiber optic,Yes,Yes,No,No,Yes,Month-to-month,Yes,Electronic check,67.41,4822.1,No
CUST03000,Female,0,No,Yes,2,Yes,DSL,No,Yes,No,No,No,One year,No,Bank transfer,81.77,112.37,No
CUST03001,Female,0,No,Yes,14,Yes,DSL,No,Yes,No,Yes,No,Month-to-month,Yes,Mailed check,50.68,755.36,No
CUST03002,Female,0,Yes,No,48,Yes,Fiber optic,Yes,Yes,No,No,Yes,One year,Yes,Electronic check,48.96,2368.7,Yes
CUST03003,Female,0,Yes,No,16,Yes,DSL,No,Yes,Yes,Yes,No,One year,Yes,Credit card,66.98,1020.35,No
CUST03004,Female,1,Yes,No,27,Yes,Fiber optic,Yes,No,No,Yes,No,One year,Yes,Credit card,96.39,2568.81,Yes
CUST03005,Female,0,No,Yes,21,Yes,Fiber optic,Yes,No,Yes,Yes,No,Month-to-month,Yes,Mailed check,76.05,1753.71,Yes
CUST03006,Male,0,Yes,Yes,59,No,No,No internet service,No internet service,No internet service,No internet service,No internet service,Month-to-month,Yes,Mailed check,121.37,7098.06,No
CUST03007,Female,0,Yes,No,57,No,Fiber optic,Yes,Yes,Yes,No,Yes,Two year,Yes,Bank transfer,88.12,5008.17,No
CUST03008,Male,0,No,Yes,58,Yes,Fiber optic,Yes,No,No,No,No,Two year,No,Credit card,62.57,3675.38,Yes
CUST03009,Female,0,No,No,36,Yes,Fiber optic,No,No,No,No,No,One year,Yes,Credit card,18.0,653.63,No
CUST03010,Female,1,No,No,35,Yes,Fiber optic,Yes,No,Yes,No,No,Month-to-month,Yes,Credit card,35.23,1281.77,Yes
CUST03011,Male,0,No,No,41,Yes,Fiber optic,Yes,No,Yes,No,Yes,Month-to-month,Yes,Electronic check,67.37,2850.06,Yes
CUST03012,Female,0,Yes,No,4,No,Fiber optic,Yes,No,Yes,No,No,One year,Yes,Electronic check,34.88,254.66,Yes
CUST03013,Male,0,No,No,39,Yes,Fiber optic,No,Yes,Yes,Yes,Yes,Month-to-month,Yes,Electronic check,69.18,2701.63,No
CUST03014,Female,0,No,No,20,Yes,No,No internet service,No internet service,No internet service,No internet service,No internet service,Two year,Yes,Mailed check,79.58,1624.02,No
CUST03015,Male,0,Yes,No,68,Yes,Fiber optic,Yes,Yes,No,No,Yes,Two year,Yes,Electronic check,66.68,4551.05,No
CUST03016,Male,0,Yes,No,13,Yes,DSL,No,No,Yes,No,Yes,Month-to-month,Yes,Credit card,67.22,802.24,No
CUST03017,Female,0,Yes,No,2,Yes,Fiber optic,Yes,Yes,No,Yes,No,Month-to-month,Yes,Bank transfer,122.94,261.48,Yes
CUST03018,Male,0,No,Yes,70,Yes,No,No internet service,No internet service,No internet service,No internet service,No internet service,Month-to-month,Yes,Electronic check,75.64,5163.01,No
CUST03019,Female,1,No,Yes,11,Yes,No,No internet service,No internet service,No internet service,No internet service,No internet service,Month-to-month,Yes,Credit card,70.56,806.15,No
CUST03020,Female,0,No,No,37,Yes,DSL,No,No,No,No,No,Month-to-month,Yes,Bank transfer,49.14,1647.61,No
CUST03021,Male,1,No,No,27,Yes,Fiber optic,No,Yes,No,Yes,Yes,One year,No,Mailed check,73.92,1916.69,No
CUST03022,Male,0,Yes,No,19,No,No,No internet service,No internet service,No internet service,No internet service,No internet service,Month-to-month,No,Mailed check,62.04,1247.19,No
CUST03023,Male,0,No,No,35,Yes,DSL,Yes,No,No,No,No,Month-to-month,No,Bank transfer,119.04,4203.61,No
CUST03024,Male,1,No,No,53,Yes,Fiber optic,No,No,No,No,No,Month-to-month,Yes,Bank transfer,88.23,4674.82,Yes
CUST03025,Male,0,No,No,8,Yes,DSL,No,Yes,No,Yes,Yes,Month-to-month,Yes,Credit card,109.51,840.04,Yes
CUST03026,Female,0,Yes,No,48,Yes,No,No internet service,No internet service,No internet service,No internet service,No internet service,Month-to-month,No,Credit card,79.21,3732.92,No
CUST03027,Male,0,No,Yes,65,Yes,DSL,No,Yes,No,No,Yes,Two year,Yes,Credit card,105.15,6789.05,No
CUST03028,Female,0,No,No,21,Yes,Fiber optic,Yes,No,No,No,No,Month-to-month,No,Bank transfer,48.98,1083.4,Yes
CUST03029,Male,1,Yes,Yes,49,Yes,DSL,Yes,No,Yes,Yes,Yes,Two year,No,Credit card,80.24,,No
CUST03030,Female,0,No,Yes,67,Yes,DSL,No,Yes,Yes,No,Yes,Month-to-month,Yes,Mailed check,52.27,3335.31,No
CUST03031,Female,0,Yes,Yes,68,No,DSL,Yes,Yes,Yes,Yes,Yes,One year,Yes,Credit card,63.01,4186.16,No
CUST03032,Male,0,Yes,No,47,Yes,DSL,No,No,No,No,No,Month-to-month,Yes,Bank transfer,,3461.92,No
CUST03033,Female,0,No,No,68,Yes,No,No internet service,No internet service,No internet service,No internet service,No internet service,Month-to-month,Yes,Bank transfer,50.07,3383.61,No
CUST03034,Male,0,Yes,No,56,Yes,DSL,Yes,No,Yes,Yes,Yes,Month-to-month,No,Electronic check,37.45,2073.72,No
CUST03035,Male,1,No,No,37,Yes,DSL,No,No,Yes,No,No,One year,Yes,Credit card,98.59,3563.36,No
CUST03036,Female,0,No,No,9,Yes,No,No internet service,No internet service,No internet service,No internet service,No internet service,Month-to-month,Yes,Electronic check,31.98,337.01,Yes
CUST03037,Female,1,Yes,No,62,Yes,Fiber optic,No,Yes,No,Yes,Yes,Month-to-month,Yes,Electronic check,116.25,7049.11,No
CUST03038,Male,0,Yes,Yes,20,Yes,Fiber optic,No,Yes,Yes,No,Yes,Month-to-month,No,Bank transfer,53.61,1012.51,No
CUST03039,Male,0,Yes,No,53,No,DSL,No,No,Yes,No,Yes,One year,Yes,Mailed check,88.16,4735.25,Yes
CUST03040,Male,0,Yes,No,47,Yes,No,No internet service,No internet service,No internet service,No internet service,No internet service,Month-to-month,Yes,Credit card,89.63,4255.81,No
CUST03041,Male,0,No,No,26,Yes,Fiber optic,No,No,No,Yes,Yes,Month-to-month,No,Electronic check,46.36,1183.76,No
CUST03042,Male,1,Yes,Yes,56,Yes,DSL,Yes,No,Yes,No,Yes,One year,No,Bank transfer,85.5,4863.1,No
CUST03043,Male,0,No,Yes,47,Yes,Fiber optic,No,Yes,No,Yes,No,Month-to-month,No,Electronic check,78.29,3700.47,Yes
CUST03044,Female,0,Yes,No,54,Yes,Fiber optic,No,No,Yes,Yes,No,Month-to-month,No,Bank transfer,89.78,4853.77,No
CUST03045,Male,0,Yes,No,69,Yes,Fiber optic,Yes,Yes,Yes,No,Yes,Month-to-month,No,Mailed check,104.24,7240.62,Yes
CUST03046,Female,0,No,No,20,Yes,Fiber optic,Yes,No,Yes,No,No,One year,No,Electronic check,94.34,1919.3,Yes
CUST03047,Female,0,No,No,55,Yes,Fiber optic,Yes,No,Yes,Yes,No,Two year,No,Mailed check,52.29,2982.48,Yes
CUST03048,Female,1,No,No,2,No,Fiber optic,Yes,No,Yes,No,No,One year,Yes,Electronic check,70.6,119.14,Yes
CUST03049,Male,0,No,No,51,Yes,DSL,Yes,Yes,No,No,Yes,Two year,No,Credit card,53.4,2703.97,No
CUST03050,Female,0,No,No,11,Yes,Fiber optic,Yes,No,No,No,No,One year,No,Mailed check,59.6,671.35,No
CUST03051,Female,0,Yes,Yes,16,Yes,DSL,Yes,Yes,Yes,Yes,No,Month-to-month,Yes,Electronic check,86.2,1380.91,Yes
CUST03052,Male,0,Yes,No,14,Yes,Fiber optic,No,Yes,No,Yes,No,Two year,No,Credit card,89.13,1396.37,No
CUST03053,Female,0,No,No,60,Yes,DSL,Yes,No,Yes,No,Yes,Month-to-month,No,Bank transfer,88.55,5354.95,No
CUST03054,Male,0,Yes,No,27,Yes,Fiber optic,Yes,Yes,Yes,Yes,Yes,Two year,Yes,Mailed check,81.2,2134.55,No
CUST03055,Female,0,No,No,28,Yes,Fiber optic,No,No,Yes,No,Yes,Month-to-month,Yes,Mailed check,85.02,2261.28,Yes
CUST03056,Male,0,No,Yes,26,Yes,Fiber optic,No,Yes,No,Yes,No,One year,Yes,Credit card,62.63,1754.06,No
CUST03057,Female,1,No,No,45,Yes,No,No internet service,No internet service,No internet service,No internet service,No internet service,Two year,No,Mailed check,107.78,4820.1,No
CUST03058,Male,1,No,No,66,Yes,Fiber optic,Yes,No,Yes,Yes,Yes,Two year,No,Electronic check,90.7,6012.65,No
CUST03059,Male,0,No,No,49,Yes,No,No internet service,No internet service,No internet service,No internet service,No internet service,Two year,Yes,Bank transfer,73.47,3598.54,No
CUST03060,Male,0,Yes,No,7,Yes,No,No internet service,No internet service,No internet service,No internet service,No internet service,Two year,No,Mailed check,102.16,779.64,No
CUST03061,Male,0,No,No,37,Yes,No,No internet service,No internet service,No internet service,No internet service,No internet service,Month-to-month,No,Electronic check,61.12,2217.2,Yes
CUST03062,Male,0,No,No,7,No,DSL,Yes,No,No,No,No,Month-to-month,No,Electronic check,76.99,548.44,Yes
CUST03063,Male,0,Yes,No,12,Yes,DSL,Yes,No,No,Yes,Yes,Month-to-month,Yes,Mailed check,96.37,1112.79,No
CUST03064,Male,0,No,Yes,14,Yes,Fiber optic,Yes,No,Yes,No,Yes,Month-to-month,Yes,Credit card,43.55,832.23,Yes
CUST03065,Female,0,Yes,No,50,Yes,DSL,No,Yes,Yes,No,No,Month-to-month,Yes,Credit card,129.57,6418.28,No
CUST03066,Female,1,Yes,Yes,63,Yes,Fiber optic,No,Yes,No,No,No,Month-to-month,Yes,Electronic check,59.28,3779.45,Yes
CUST03067,Female,1,No,No,18,Yes,DSL,No,Yes,Yes,Yes,Yes,Two year,Yes,Electronic check,62.69,1356.05,No
CUST03068,Female,0,No,No,68,Yes,Fiber optic,Yes,Yes,Yes,Yes,No,One year,Yes,Electronic check,74.5,5153.89,Yes
CUST03069,Male,0,Yes,No,19,No,DSL,Yes,No,No,No,No,Month-to-month,No,Electronic check,92.5,1755.8,Yes
CUST03070,Male,0,No,No,22,Yes,No,No internet service,No internet service,No internet service,No internet service,No internet service,One year,No,Electronic check,94.89,2100.94,No
CUST03071,Male,0,Yes,No,9,Yes,Fiber optic,Yes,Yes,No,No,No,One year,Yes,Bank transfer,111.48,938.3,No
CUST03072,Male,0,Yes,No,3,Yes,DSL,Yes,Yes,No,Yes,Yes,Two year,No,Electronic check,72.4,351.59,No
CUST03073,Male,1,Yes,No,45,Yes,Fiber optic,Yes,Yes,No,Yes,No,Month-to-month,Yes,Bank transfer,82.25,3683.19,No
CUST03074,Female,0,No,No,29,No,Fiber optic,Yes,No,Yes,Yes,No,One year,Yes,Mailed check,35.55,1025.07,No
CUST03075,Female,0,Yes,No,8,Yes,No,No internet service,No internet service,No internet service,No internet service,No internet service,Month-to-month,Yes,Bank transfer,47.23,307.58,Yes
CUST03076,Female,0,Yes,No,41,Yes,Fiber optic,Yes,Yes,No,No,Yes,Two year,Yes,Credit card,71.72,2915.53,No
CUST03077,Male,0,No,Yes,25,Yes,Fiber optic,No,No,No,Yes,Yes,Two year,No,Credit card,82.95,2078.98,No
CUST03078,Female,0,Yes,No,28,Yes,DSL,Yes,No,Yes,Yes,Yes,Month-to-month,Yes,Credit card,72.85,2126.96,No
CUST03079,Male,0,Yes,No,64,Yes,Fiber optic,Yes,No,No,Yes,No,Month-to-month,Yes,Bank transfer,87.11,5596.34,No
CUST03080,Male,0,Yes,No,29,Yes,DSL,No,No,Yes,No,No,Month-to-month,Yes,Bank transfer,72.58,2192.41,No
CUST03081,Male,0,No,No,33,Yes,No,No internet service,No internet service,No internet service,No internet service,No internet service,Month-to-month,No,Bank transfer,68.15,2066.17,No
CUST03082,Female,0,No,No,50,Yes,Fiber optic,Yes,Yes,Yes,Yes,No,Month-to-month,Yes,Credit card,134.01,6812.55,No
CUST03083,Male,0,No,No,65,Yes,No,No internet service,No internet service,No internet service,No internet service,No internet service,Two year,No,Mailed check,67.42,4274.99,No
CUST03084,Male,0,Yes,Yes,53,Yes,No,No internet service,No internet service,No internet service,No internet service,No internet service,Month-to-month,Yes,Mailed check,99.31,5324.96,Yes
CUST03085,Male,1,Yes,Yes,35,Yes,DSL,No,Yes,No,No,Yes,Month-to-month,Yes,Mailed check,41.36,1198.94,Yes
CUST03086,Male,0,No,No,22,Yes,DSL,No,No,Yes,No,No,One year,Yes,Credit card,77.08,1701.02,No
CUST03087,Male,0,Yes,No,13,Yes,DSL,Yes,No,No,No,No,One year,No,Electronic check,57.14,818.63,No
CUST03088,Male,0,Yes,No,9,Yes,DSL,Yes,Yes,Yes,Yes,Yes,Month-to-month,No,Electronic check,123.5,1044.19,No
CUST03089,Male,0,Yes,No,55,Yes,DSL,Yes,Yes,Yes,Yes,Yes,Two year,Yes,Mailed check,60.06,3306.17,No
CUST03090,Male,0,Yes,No,53,Yes,No,No internet service,No internet service,No internet service,No internet service,No internet service,One year,Yes,Mailed check,73.23,3955.3,No
CUST03091,Male,0,Yes,No,25,Yes,Fiber optic,No,No,No,No,No,Month-to-month,Yes,Bank transfer,53.41,1393.99,Yes
CUST03092,Male,0,No,No,68,Yes,Fiber optic,Yes,No,Yes,No,No,Month-to-month,No,Electronic check,51.91,3405.11,No
CUST03093,Female,1,No,No,70,Yes,Fiber optic,Yes,Yes,Yes,No,No,One year,No,Electronic check,72.1,5126.91,No
CUST03094,Male,0,No,No,45,Yes,DSL,No,No,No,Yes,Yes,Month-to-month,Yes,Credit card,83.06,3874.39,No
CUST03095,Female,0,Yes,No,19,Yes,Fiber optic,No,No,Yes,Yes,No,Month-to-month,Yes,Bank transfer,100.44,2005.57,Yes
CUST03096,Female,1,No,No,36,No,DSL,Yes,Yes,Yes,Yes,No,Month-to-month,Yes,Mailed check,59.52,2044.29,No
CUST03097,Male,0,No,No,60,Yes,No,No internet service,No internet service,No internet service,No internet service,No internet service,Two year,No,Credit card,59.11,3459.76,No
CUST03098,Male,0,No,No,37,Yes,Fiber optic,Yes,No,Yes,Yes,Yes,One year,Yes,Electronic check,106.13,3932.9,No
CUST03099,Male,0,Yes,No,36,Yes,DSL,Yes,Yes,Yes,Yes,No,Two year,Yes,Bank transfer,113.85,4145.44,No
CUST03100,Male,0,No,Yes,38,Yes,Fiber optic,Yes,No,Yes,No,Yes,Month-to-month,No,Electronic check,71.9,2801.87,Yes
CUST03101,Male,0,Yes,No,61,No,Fiber optic,No,Yes,Yes,No,Yes,Two year,Yes,Bank transfer,85.64,5160.69,No
CUST03102,Male,0,No,No,29,Yes,DSL,No,Yes,No,No,Yes,Month-to-month,No,Mailed check,115.74,3350.51,No
CUST03103,Male,0,No,No,13,Yes,DSL,No,No,Yes,No,Yes,Two year,Yes,Electronic check,140.22,1757.4,No
CUST03104,Male,1,No,No,37,Yes,DSL,No,Yes,Yes,Yes,Yes,One year,No,Bank transfer,84.47,3044.85,No
CUST03105,Female,0,No,No,46,Yes,No,No internet service,No internet service,No internet service,No internet service,No internet service,One year,Yes,Mailed check,92.83,4302.69,No
CUST03106,Male,0,No,No,68,Yes,No,No internet service,No internet service,No internet service,No internet service,No internet service,Two year,Yes,Bank transfer,77.32,5251.89,No
CUST03107,Female,0,No,No,8,Yes,Fiber optic,Yes,No,Yes,Yes,Yes,Two year,No,Credit card,37.0,332.44,No
CUST03108,Male,0,Yes,Yes,68,Yes,DSL,No,Yes,No,No,Yes,Month-to-month,No,Credit card,82.66,5575.14,No
CUST03109,Female,0,Yes,No,58,Yes,DSL,No,Yes,Yes,No,Yes,Month-to-month,Yes,Mailed check,108.28,6333.81,No
CUST03110,Male,0,No,No,51,Yes,Fiber optic,No,Yes,No,No,No,One year,No,Bank transfer,55.17,2723.47,No
CUST03111,Female,1,No,No,17,Yes,DSL,Yes,No,Yes,No,Yes,Month-to-month,Yes,Bank transfer,27.64,433.45,No
CUST03112,Female,0,No,Yes,15,Yes,Fiber optic,Yes,Yes,No,No,Yes,Month-to-month,Yes,Mailed check,88.77,1243.01,Yes
CUST03113,Male,0,Yes,Yes,31,No,DSL,No,No,No,Yes,Yes,Month-to-month,Yes,Electronic check,30.09,955.55,No
CUST03114,Female,0,No,No,13,Yes,DSL,Yes,Yes,Yes,Yes,Yes,Month-to-month,Yes,Bank transfer,34.7,596.1,Yes
CUST03115,Male,0,Yes,Yes,47,Yes,Fiber optic,No,No,Yes,No,Yes,One year,Yes,Mailed check,33.14,1587.07,Yes
CUST03116,Male,0,Yes,Yes,54,Yes,DSL,Yes,Yes,No,Yes,No,Month-to-month,No,Credit card,23.93,1284.08,No
CUST03117,Female,0,Yes,No,34,Yes,Fiber optic,,Yes,No,No,No,Month-to-month,No,Mailed check,100.43,3398.82,Yes
CUST03118,Female,0,Yes,No,50,No,Fiber optic,No,No,Yes,No,No,Month-to-month,Yes,Mailed check,77.46,3826.6,No
CUST03119,Male,0,No,No,56,Yes,Fiber optic,No,Yes,No,Yes,No,Two year,No,Electronic check,125.42,7111.93,No
CUST03120,Female,0,Yes,No,66,Yes,No,No internet service,No internet service,No internet service,No internet service,No internet service,Month-to-month,Yes,Mailed check,92.37,6129.37,No
CUST03121,Female,0,Yes,No,50,Yes,Fiber optic,No,No,Yes,Yes,Yes,Two year,Yes,Credit card,125.54,6143.12,No
CUST03122,Female,0,No,No,17,Yes,Fiber optic,No,No,No,No,No,Two year,Yes,Bank transfer,57.9,1071.36,No
CUST03123,Male,0,Yes,No,9,Yes,Fiber optic,No,Yes,No,No,No,Month-to-month,Yes,Bank transfer,83.06,677.9,Yes
CUST03124,Female,0,Yes,Yes,68,Yes,No,No internet service,No internet service,No internet service,No internet service,No internet service,One year,No,Bank transfer,42.15,2813.73,No
CUST03125,Male,0,Yes,No,56,Yes,Fiber optic,No,Yes,No,No,No,Month-to-month,Yes,Mailed check,67.07,3788.1,Yes
CUST03126,Female,0,Yes,No,62,Yes,Fiber optic,Yes,No,No,Yes,Yes,Month-to-month,No,Credit card,109.86,6763.46,No
CUST03127,Female,1,No,Yes,30,Yes,DSL,Yes,Yes,No,Yes,No,Month-to-month,Yes,Mailed check,72.99,2369.13,Yes
CUST03128,Female,0,Yes,No,11,Yes,Fiber optic,Yes,No,Yes,No,Yes,One year,Yes,Mailed check,68.13,730.35,No
CUST03129,Female,0,Yes,No,43,Yes,Fiber optic,Yes,No,Yes,Yes,Yes,Two year,Yes,Bank transfer,73.45,3209.0,No
CUST03130,Female,1,Yes,No,46,Yes,No,No internet service,No internet service,No internet service,No internet service,No internet service,Month-to-month,No,Bank transfer,77.59,3445.58,No
CUST03131,Male,0,Yes,No,15,Yes,Fiber optic,No,Yes,No,No,No,Month-to-month,Yes,Mailed check,77.62,1115.0,Yes
CUST03132,Male,0,Yes,No,34,Yes,DSL,Yes,Yes,Yes,No,Yes,One year,Yes,Bank transfer,107.33,3638.75,No
CUST03133,Female,0,Yes,No,30,No,Fiber optic,Yes,No,Yes,No,Yes,Month-to-month,Yes,Credit card,55.97,,No
CUST03134,Male,0,Yes,No,18,Yes,No,No internet service,No internet service,No internet service,No internet service,No internet service,Month-to-month,No,Bank transfer,68.83,1152.84,No
CUST03135,Female,0,Yes,Yes,59,Yes,No,No internet service,No internet service,No internet service,No internet service,No internet service,Month-to-month,Yes,Mailed check,76.45,4606.5,No
CUST03136,Male,1,No,Yes,35,Yes,Fiber optic,No,Yes,Yes,No,Yes,One year,No,Electronic check,51.41,1809.54,No
CUST03137,Female,0,Yes,Yes,67,Yes,DSL,No,No,Yes,No,Yes,Month-to-month,Yes,Credit card,62.83,4235.81,No
CUST03138,Male,0,Yes,No,0,Yes,No,No internet service,No internet service,No internet service,No internet service,No internet service,Month-to-month,Yes,Credit card,93.16,0.0,Yes
CUST03139,Male,0,No,Yes,68,Yes,No,No internet service,No internet service,No internet service,No internet service,No internet service,Month-to-month,No,Bank transfer,53.4,3553.99,No
CUST03140,Male,1,Yes,Yes,48,Yes,No,No internet service,No internet service,No internet service,No internet service,No internet service,Month-to-month,Yes,Electronic check,143.34,6706.13,Yes
CUST03141,Male,0,No,No,51,Yes,Fiber optic,Yes,No,No,No,No,Month-to-month,Yes,Credit card,114.92,5884.89,Yes
CUST03142,Male,1,Yes,No,21,Yes,DSL,No,No,Yes,No,No,Month-to-month,No,Electronic check,78.42,1697.0,No
CUST03143,Male,0,Yes,No,5,Yes,No,No internet service,No internet service,No internet service,No internet service,No internet service,One year,Yes,Credit card,88.39,413.0,Yes
CUST03144,Female,0,No,No,16,Yes,DSL,Yes,Yes,Yes,No,Yes,One year,Yes,Bank transfer,93.26,1365.48,No
CUST03145,Female,0,Yes,Yes,32,Yes,DSL,Yes,No,Yes,No,Yes,Month-to-month,Yes,Bank transfer,88.0,2771.51,No
CUST03146,Female,0,Yes,No,24,Yes,Fiber optic,Yes,Yes,Yes,No,No,Two year,No,Electronic check,76.39,1863.21,No
CUST03147,Female,0,No,No,14,Yes,Fiber optic,No,No,Yes,Yes,Yes,Month-to-month,Yes,Mailed check,142.8,2013.92,Yes
CUST03148,Female,1,No,No,0,Yes,Fiber optic,Yes,No,No,Yes,No,Month-to-month,No,Electronic check,56.04,53.76,Yes
CUST03149,Female,0,Yes,No,50,Yes,Fiber optic,Yes,No,Yes,No,Yes,Month-to-month,No,Bank transfer,64.33,3087.11,No
CUST03150,Male,0,No,No,48,Yes,DSL,Yes,No,No,Yes,No,Month-to-month,No,Credit card,75.82,3606.96,No
CUST03151,Female,0,Yes,Yes,11,Yes,Fiber optic,Yes,Yes,Yes,Yes,Yes,Two year,Yes,Credit card,90.13,983.42,Yes
CUST03152,Male,0,No,Yes,57,No,No,No internet service,No internet service,No internet service,No internet service,No internet service,One year,No,Bank transfer,124.29,7135.18,No
CUST03153,Male,0,Yes,Yes,71,Yes,No,No internet service,No internet service,No internet service,No internet service,No internet service,Month-to-month,No,Credit card,73.96,5202.89,No
CUST03154,Female,0,No,No,72,Yes,DSL,No,No,Yes,Yes,Yes,Month-to-month,Yes,Credit card,88.46,6411.91,No
CUST03155,Male,0,Yes,Yes,14,Yes,Fiber optic,Yes,Yes,Yes,No,Yes,Month-to-month,No,Credit card,83.64,1095.01,No
CUST03156,Female,1,No,No,31,No,DSL,Yes,No,No,Yes,Yes,One year,Yes,Electronic check,71.93,2247.19,Yes
CUST03157,Female,0,Yes,Yes,3,Yes,Fiber optic,No,Yes,No,Yes,Yes,Two year,Yes,Credit card,105.04,291.66,No
CUST03158,Female,0,No,No,0,Yes,Fiber optic,Yes,Yes,No,No,No,One year,No,Electronic check,84.71,0.0,No
CUST03159,Female,0,No,No,61,Yes,Fiber optic,Yes,No,Yes,Yes,Yes,Month-to-month,Yes,Mailed check,98.72,6214.97,No
CUST03160,Female,1,No,Yes,70,Yes,DSL,No,No,No,Yes,No,Month-to-month,Yes,Mailed check,,4640.27,Yes
CUST03161,Male,0,No,Yes,14,Yes,No,No internet service,No internet service,No internet service,No internet service,No internet service,Month-to-month,Yes,Credit card,60.48,812.9,Yes
CUST03162,Female,0,Yes,No,33,Yes,No,No internet service,No internet service,No internet service,No internet service,No internet service,Month-to-month,Yes,Electronic check,65.42,2044.89,Yes
CUST03163,Male,0,No,Yes,1,Yes,Fiber optic,No,No,No,Yes,No,Two year,No,Credit card,81.47,160.68,No
CUST03164,Male,0,Yes,Yes,59,Yes,DSL,Yes,No,No,Yes,Yes,Month-to-month,No,Mailed check,101.94,5970.97,Yes
CUST03165,Male,1,No,No,40,Yes,Fiber optic,No,No,No,Yes,No,Two year,No,Electronic check,126.42,5054.24,No
CUST03166,Male,1,No,No,21,Yes,No,No internet service,No internet service,No internet service,No internet service,No internet service,Month-to-month,No,Credit card,78.37,1578.23,No
CUST03167,Female,0,Yes,No,70,Yes,Fiber optic,Yes,Yes,No,Yes,Yes,Month-to-month,Yes,Electronic check,120.58,8473.86,No
CUST03168,Male,0,Yes,No,9,Yes,Fiber optic,No,Yes,Yes,Yes,No,One year,Yes,Mailed check,89.66,881.53,No
CUST03169,Female,0,No,No,19,Yes,DSL,No,Yes,No,Yes,Yes,Month-to-month,No,Mailed check,57.29,1193.2,No
CUST03170,Female,0,No,No,54,Yes,Fiber optic,Yes,No,No,Yes,No,Month-to-month,No,Bank transfer,76.97,4147.05,Yes
CUST03171,Female,1,No,No,29,Yes,DSL,Yes,Yes,No,Yes,No,Month-to-month,No,Electronic check,93.23,2656.19,No
CUST03172,Female,0,No,No,51,Yes,Fiber optic,Yes,Yes,No,No,No,Month-to-month,No,Bank transfer,95.17,4800.98,Yes
CUST03173,Male,0,Yes,No,17,Yes,DSL,Yes,Yes,Yes,Yes,No,Month-to-month,Yes,Electronic check,62.01,1055.58,No
CUST03174,Male,0,No,No,48,Yes,Fiber optic,Yes,No,No,Yes,Yes,Two year,No,Electronic check,65.1,3145.09,No
CUST03175,Female,0,No,No,40,Yes,Fiber optic,Yes,Yes,Yes,No,No,Two year,Yes,Electronic check,65.62,2668.34,Yes
CUST03176,Female,0,No,No,3,Yes,No,No internet service,No internet service,No internet service,No internet service,No internet service,One year,Yes,Electronic check,69.06,139.43,No
CUST03177,Female,0,No,No,23,No,Fiber optic,No,No,Yes,Yes,Yes,Month-to-month,No,Mailed check,81.63,1888.24,No
CUST03178,Male,0,No,No,21,Yes,DSL,Yes,No,No,Yes,No,Month-to-month,No,Bank transfer,121.2,2463.66,No
CUST03179,Male,0,No,Yes,43,Yes,DSL,Yes,No,Yes,No,No,One year,Yes,Bank transfer,63.47,2718.85,No
CUST03180,Male,0,No,No,31,Yes,DSL,No,Yes,Yes,Yes,No,Month-to-month,No,Electronic check,33.01,1134.96,No
CUST03181,Male,1,No,No,34,Yes,Fiber optic,No,Yes,Yes,No,Yes,Month-to-month,No,Mailed check,31.4,1049.36,Yes
CUST03182,Male,0,No,No,12,Yes,Fiber optic,Yes,Yes,No,Yes,No,Month-to-month,Yes,Mailed check,94.42,1062.28,No
CUST03183,Female,0,Yes,No,67,No,Fiber optic,No,No,Yes,Yes,Yes,One year,Yes,Mailed check,60.37,4072.83,No
CUST03184,Male,0,Yes,No,54,Yes,No,No internet service,No internet service,No internet service,No internet service,No internet service,One year,Yes,Bank transfer,80.74,4431.52,No
CUST03185,Female,0,No,No,48,Yes,DSL,Yes,Yes,No,No,Yes,Month-to-month,Yes,Mailed check,56.31,2641.38,No
CUST03186,Female,0,No,No,20,Yes,Fiber optic,Yes,Yes,No,No,Yes,One year,Yes,Mailed check,70.29,1297.4,No
CUST03187,Female,0,No,Yes,49,Yes,DSL,Yes,Yes,Yes,Yes,No,Month-to-month,Yes,Electronic check,65.87,3162.67,Yes
CUST03188,Male,0,No,No,17,Yes,DSL,No,No,Yes,No,No,Month-to-month,Yes,Mailed check,56.83,930.93,Yes
CUST03189,Male,0,Yes,No,35,Yes,Fiber optic,Yes,No,No,No,Yes,Month-to-month,Yes,Credit card,104.91,3793.3,No
CUST03190,Female,1,Yes,Yes,19,Yes,Fiber optic,Yes,No,No,Yes,Yes,One year,Yes,Bank transfer,106.75,1915.93,No
CUST03191,Male,0,No,No,22,Yes,No,No internet service,No internet service,No internet service,No internet service,No internet service,Month-to-month,No,Mailed check,89.99,1844.25,No
CUST03192,Female,0,No,No,47,Yes,DSL,Yes,No,Yes,Yes,Yes,Two year,Yes,Mailed check,125.1,5901.45,No
CUST03193,Female,0,Yes,Yes,22,Yes,Fiber optic,No,No,Yes,No,No,Month-to-month,Yes,Mailed check,41.11,847.48,No
CUST03194,Male,0,Yes,No,53,Yes,No,No internet service,No internet service,No internet service,No internet service,No internet service,Month-to-month,Yes,Bank transfer,68.73,3563.38,Yes
CUST03195,Female,0,Yes,No,36,Yes,No,No internet service,No internet service,No internet service,No internet service,No internet service,One year,No,Credit card,65.27,2401.7,No
CUST03196,Male,1,Yes,No,71,Yes,Fiber optic,No,No,No,No,No,Month-to-month,Yes,Electronic check,91.73,6520.12,Yes
CUST03197,Male,0,No,Yes,14,Yes,Fiber optic,No,Yes,Yes,Yes,No,Month-to-month,No,Bank transfer,42.48,675.15,No
CUST03198,Female,0,Yes,No,68,Yes,Fiber optic,Yes,Yes,Yes,Yes,No,Month-to-month,Yes,Credit card,,6225.68,Yes
CUST03199,Female,0,Yes,No,9,Yes,Fiber optic,Yes,Yes,Yes,Yes,Yes,Month-to-month,Yes,Electronic check,37.93,244.71,Yes
CUST03200,Male,0,No,No,40,Yes,DSL,No,No,Yes,No,Yes,Month-to-month,Yes,Bank transfer,92.7,3573.66,Yes
CUST03201,Female,0,No,Yes,27,Yes,Fiber optic,Yes,No,No,Yes,No,Month-to-month,No,Bank transfer,102.87,2867.02,Yes
CUST03202,Female,0,No,Yes,54,Yes,DSL,Yes,Yes,No,No,Yes,Month-to-month,No,Credit card,45.7,2457.86,No
CUST03203,Female,0,Yes,No,9,Yes,Fiber optic,Yes,No,No,Yes,No,Two year,Yes,Mailed check,64.82,824.56,No
CUST03204,Male,0,Yes,No,18,Yes,Fiber optic,Yes,No,No,Yes,No,Two year,No,Credit card,103.76,1945.04,No
CUST03205,Male,0,Yes,Yes,16,No,DSL,No,No,Yes,Yes,No,Month-to-month,Yes,Electronic check,108.8,1850.5,Yes
CUST03206,Female,0,No,No,67,Yes,Fiber optic,No,Yes,Yes,Yes,Yes,Two year,Yes,Bank transfer,38.31,2491.23,No
CUST03207,Female,0,Yes,No,39,Yes,DSL,Yes,No,No,No,Yes,Month-to-month,No,Mailed check,83.42,3246.68,No
CUST03208,Female,0,No,No,11,Yes,No,No internet service,No internet service,No internet service,No internet service,No internet service,Two year,Yes,Bank transfer,90.34,1058.43,No
CUST03209,Male,0,No,No,57,Yes,No,No internet service,No internet service,No internet service,No internet service,No internet service,Two year,No,Bank transfer,73.77,4198.16,Yes
CUST03210,Male,0,No,No,20,Yes,DSL,No,No,No,No,No,One year,Yes,Mailed check,109.9,2202.48,No
CUST03211,Female,1,Yes,No,16,Yes,DSL,Yes,Yes,Yes,No,Yes,Month-to-month,Yes,Credit card,60.33,984.76,Yes
CUST03212,Male,0,Yes,No,36,Yes,No,No internet service,No internet service,No internet service,No internet service,No internet service,Two year,Yes,Mailed check,63.63,2232.76,No
CUST03213,Male,0,No,No,57,Yes,No,No internet service,No internet service,No internet service,No internet service,No internet service,Month-to-month,No,Mailed check,57.52,3207.96,No
CUST03214,Female,1,Yes,Yes,61,Yes,No,No internet service,No internet service,No internet service,No internet service,No internet service,Month-to-month,No,Bank transfer,80.14,4873.88,No
CUST03215,Female,0,No,No,1,Yes,Fiber optic,No,Yes,Yes,No,Yes,Two year,No,Bank transfer,67.28,34.12,No
CUST03216,Male,0,Yes,No,65,Yes,DSL,No,No,No,No,No,Month-to-month,No,Bank transfer,95.81,6157.45,Yes
CUST03217,Male,0,No,No,72,Yes,No,No internet service,No internet service,No internet service,No internet service,No internet service,Month-to-month,No,Electronic check,65.31,4692.18,No
CUST03218,Male,0,No,Yes,23,Yes,Fiber optic,,No,Yes,No,No,One year,Yes,Credit card,69.86,1502.31,No
CUST03219,Female,0,Yes,No,37,Yes,Fiber optic,Yes,Yes,Yes,No,Yes,Two year,No,Mailed check,80.32,3032.83,No
CUST03220,Male,0,No,No,27,Yes,Fiber optic,No,No,Yes,No,No,Month-to-month,Yes,Bank transfer,54.56,1520.29,No
CUST03221,Female,0,No,No,34,Yes,Fiber optic,No,Yes,Yes,No,No,Two year,Yes,Electronic check,100.74,3479.85,Yes
CUST03222,Male,0,No,No,47,Yes,DSL,No,No,Yes,Yes,No,Month-to-month,No,Electronic check,92.47,4279.0,No
CUST03223,Female,0,Yes,No,47,Yes,No,No internet service,No internet service,No internet service,No internet service,No internet service,One year,Yes,Bank transfer,91.66,4230.79,No
CUST03224,Female,0,Yes,Yes,34,Yes,Fiber optic,No,Yes,No,Yes,No,Month-to-month,Yes,Electronic check,49.82,1799.58,No
CUST03225,Female,0,No,Yes,34,Yes,DSL,Yes,No,No,No,Yes,Month-to-month,No,Bank transfer,113.98,3859.67,No
CUST03226,Female,0,Yes,No,35,Yes,DSL,Yes,No,No,Yes,No,Month-to-month,No,Electronic check,29.05,1062.36,Yes
CUST03227,Female,0,No,Yes,29,Yes,Fiber optic,Yes,No,Yes,Yes,No,Month-to-month,Yes,Mailed check,93.86,2629.74,No
CUST03228,Male,0,Yes,No,8,Yes,Fiber optic,No,No,Yes,Yes,No,Month-to-month,Yes,Credit card,78.85,607.93,Yes
CUST03229,Female,0,No,No,27,Yes,DSL,Yes,No,Yes,No,No,One year,Yes,Bank transfer,92.05,2580.69,No
CUST03230,Female,0,Yes,No,52,Yes,Fiber optic,No,No,No,Yes,No,Month-to-month,Yes,Mailed check,69.99,3650.17,No
CUST03231,Female,0,No,No,71,Yes,Fiber optic,No,No,No,No,Yes,One year,Yes,Electronic check,77.49,5481.81,Yes
CUST03232,Male,1,Yes,No,59,Yes,Fiber optic,No,No,Yes,Yes,Yes,Two year,No,Credit card,92.88,,No
CUST03233,Female,0,Yes,No,62,Yes,No,No internet service,No internet service,No internet service,No internet service,No internet service,One year,Yes,Bank transfer,75.36,4697.6,No
CUST03234,Male,0,Yes,Yes,57,Yes,DSL,No,No,No,Yes,No,Two year,Yes,Mailed check,80.78,4771.22,No
CUST03235,Female,0,No,Yes,36,Yes,No,No internet service,No internet service,No internet service,No internet service,No internet service,One year,Yes,Credit card,81.59,2940.51,No
CUST03236,Female,1,Yes,No,49,Yes,Fiber optic,Yes,Yes,Yes,No,Yes,Two year,No,Credit card,130.25,6434.05,No
CUST03237,Male,0,No,No,61,Yes,DSL,No,No,No,Yes,Yes,Two year,No,Bank transfer,35.46,2152.27,No
CUST03238,Female,0,Yes,No,16,Yes,DSL,Yes,Yes,Yes,No,No,Month-to-month,No,Mailed check,107.81,1645.86,No
CUST03239,Female,0,No,No,10,Yes,No,No internet service,No internet service,No internet service,No internet service,No internet service,One year,No,Bank transfer,86.72,900.94,No
CUST03240,Male,0,No,No,19,Yes,DSL,No,Yes,Yes,No,Yes,One year,Yes,Credit card,83.62,1471.47,No
CUST03241,Male,1,Yes,Yes,38,Yes,DSL,Yes,Yes,Yes,No,Yes,One year,Yes,Mailed check,43.61,1736.11,No
CUST03242,Male,0,Yes,Yes,57,Yes,Fiber optic,Yes,No,Yes,Yes,No,Month-to-month,Yes,Bank transfer,104.22,5835.2,No
CUST03243,Female,0,Yes,No,32,Yes,Fiber optic,Yes,No,No,Yes,Yes,Month-to-month,Yes,Bank transfer,47.07,1435.4,Yes
CUST03244,Female,0,No,No,71,Yes,Fiber optic,Yes,Yes,No,Yes,Yes,Two year,Yes,Mailed check,112.22,7890.11,No
CUST03245,Female,0,No,No,23,No,DSL,Yes,No,No,No,Yes,Two year,No,Electronic check,61.81,1471.3,No
CUST03246,Female,0,Yes,No,33,Yes,Fiber optic,No,No,No,No,No,Month-to-month,Yes,Bank transfer,112.22,3613.69,Yes
CUST03247,Female,0,No,No,67,Yes,No,No internet service,No internet service,No internet service,No internet service,No internet service,Month-to-month,Yes,Electronic check,57.66,3903.97,Yes
CUST03248,Male,0,No,No,12,Yes,No,No internet service,No internet service,No internet service,No internet service,No internet service,Month-to-month,Yes,Mailed check,52.06,570.82,Yes
CUST03249,Male,0,No,Yes,60,Yes,No,No internet service,No internet service,No internet service,No internet service,No internet service,One year,Yes,Mailed check,72.94,4367.04,No
CUST03250,Male,0,No,Yes,11,Yes,Fiber optic,Yes,No,No,No,No,Month-to-month,Yes,Electronic check,56.79,581.75,Yes
CUST03251,Male,0,No,Yes,66,Yes,DSL,,Yes,Yes,Yes,Yes,Two year,No,Mailed check,69.44,4769.2,No
CUST03252,Female,1,No,Yes,23,Yes,DSL,Yes,No,No,No,No,Month-to-month,Yes,Mailed check,117.5,2569.39,Yes
CUST03253,Male,0,No,No,46,Yes,No,No internet service,No internet service,No internet service,No internet service,No internet service,Month-to-month,No,Electronic check,61.5,2868.17,No
CUST03254,Male,0,Yes,No,51,Yes,Fiber optic,Yes,No,No,Yes,No,Month-to-month,No,Mailed check,79.69,4063.42,No
CUST03255,Male,0,No,Yes,27,No,Fiber optic,Yes,Yes,No,No,No,One year,Yes,Bank transfer,115.13,3046.13,Yes
CUST03256,Male,0,No,Yes,40,Yes,Fiber optic,No,No,Yes,Yes,No,One year,Yes,Mailed check,81.29,3283.18,Yes
CUST03257,Male,0,No,Yes,55,Yes,Fiber optic,No,Yes,No,Yes,No,One year,Yes,Mailed check,103.48,5614.57,No
CUST03258,Male,0,Yes,Yes,63,Yes,Fiber optic,Yes,No,Yes,Yes,Yes,Month-to-month,No,Bank transfer,89.24,5536.22,Yes
CUST03259,Female,0,No,Yes,7,Yes,Fiber optic,No,Yes,No,Yes,Yes,Month-to-month,No,Electronic check,100.3,610.37,Yes
CUST03260,Male,0,Yes,Yes,36,Yes,Fiber optic,Yes,Yes,Yes,Yes,Yes,Month-to-month,Yes,Credit card,73.65,2657.99,Yes
CUST03261,Male,0,No,Yes,62,No,DSL,No,Yes,Yes,No,No,Month-to-month,Yes,Electronic check,89.87,5523.98,Yes
CUST03262,Male,0,Yes,No,40,Yes,DSL,No,Yes,No,Yes,Yes,Month-to-month,No,Mailed check,120.52,4751.45,No
CUST03263,Female,0,No,No,2,Yes,DSL,No,No,No,No,Yes,Month-to-month,Yes,Credit card,67.05,161.54,No
CUST03264,Female,0,Yes,Yes,9,Yes,No,No internet service,No internet service,No internet service,No internet service,No internet service,Two year,Yes,Credit card,85.78,858.28,No
CUST03265,Female,0,Yes,No,59,Yes,No,No internet service,No internet service,No internet service,No internet service,No internet service,Month-to-month,No,Mailed check,58.35,3329.14,Yes
CUST03266,Female,0,Yes,Yes,30,Yes,Fiber optic,No,No,No,No,No,One year,No,Mailed check,101.23,3063.37,No
CUST03267,Female,0,Yes,No,51,Yes,No,No internet service,No internet service,No internet service,No internet service,No internet service,Month-to-month,No,Credit card,33.55,1752.95,No
CUST03268,Female,1,Yes,No,65,No,DSL,Yes,Yes,No,Yes,Yes,Month-to-month,No,Mailed check,67.9,4515.4,No
CUST03269,Male,0,No,No,6,Yes,DSL,No,No,Yes,Yes,Yes,Month-to-month,No,Electronic check,100.46,579.6,Yes
CUST03270,Female,0,No,No,33,No,DSL,Yes,Yes,No,No,No,Month-to-month,Yes,Mailed check,71.48,2482.42,No
CUST03271,Male,0,No,No,10,Yes,DSL,Yes,No,No,No,Yes,Month-to-month,Yes,Electronic check,30.52,351.9,Yes
CUST03272,Male,0,No,Yes,61,Yes,Fiber optic,Yes,No,No,Yes,Yes,Two year,Yes,Credit card,56.02,3266.89,No
CUST03273,Female,0,Yes,No,33,Yes,DSL,No,No,Yes,Yes,Yes,Month-to-month,No,Electronic check,58.18,1943.96,Yes
CUST03274,Male,0,No,No,63,Yes,No,No internet service,No internet service,No internet service,No internet service,No internet service,Month-to-month,No,Electronic check,114.62,7219.66,No
CUST03275,Male,0,No,No,21,Yes,Fiber optic,No,Yes,Yes,No,Yes,Two year,No,Bank transfer,95.03,2074.35,No
CUST03276,Female,0,Yes,Yes,10,Yes,DSL,Yes,No,Yes,Yes,No,Month-to-month,Yes,Mailed check,97.58,1070.18,Yes
CUST03277,Male,0,No,No,63,Yes,No,No internet service,No internet service,No internet service,No internet service,No internet service,One year,Yes,Bank transfer,44.47,2723.88,Yes
CUST03278,Male,0,No,No,44,Yes,No,No internet service,No internet service,No internet service,No internet service,No internet service,One year,Yes,Bank transfer,75.34,3387.46,No
CUST03279,Female,0,No,No,14,Yes,Fiber optic,No,No,Yes,No,No,Month-to-month,No,Bank transfer,114.14,1587.63,No
CUST03280,Female,0,No,No,50,Yes,DSL,No,Yes,Yes,No,Yes,Month-to-month,No,Mailed check,97.64,4825.27,No
CUST03281,Male,0,Yes,No,30,Yes,Fiber optic,Yes,Yes,No,No,Yes,Two year,No,Mailed check,62.54,1992.11,No
CUST03282,Female,0,No,No,3,No,Fiber optic,No,Yes,No,No,No,Month-to-month,Yes,Electronic check,94.88,246.56,Yes
CUST03283,Female,1,Yes,No,19,Yes,Fiber optic,Yes,Yes,Yes,Yes,Yes,Month-to-month,Yes,Credit card,43.12,821.85,No
CUST03284,Male,0,No,Yes,54,No,DSL,Yes,No,No,Yes,Yes,Month-to-month,Yes,Electronic check,53.8,2899.22,No
CUST03285,Male,0,Yes,Yes,9,No,No,No internet service,No internet service,No internet service,No internet service,No internet service,Month-to-month,Yes,Mailed check,28.15,294.53,Yes
CUST03286,Male,1,No,No,24,Yes,DSL,No,Yes,No,No,Yes,Two year,Yes,Electronic check,72.42,1843.65,No
CUST03287,Male,0,No,No,18,Yes,No,No internet service,No internet service,No internet service,No internet service,No internet service,Two year,No,Bank transfer,91.06,1767.84,No
CUST03288,Male,0,Yes,No,53,Yes,DSL,No,Yes,Yes,No,Yes,Two year,No,Mailed check,51.13,2782.28,No
CUST03289,Male,0,Yes,No,62,Yes,No,No internet service,No internet service,No internet service,No internet service,No internet service,Month-to-month,No,Bank transfer,72.93,4386.48,No
CUST03290,Male,0,Yes,No,57,Yes,DSL,Yes,No,No,No,Yes,Two year,Yes,Mailed check,54.24,3208.27,No
CUST03291,Male,0,No,No,52,Yes,Fiber optic,No,Yes,Yes,Yes,Yes,One year,Yes,Credit card,60.44,3190.94,No
CUST03292,Male,0,No,Yes,6,Yes,No,No internet service,No internet service,No internet service,No internet service,No internet service,One year,Yes,Credit card,49.06,382.15,No
CUST03293,Male,0,Yes,No,66,Yes,DSL,Yes,Yes,Yes,Yes,Yes,One year,Yes,Bank transfer,106.25,6988.39,No
CUST03294,Male,0,No,No,11,Yes,DSL,Yes,Yes,No,No,Yes,One year,Yes,Credit card,57.94,636.35,No
CUST03295,Male,0,No,Yes,29,Yes,No,No internet service,No internet service,No internet service,No internet service,No internet service,Month-to-month,Yes,Mailed check,68.99,2076.7,No
CUST03296,Female,0,Yes,No,60,No,No,No internet service,No internet service,No internet service,No internet service,No internet service,One year,No,Electronic check,62.09,3886.32,Yes
CUST03297,Male,0,No,Yes,17,Yes,Fiber optic,No,Yes,Yes,No,Yes,One year,No,Mailed check,83.1,1428.19,No
CUST03298,Female,1,Yes,Yes,15,Yes,Fiber optic,No,Yes,No,No,No,Month-to-month,No,Electronic check,137.48,1962.36,Yes
CUST03299,Female,0,Yes,No,1,Yes,DSL,No,No,Yes,Yes,No,Month-to-month,Yes,Electronic check,144.87,192.61,Yes
CUST03300,Female,1,Yes,No,26,No,Fiber optic,Yes,No,Yes,No,Yes,Month-to-month,Yes,Credit card,69.75,1798.58,Yes
CUST03301,Female,0,Yes,Yes,36,Yes,Fiber optic,No,Yes,No,No,No,One year,Yes,Mailed check,85.67,2999.66,No
CUST03302,Male,0,No,No,34,Yes,DSL,Yes,No,Yes,No,No,One year,No,Bank transfer,99.29,3365.31,No
CUST03303,Female,0,No,Yes,2,Yes,DSL,No,No,No,No,No,One year,Yes,Mailed check,106.65,251.47,No
CUST03304,Male,0,Yes,No,14,Yes,No,,No internet service,No internet service,No internet service,No internet service,One year,Yes,Bank transfer,91.16,1360.46,No
CUST03305,Male,0,No,No,0,Yes,Fiber optic,No,No,No,No,No,Month-to-month,Yes,Mailed check,102.93,0.0,Yes
CUST03306,Male,1,Yes,No,16,Yes,Fiber optic,No,Yes,Yes,No,Yes,One year,Yes,Bank transfer,85.59,1334.23,No
CUST03307,Male,0,Yes,No,44,Yes,No,No internet service,No internet service,No internet service,No internet service,No internet service,Month-to-month,Yes,Bank transfer,59.54,2611.63,No
CUST03308,Male,0,No,No,0,Yes,Fiber optic,Yes,Yes,No,Yes,Yes,Two year,Yes,Electronic check,102.77,140.48,Yes
CUST03309,Male,0,No,No,12,Yes,DSL,No,No,Yes,No,Yes,Month-to-month,Yes,Bank transfer,78.76,1052.49,Yes
CUST03310,Female,0,No,Yes,39,Yes,No,No internet service,No internet service,No internet service,No internet service,No internet service,Two year,No,Mailed check,83.66,3307.9,No
CUST03311,Female,0,Yes,Yes,40,No,No,No internet service,No internet service,No internet service,No internet service,No internet service,Month-to-month,Yes,Bank transfer,41.43,1699.35,No
CUST03312,Male,1,Yes,No,65,Yes,DSL,Yes,No,Yes,No,No,One year,Yes,Mailed check,56.08,3620.01,No
CUST03313,Female,0,Yes,No,41,No,DSL,Yes,No,Yes,No,No,Month-to-month,No,Mailed check,65.7,2755.48,No
CUST03314,Male,0,No,Yes,67,Yes,Fiber optic,No,Yes,Yes,Yes,No,Month-to-month,No,Mailed check,88.5,5850.0,No
CUST03315,Male,0,Yes,No,52,Yes,DSL,No,No,Yes,Yes,Yes,One year,Yes,Electronic check,120.21,6289.25,No
CUST03316,Female,0,No,No,40,Yes,DSL,Yes,Yes,Yes,No,Yes,Month-to-month,No,Credit card,94.79,3629.05,No
CUST03317,Female,1,Yes,No,27,Yes,DSL,No,No,Yes,Yes,Yes,Month-to-month,Yes,Bank transfer,70.75,1779.01,Yes
CUST03318,Male,1,Yes,No,8,No,Fiber optic,Yes,No,Yes,No,No,Month-to-month,No,Electronic check,50.61,250.14,Yes
CUST03319,Male,0,Yes,No,51,Yes,DSL,Yes,No,Yes,Yes,No,Month-to-month,No,Electronic check,106.5,5582.05,No
CUST03320,Male,1,No,No,68,Yes,No,No internet service,No internet service,No internet service,No internet service,No internet service,Month-to-month,Yes,Electronic check,83.28,5650.38,Yes
CUST03321,Male,0,No,No,26,No,Fiber optic,Yes,No,No,No,No,Month-to-month,Yes,Mailed check,18.0,359.79,No
CUST03322,Male,0,No,Yes,25,Yes,Fiber optic,No,No,No,No,Yes,Month-to-month,Yes,Credit card,101.36,2728.99,Yes
CUST03323,Female,0,No,No,7,Yes,No,No internet service,No internet service,No internet service,No internet service,No internet service,Month-to-month,No,Bank transfer,84.65,530.54,No
CUST03324,Female,0,No,No,43,Yes,Fiber optic,Yes,No,No,No,Yes,Month-to-month,No,Credit card,21.57,969.59,No
CUST03325,Male,0,Yes,No,22,Yes,Fiber optic,No,Yes,No,Yes,Yes,One year,Yes,Mailed check,90.85,1936.03,No
CUST03326,Female,0,No,No,0,Yes,No,No internet service,No internet service,No internet service,No internet service,No internet service,Month-to-month,Yes,Mailed check,77.41,63.5,Yes
CUST03327,Male,0,No,No,0,Yes,No,No internet service,No internet service,No internet service,No internet service,No internet service,Month-to-month,No,Mailed check,42.4,0.0,Yes
CUST03328,Male,1,No,No,24,Yes,Fiber optic,No,No,No,Yes,Yes,One year,Yes,Mailed check,126.26,2970.49,No
CUST03329,Male,1,Yes,Yes,33,Yes,Fiber optic,No,Yes,No,Yes,Yes,Month-to-month,Yes,Credit card,86.25,2739.39,No
CUST03330,Female,0,Yes,No,33,Yes,Fiber optic,No,Yes,Yes,Yes,Yes,Month-to-month,Yes,Bank transfer,63.17,2027.86,No
CUST03331,Female,0,No,No,54,Yes,Fiber optic,Yes,Yes,Yes,Yes,No,One year,Yes,Credit card,55.69,2926.86,No
CUST03332,Female,0,Yes,Yes,38,Yes,Fiber optic,Yes,No,Yes,No,No,One year,Yes,Electronic check,70.47,2536.94,No
CUST03333,Male,0,Yes,No,57,Yes,No,No internet service,No internet service,No internet service,No internet service,No internet service,Month-to-month,No,Credit card,71.29,4122.28,No
CUST03334,Female,0,Yes,No,21,Yes,Fiber optic,No,No,Yes,No,No,Month-to-month,Yes,Credit card,89.66,1972.16,No
CUST03335,Male,0,No,No,16,Yes,DSL,Yes,Yes,Yes,No,No,Month-to-month,Yes,Bank transfer,69.26,1053.7,No
CUST03336,Male,0,Yes,No,39,Yes,Fiber optic,No,No,Yes,No,Yes,Month-to-month,No,Mailed check,64.9,2364.49,Yes
CUST03337,Female,0,No,No,7,Yes,Fiber optic,Yes,Yes,No,Yes,Yes,One year,Yes,Bank transfer,79.2,583.44,No
CUST03338,Male,0,No,No,55,Yes,Fiber optic,No,Yes,No,Yes,No,One year,No,Electronic check,64.32,3550.02,No
CUST03339,Female,0,No,No,13,Yes,Fiber optic,No,Yes,No,Yes,No,Month-to-month,No,Electronic check,72.33,860.26,No
CUST03340,Female,1,Yes,No,66,Yes,No,No internet service,No internet service,No internet service,No internet service,No internet service,One year,Yes,Bank transfer,109.77,7240.08,No
CUST03341,Female,0,No,Yes,71,Yes,DSL,No,Yes,No,No,No,Two year,No,Credit card,63.13,4261.62,No
CUST03342,Male,0,Yes,Yes,39,Yes,No,No internet service,No internet service,No internet service,No internet service,No internet service,Two year,No,Bank transfer,70.84,2763.42,No
CUST03343,Male,0,Yes,No,22,Yes,Fiber optic,No,Yes,Yes,No,Yes,Month-to-month,Yes,Electronic check,54.91,1195.78,Yes
CUST03344,Female,0,Yes,No,24,Yes,DSL,Yes,Yes,No,No,Yes,Two year,No,Credit card,101.63,2545.47,No
CUST03345,Female,0,Yes,No,31,Yes,DSL,No,No,No,Yes,No,Month-to-month,Yes,Mailed check,31.76,1004.87,No
CUST03346,Female,0,No,Yes,34,Yes,No,No internet service,No internet service,No internet service,No internet service,No internet service,Month-to-month,No,Bank transfer,53.24,1817.43,No
CUST03347,Female,0,Yes,Yes,5,Yes,No,No internet service,No internet service,No internet service,No internet service,No internet service,Month-to-month,No,Credit card,91.84,616.33,No
CUST03348,Male,0,No,No,14,Yes,DSL,No,Yes,Yes,No,Yes,Month-to-month,No,Electronic check,70.24,919.87,No
CUST03349,Male,0,Yes,Yes,57,Yes,Fiber optic,Yes,Yes,No,No,Yes,Month-to-month,Yes,Electronic check,96.07,5356.31,No
CUST03350,Female,0,No,No,3,Yes,DSL,No,No,Yes,No,No,Month-to-month,No,Bank transfer,69.17,280.55,No
CUST03351,Male,0,No,No,32,No,Fiber optic,No,No,Yes,Yes,No,One year,Yes,Mailed check,57.2,1914.03,No
CUST03352,Female,0,Yes,No,63,Yes,DSL,Yes,No,No,Yes,No,One year,No,Electronic check,70.94,4554.75,No
CUST03353,Male,0,No,No,6,Yes,Fiber optic,No,Yes,Yes,No,No,One year,Yes,Electronic check,41.71,231.63,Yes
CUST03354,Female,0,Yes,Yes,67,Yes,Fiber optic,No,No,Yes,No,No,Month-to-month,Yes,Electronic check,53.36,3518.23,No
CUST03355,Female,0,No,No,34,Yes,Fiber optic,No,Yes,Yes,No,No,Month-to-month,No,Mailed check,96.81,3192.09,Yes
CUST03356,Male,0,No,Yes,30,Yes,DSL,No,Yes,No,No,Yes,One year,Yes,Mailed check,67.53,1954.91,No
CUST03357,Male,0,No,No,52,Yes,Fiber optic,No,Yes,Yes,Yes,No,One year,No,Credit card,73.24,3688.08,No
CUST03358,Female,0,Yes,No,56,No,No,No internet service,No internet service,No internet service,No internet service,No internet service,Month-to-month,Yes,Electronic check,77.12,4283.53,No
CUST03359,Male,0,No,No,34,Yes,Fiber optic,No,No,Yes,No,No,Two year,Yes,Mailed check,34.79,1315.6,No
CUST03360,Female,0,No,No,6,Yes,No,No internet service,No internet service,No internet service,No internet service,No internet service,One year,No,Mailed check,35.03,166.6,No
CUST03361,Female,0,No,Yes,70,Yes,No,No internet service,No internet service,No internet service,No internet service,No internet service,One year,No,Electronic check,83.54,,No
CUST03362,Female,0,Yes,Yes,0,Yes,DSL,Yes,No,No,Yes,No,One year,Yes,Credit card,63.74,43.77,Yes
CUST03363,Male,1,Yes,No,63,Yes,DSL,No,Yes,Yes,No,Yes,One year,No,Credit card,68.5,4286.62,No
CUST03364,Female,1,No,No,31,Yes,Fiber optic,Yes,Yes,No,No,Yes,One year,Yes,Electronic check,89.38,2741.28,Yes
CUST03365,Male,0,No,No,37,No,Fiber optic,Yes,Yes,Yes,No,Yes,Two year,No,Bank transfer,50.63,1976.18,No
CUST03366,Female,0,No,No,55,Yes,No,No internet service,No internet service,No internet service,No internet service,No internet service,Month-to-month,No,Mailed check,59.83,3305.56,No
CUST03367,Female,0,No,No,68,Yes,DSL,No,Yes,Yes,No,Yes,Month-to-month,Yes,Electronic check,65.18,4522.58,Yes
CUST03368,Male,0,No,No,10,Yes,DSL,Yes,No,Yes,Yes,Yes,Month-to-month,Yes,Electronic check,82.41,1015.12,Yes
CUST03369,Male,0,Yes,Yes,59,Yes,No,No internet service,No internet service,No internet service,No internet service,No internet service,Two year,Yes,Mailed check,65.01,3766.0,No
CUST03370,Male,0,No,No,48,Yes,No,No internet service,No internet service,No internet service,No internet service,No internet service,Month-to-month,No,Bank transfer,58.18,2780.19,No
CUST03371,Female,0,Yes,No,26,Yes,Fiber optic,No,No,No,No,No,Month-to-month,Yes,Mailed check,116.34,3011.48,No
CUST03372,Male,0,No,No,31,No,Fiber optic,Yes,No,Yes,No,No,Month-to-month,Yes,Mailed check,75.0,2285.35,Yes
CUST03373,Male,0,Yes,No,56,Yes,No,No internet service,No internet service,No internet service,No internet service,No internet service,Month-to-month,Yes,Bank transfer,90.37,5026.2,Yes
CUST03374,Female,0,No,No,10,Yes,Fiber optic,Yes,No,Yes,No,No,Two year,No,Electronic check,28.77,399.93,Yes
CUST03375,Female,1,No,No,36,Yes,No,No internet service,No internet service,No internet service,No internet service,No internet service,One year,No,Electronic check,41.8,1512.74,Yes
CUST03376,Female,0,No,No,52,Yes,No,No internet service,No internet service,No internet service,No internet service,No internet service,Month-to-month,Yes,Credit card,88.64,4808.44,No
CUST03377,Female,0,Yes,No,39,Yes,DSL,No,Yes,Yes,Yes,Yes,Two year,Yes,Electronic check,67.98,2618.71,No
CUST03378,Female,1,No,No,32,Yes,DSL,Yes,Yes,Yes,Yes,Yes,Two year,Yes,Bank transfer,64.34,2179.37,No
CUST03379,Female,0,Yes,No,38,Yes,No,No internet service,No internet service,No internet service,No internet service,No internet service,One year,No,Electronic check,50.24,2049.84,No
CUST03380,Male,0,Yes,Yes,37,Yes,Fiber optic,No,No,Yes,No,Yes,One year,No,Credit card,98.36,3632.68,No
CUST03381,Female,0,No,No,58,No,DSL,Yes,No,No,No,Yes,One year,No,Bank transfer,90.36,5276.66,No
CUST03382,Female,0,No,Yes,59,No,Fiber optic,No,No,Yes,Yes,No,One year,Yes,Credit card,72.37,4340.46,No
CUST03383,Female,0,Yes,Yes,67,Yes,Fiber optic,Yes,Yes,No,No,Yes,Two year,Yes,Credit card,80.15,5325.5,No
CUST03384,Female,0,No,No,5,Yes,DSL,Yes,No,Yes,No,Yes,One year,Yes,Mailed check,66.38,465.0,No
CUST03385,Female,0,Yes,Yes,23,Yes,Fiber optic,No,Yes,Yes,No,Yes,Month-to-month,No,Mailed check,56.9,1243.79,No
CUST03386,Male,0,No,No,64,Yes,DSL,No,No,No,No,No,Month-to-month,No,Credit card,61.03,3864.27,Yes
CUST03387,Female,1,No,No,46,Yes,DSL,No,Yes,Yes,Yes,Yes,Month-to-month,Yes,Bank transfer,93.11,4242.29,Yes
CUST03388,Female,0,No,No,27,Yes,DSL,No,Yes,Yes,Yes,No,Month-to-month,Yes,Bank transfer,64.13,1749.53,Yes
CUST03389,Male,0,No,No,45,Yes,Fiber optic,Yes,No,No,No,Yes,One year,Yes,Mailed check,75.44,3421.03,No
CUST03390,Female,0,No,No,33,Yes,No,No internet service,No internet service,No internet service,No internet service,No internet service,Two year,Yes,Mailed check,63.26,2036.67,No
CUST03391,Male,0,No,No,64,Yes,Fiber optic,No,Yes,No,No,Yes,Month-to-month,No,Mailed check,97.49,6230.31,Yes
CUST03392,Female,0,Yes,Yes,40,Yes,No,No internet service,No internet service,No internet service,No internet service,No internet service,Month-to-month,Yes,Credit card,57.75,2220.84,No
CUST03393,Female,0,Yes,No,32,Yes,DSL,Yes,No,No,No,Yes,One year,No,Mailed check,112.18,3682.92,No
CUST03394,Male,1,No,No,45,No,Fiber optic,Yes,No,Yes,Yes,Yes,Month-to-month,No,Mailed check,59.66,2740.3,Yes
CUST03395,Male,0,Yes,No,13,Yes,Fiber optic,No,Yes,Yes,Yes,Yes,Month-to-month,Yes,Bank transfer,59.69,748.19,Yes
CUST03396,Female,0,No,No,56,Yes,No,No internet service,No internet service,No internet service,No internet service,No internet service,Two year,Yes,Mailed check,124.09,6933.66,No
CUST03397,Male,0,Yes,No,14,Yes,Fiber optic,Yes,No,Yes,Yes,Yes,Month-to-month,Yes,Electronic check,47.34,609.71,Yes
CUST03398,Female,0,No,Yes,1,No,No,No internet service,No internet service,No internet service,No internet service,No internet service,One year,No,Mailed check,73.07,0.0,No
CUST03399,Male,0,No,Yes,3,Yes,DSL,Yes,Yes,Yes,Yes,Yes,One year,Yes,Bank transfer,99.29,211.4,Yes
CUST03400,Female,0,No,No,4,Yes,No,,No internet service,No internet service,No internet service,No internet service,One year,No,Credit card,35.41,67.57,No
CUST03401,Female,0,No,No,7,Yes,No,No internet service,No internet service,No internet service,No internet service,No internet service,Month-to-month,No,Mailed check,80.45,639.83,Yes
CUST03402,Female,0,Yes,No,3,Yes,No,No internet service,No internet service,No internet service,No internet service,No internet service,Month-to-month,No,Credit card,35.52,189.42,Yes
CUST03403,Male,0,No,No,21,Yes,DSL,Yes,Yes,Yes,No,Yes,Month-to-month,No,Credit card,74.92,1463.76,No
CUST03404,Female,0,Yes,No,70,Yes,DSL,No,No,No,Yes,Yes,Month-to-month,Yes,Electronic check,124.9,8798.89,No
CUST03405,Male,0,No,No,7,Yes,Fiber optic,No,No,No,Yes,No,Month-to-month,No,Electronic check,18.0,28.32,Yes
CUST03406,Male,1,No,Yes,49,Yes,Fiber optic,No,No,No,Yes,No,One year,No,Bank transfer,72.11,3594.55,No
CUST03407,Male,0,Yes,No,63,No,Fiber optic,No,Yes,No,No,No,Month-to-month,Yes,Mailed check,62.63,3952.42,No
CUST03408,Female,1,Yes,No,59,Yes,DSL,No,No,Yes,Yes,No,Two year,Yes,Electronic check,48.82,2838.72,No
CUST03409,Female,0,Yes,No,26,Yes,Fiber optic,Yes,Yes,Yes,Yes,Yes,Two year,Yes,Credit card,35.75,965.17,No
CUST03410,Male,0,Yes,No,3,Yes,DSL,Yes,Yes,No,No,Yes,Month-to-month,Yes,Credit card,101.48,412.33,Yes
CUST03411,Male,0,No,No,26,Yes,Fiber optic,Yes,Yes,No,No,Yes,Month-to-month,Yes,Electronic check,78.94,1902.46,No
CUST03412,Female,0,Yes,Yes,43,Yes,DSL,No,Yes,No,No,Yes,Month-to-month,Yes,Electronic check,27.53,1274.83,No
CUST03413,Male,0,No,No,55,Yes,No,No internet service,No internet service,No internet service,No internet service,No internet service,One year,No,Credit card,50.46,2711.67,No
CUST03414,Male,0,No,No,10,Yes,DSL,Yes,Yes,No,Yes,Yes,Month-to-month,Yes,Electronic check,60.28,716.69,Yes
CUST03415,Female,1,No,Yes,21,No,Fiber optic,No,Yes,Yes,No,Yes,Month-to-month,Yes,Electronic check,34.72,798.45,Yes
CUST03416,Male,0,No,No,43,Yes,DSL,Yes,Yes,No,No,Yes,One year,Yes,Bank transfer,76.19,3186.46,No
CUST03417,Female,0,Yes,No,52,Yes,DSL,Yes,Yes,Yes,No,No,Month-to-month,Yes,Electronic check,80.38,4133.2,No
CUST03418,Female,0,No,No,22,Yes,Fiber optic,Yes,No,No,Yes,Yes,Month-to-month,No,Bank transfer,80.02,1798.87,Yes
CUST03419,Male,0,No,No,60,Yes,DSL,No,Yes,No,Yes,Yes,Month-to-month,Yes,Mailed check,124.52,7546.95,Yes
CUST03420,Male,0,No,No,58,Yes,Fiber optic,Yes,Yes,No,No,Yes,Month-to-month,Yes,Mailed check,50.48,2965.93,No
CUST03421,Female,0,Yes,No,26,Yes,DSL,No,No,No,No,Yes,Two year,Yes,Credit card,62.18,1647.89,No
CUST03422,Female,0,Yes,No,39,Yes,Fiber optic,No,Yes,No,Yes,Yes,One year,Yes,Bank transfer,60.82,2320.88,No
CUST03423,Female,0,No,No,34,Yes,No,No internet service,No internet service,No internet service,No internet service,No internet service,Month-to-month,No,Mailed check,95.37,3245.28,No
CUST03424,Male,0,No,No,48,Yes,Fiber optic,Yes,No,Yes,No,No,One year,Yes,Credit card,92.63,,No
CUST03425,Female,0,Yes,Yes,23,Yes,DSL,No,No,Yes,Yes,Yes,Month-to-month,No,Electronic check,45.73,931.7,No
CUST03426,Female,0,No,No,24,Yes,Fiber optic,No,Yes,Yes,Yes,No,Month-to-month,Yes,Electronic check,110.13,2669.96,Yes
CUST03427,Male,0,Yes,No,30,Yes,DSL,Yes,Yes,Yes,Yes,No,One year,No,Mailed check,51.3,1509.64,No
CUST03428,Female,1,No,Yes,15,No,Fiber optic,No,No,No,No,No,Month-to-month,Yes,Mailed check,95.35,1540.32,Yes
CUST03429,Female,0,Yes,No,42,Yes,No,No internet service,No internet service,No internet service,No internet service,No internet service,One year,Yes,Credit card,93.84,4034.86,Yes
CUST03430,Male,1,Yes,No,69,Yes,DSL,No,No,Yes,Yes,Yes,Month-to-month,Yes,Mailed check,83.95,5807.29,No
CUST03431,Male,0,Yes,Yes,25,Yes,DSL,No,No,No,No,Yes,Month-to-month,Yes,Mailed check,65.77,1732.59,No
CUST03432,Female,0,Yes,No,62,Yes,No,No internet service,No internet service,No internet service,No internet service,No internet service,Month-to-month,Yes,Bank transfer,66.23,4155.48,No
CUST03433,Male,0,Yes,No,33,Yes,Fiber optic,No,Yes,No,Yes,No,One year,No,Mailed check,86.03,2837.2,Yes
CUST03434,Male,0,Yes,No,12,Yes,DSL,Yes,No,Yes,Yes,No,Month-to-month,No,Bank transfer,87.16,932.66,No
CUST03435,Male,0,Yes,No,36,Yes,No,No internet service,No internet service,No internet service,No internet service,No internet service,Two year,No,Mailed check,91.74,3289.88,No
CUST03436,Female,0,No,Yes,36,Yes,DSL,Yes,No,No,No,Yes,Month-to-month,Yes,Mailed check,91.75,3276.3,No
CUST03437,Male,0,No,No,1,Yes,No,No internet service,No internet service,No internet service,No internet service,No internet service,Month-to-month,Yes,Credit card,82.56,73.71,No
CUST03438,Female,1,No,No,34,Yes,DSL,Yes,No,Yes,No,Yes,Two year,No,Bank transfer,109.33,3698.91,No
CUST03439,Female,0,Yes,No,11,Yes,No,No internet service,No internet service,No internet service,No internet service,No internet service,Month-to-month,Yes,Electronic check,58.99,737.16,No
CUST03440,Female,0,Yes,No,57,Yes,No,No internet service,No internet service,No internet service,No internet service,No internet service,Month-to-month,Yes,Electronic check,75.06,4375.54,No
CUST03441,Female,0,No,Yes,39,Yes,DSL,No,Yes,Yes,No,No,Month-to-month,No,Mailed check,60.04,2302.51,No
CUST03442,Male,0,No,Yes,22,Yes,No,No internet service,No internet service,No internet service,No internet service,No internet service,Month-to-month,Yes,Mailed check,135.09,2866.02,Yes
CUST03443,Male,0,No,No,0,Yes,DSL,No,No,Yes,Yes,No,One year,No,Bank transfer,93.11,0.0,No
CUST03444,Male,0,No,Yes,41,Yes,No,No internet service,No internet service,No internet service,No internet service,No internet service,One year,Yes,Bank transfer,99.33,4171.86,No
CUST03445,Female,0,No,No,51,Yes,Fiber optic,No,Yes,No,No,Yes,Month-to-month,No,Credit card,85.16,4419.72,Yes
CUST03446,Female,0,No,No,30,Yes,DSL,No,No,Yes,Yes,Yes,One year,Yes,Mailed check,72.59,2086.53,No
CUST03447,Male,0,Yes,Yes,66,Yes,Fiber optic,No,Yes,Yes,Yes,Yes,Month-to-month,No,Bank transfer,140.77,9173.47,No
CUST03448,Female,0,No,No,14,Yes,DSL,Yes,Yes,Yes,Yes,No,Two year,Yes,Credit card,104.39,1414.16,No
CUST03449,Female,0,No,No,55,Yes,Fiber optic,Yes,Yes,No,No,Yes,One year,Yes,Electronic check,65.98,3772.56,No
CUST03450,Male,0,No,Yes,36,Yes,Fiber optic,No,Yes,Yes,Yes,No,Two year,No,Credit card,67.2,2452.74,No
CUST03451,Male,0,Yes,No,22,Yes,Fiber optic,Yes,No,Yes,Yes,Yes,Two year,Yes,Credit card,79.55,,No
CUST03452,Male,1,Yes,Yes,21,Yes,No,No internet service,No internet service,No internet service,No internet service,No internet service,Two year,Yes,Mailed check,60.48,1260.03,No
CUST03453,Male,0,Yes,No,32,Yes,No,No internet service,No internet service,No internet service,No internet service,No internet service,Two year,Yes,Credit card,65.31,1939.41,No
CUST03454,Male,0,Yes,No,5,Yes,Fiber optic,Yes,Yes,Yes,No,Yes,Two year,Yes,Electronic check,36.01,156.7,No
CUST03455,Female,0,No,No,47,No,Fiber optic,No,No,No,Yes,No,Two year,No,Electronic check,18.0,945.21,No
CUST03456,Female,0,No,No,29,Yes,DSL,No,Yes,No,No,Yes,Month-to-month,No,Electronic check,123.42,3547.63,No
CUST03457,Female,0,Yes,No,49,Yes,No,No internet service,No internet service,No internet service,No internet service,No internet service,One year,Yes,Electronic check,61.34,2986.13,No
CUST03458,Male,0,No,No,37,Yes,No,No internet service,No internet service,No internet service,No internet service,No internet service,One year,Yes,Mailed check,66.4,2483.13,No
CUST03459,Female,1,Yes,Yes,71,Yes,No,No internet service,No internet service,No internet service,No internet service,No internet service,Two year,Yes,Mailed check,75.73,5286.9,No
CUST03460,Male,1,No,Yes,6,Yes,Fiber optic,No,No,Yes,Yes,No,One year,No,Credit card,91.4,575.04,No
CUST03461,Male,0,Yes,Yes,35,Yes,DSL,Yes,Yes,Yes,No,No,Month-to-month,Yes,Bank transfer,93.4,3202.78,Yes
CUST03462,Female,0,No,No,39,Yes,DSL,No,Yes,Yes,No,No,Month-to-month,Yes,Electronic check,99.73,3849.53,Yes
CUST03463,Female,0,No,No,18,Yes,Fiber optic,No,No,Yes,Yes,No,Month-to-month,Yes,Mailed check,88.37,1560.4,Yes
CUST03464,Male,0,No,Yes,49,Yes,DSL,Yes,No,Yes,No,No,Month-to-month,No,Mailed check,67.3,3267.5,Yes
CUST03465,Male,0,No,No,26,Yes,Fiber optic,Yes,No,Yes,Yes,No,One year,No,Electronic check,105.62,2754.29,Yes
CUST03466,Female,0,Yes,No,55,No,Fiber optic,No,Yes,Yes,No,No,Month-to-month,No,Bank transfer,69.54,3818.81,Yes
CUST03467,Female,0,No,Yes,67,Yes,Fiber optic,No,No,No,No,Yes,Month-to-month,No,Electronic check,99.79,6671.37,Yes
CUST03468,Male,0,Yes,Yes,62,Yes,Fiber optic,Yes,Yes,No,Yes,Yes,Month-to-month,No,Bank transfer,35.5,2210.75,No
CUST03469,Female,0,Yes,No,46,Yes,DSL,No,No,Yes,No,No,Two year,No,Bank transfer,106.53,4827.76,No
CUST03470,Female,0,No,Yes,52,Yes,Fiber optic,No,Yes,No,Yes,Yes,Month-to-month,Yes,Bank transfer,51.71,2516.3,No
CUST03471,Male,1,No,No,63,Yes,DSL,No,No,Yes,No,No,Month-to-month,Yes,Electronic check,37.75,2377.56,Yes
CUST03472,Female,0,No,No,71,Yes,DSL,No,Yes,No,Yes,No,Month-to-month,Yes,Bank transfer,41.52,2892.92,No
CUST03473,Female,0,Yes,No,52,Yes,Fiber optic,Yes,No,No,No,No,Month-to-month,No,Mailed check,79.07,4148.01,Yes
CUST03474,Female,0,No,No,66,Yes,DSL,Yes,No,Yes,No,No,One year,Yes,Credit card,131.15,8611.74,No
CUST03475,Male,0,Yes,Yes,70,Yes,DSL,Yes,Yes,Yes,No,Yes,Two year,Yes,Mailed check,69.1,4685.17,No
CUST03476,Male,0,No,No,12,Yes,DSL,Yes,Yes,No,Yes,Yes,Month-to-month,No,Mailed check,71.19,844.69,No
CUST03477,Female,1,No,No,36,Yes,DSL,No,No,No,Yes,Yes,Two year,Yes,Mailed check,93.21,3439.68,No
CUST03478,Female,0,No,No,26,Yes,DSL,Yes,Yes,Yes,Yes,Yes,One year,No,Electronic check,59.61,1574.89,No
CUST03479,Male,0,No,No,69,Yes,Fiber optic,Yes,No,Yes,No,No,Month-to-month,No,Mailed check,70.26,4734.29,No
CUST03480,Female,1,No,Yes,54,Yes,No,No internet service,No internet service,No internet service,No internet service,No internet service,Month-to-month,No,Bank transfer,65.29,3475.63,No
CUST03481,Female,0,Yes,No,64,Yes,DSL,Yes,No,Yes,Yes,No,Month-to-month,No,Credit card,123.18,7843.78,Yes
CUST03482,Male,0,No,No,25,Yes,DSL,Yes,No,Yes,Yes,No,Month-to-month,Yes,Bank transfer,75.89,1882.54,Yes
CUST03483,Female,1,No,No,61,Yes,DSL,No,Yes,No,Yes,No,Month-to-month,Yes,Mailed check,92.72,5608.96,No
CUST03484,Male,0,Yes,No,5,Yes,DSL,No,No,No,No,No,Two year,Yes,Electronic check,56.19,140.45,No
CUST03485,Male,0,Yes,No,68,Yes,Fiber optic,Yes,No,No,Yes,Yes,Month-to-month,Yes,Credit card,45.53,3085.04,No
CUST03486,Male,0,Yes,No,16,Yes,Fiber optic,Yes,No,No,Yes,Yes,Two year,No,Credit card,90.6,1564.19,No
CUST03487,Male,0,No,No,38,Yes,Fiber optic,Yes,Yes,Yes,No,Yes,Month-to-month,Yes,Mailed check,80.32,2999.88,Yes
CUST03488,Female,0,No,Yes,52,Yes,Fiber optic,No,No,Yes,Yes,Yes,Month-to-month,No,Bank transfer,99.75,5087.51,No
CUST03489,Male,0,No,No,54,Yes,No,No internet service,No internet service,No internet service,No internet service,No internet service,One year,No,Credit card,51.83,2912.79,No
CUST03490,Female,1,Yes,No,15,Yes,No,No internet service,No internet service,No internet service,No internet service,No internet service,Two year,No,Mailed check,71.69,1229.02,No
CUST03491,Male,0,Yes,No,40,Yes,DSL,No,Yes,No,Yes,Yes,Two year,No,Bank transfer,41.79,1638.98,No
CUST03492,Female,0,No,No,38,Yes,DSL,Yes,No,Yes,No,Yes,Month-to-month,Yes,Credit card,61.64,2361.33,No
CUST03493,Male,0,Yes,Yes,56,Yes,Fiber optic,Yes,Yes,Yes,Yes,Yes,Month-to-month,Yes,Bank transfer,37.87,2138.38,No
CUST03494,Female,1,Yes,No,23,Yes,Fiber optic,No,Yes,Yes,No,No,Month-to-month,Yes,Bank transfer,66.89,1609.57,No
CUST03495,Female,0,Yes,Yes,55,Yes,Fiber optic,No,Yes,Yes,Yes,Yes,Month-to-month,No,Credit card,106.7,5779.14,No
CUST03496,Female,0,Yes,Yes,44,Yes,Fiber optic,Yes,Yes,No,Yes,No,Month-to-month,No,Credit card,52.55,2309.81,No
CUST03497,Male,0,Yes,No,55,Yes,No,No internet service,No internet service,No internet service,No internet service,No internet service,One year,No,Credit card,52.23,2785.45,No
CUST03498,Male,0,No,Yes,63,Yes,Fiber optic,Yes,Yes,No,Yes,No,Month-to-month,Yes,Bank transfer,69.83,4426.92,No
CUST03499,Male,1,Yes,No,31,Yes,No,No internet service,No internet service,No internet service,No internet service,No internet service,Two year,No,Electronic check,69.4,2272.44,No
CUST03500,Male,1,Yes,No,31,Yes,No,No internet service,No internet service,No internet service,No internet service,No internet service,One year,No,Bank transfer,93.25,2917.42,No
CUST03501,Male,0,No,No,58,Yes,Fiber optic,Yes,Yes,No,Yes,Yes,Month-to-month,Yes,Mailed check,41.52,2340.16,Yes
CUST03502,Female,0,No,Yes,57,Yes,DSL,No,Yes,Yes,No,Yes,Month-to-month,Yes,Electronic check,18.0,1105.66,Yes
CUST03503,Male,0,No,Yes,63,Yes,DSL,Yes,No,Yes,Yes,Yes,One year,No,Credit card,75.59,4713.29,Yes
CUST03504,Male,0,No,No,40,Yes,Fiber optic,No,Yes,No,Yes,No,Month-to-month,Yes,Mailed check,116.27,4688.68,Yes
CUST03505,Male,0,No,No,46,Yes,No,No internet service,No internet service,No internet service,No internet service,No internet service,Month-to-month,No,Bank transfer,69.15,3118.78,No
CUST03506,Female,0,No,No,4,Yes,No,No internet service,No internet service,No internet service,No internet service,No internet service,Month-to-month,Yes,Bank transfer,83.9,229.32,Yes
CUST03507,Female,0,No,No,33,Yes,DSL,No,Yes,Yes,Yes,Yes,Month-to-month,Yes,Bank transfer,72.01,2315.55,Yes
CUST03508,Female,1,No,Yes,17,Yes,DSL,No,Yes,No,No,No,One year,Yes,Credit card,92.64,1358.67,Yes
CUST03509,Male,0,No,No,62,No,No,No internet service,No internet service,No internet service,No internet service,No internet service,Month-to-month,Yes,Credit card,66.64,4044.98,No
CUST03510,Male,0,Yes,No,8,Yes,Fiber optic,Yes,No,Yes,Yes,No,Month-to-month,No,Credit card,72.16,748.59,Yes
CUST03511,Female,0,Yes,Yes,56,Yes,Fiber optic,No,No,Yes,No,Yes,One year,Yes,Credit card,114.95,6211.67,No
CUST03512,Female,0,Yes,No,61,Yes,DSL,Yes,Yes,No,No,No,One year,Yes,Electronic check,102.6,6132.94,No
CUST03513,Male,0,Yes,Yes,34,Yes,DSL,No,No,No,Yes,No,Month-to-month,No,Mailed check,56.71,2067.47,Yes
CUST03514,Male,0,Yes,Yes,48,Yes,DSL,Yes,Yes,No,No,Yes,Month-to-month,Yes,Bank transfer,57.36,2676.52,No
CUST03515,Male,0,No,No,42,No,DSL,Yes,Yes,Yes,No,Yes,Month-to-month,Yes,Credit card,59.1,2449.94,No
CUST03516,Female,0,No,No,50,Yes,Fiber optic,No,Yes,Yes,No,Yes,Month-to-month,No,Mailed check,45.9,2293.77,No
CUST03517,Male,1,Yes,No,50,Yes,DSL,Yes,Yes,No,Yes,Yes,Month-to-month,No,Credit card,60.19,2877.64,No
CUST03518,Female,1,Yes,No,18,Yes,Fiber optic,Yes,Yes,No,No,No,Two year,No,Bank transfer,70.96,1360.78,Yes
CUST03519,Female,0,Yes,No,50,Yes,No,No internet service,No internet service,No internet service,No internet service,No internet service,Month-to-month,Yes,Bank transfer,54.66,2723.36,Yes
CUST03520,Female,0,No,No,65,No,DSL,Yes,No,No,No,Yes,Two year,Yes,Mailed check,86.79,5590.55,No
CUST03521,Female,0,Yes,No,22,Yes,No,No internet service,No internet service,No internet service,No internet service,No internet service,Month-to-month,No,Bank transfer,32.16,783.04,Yes
CUST03522,Male,0,Yes,Yes,22,Yes,DSL,No,Yes,No,Yes,No,Month-to-month,No,Bank transfer,44.5,872.54,No
CUST03523,Female,1,Yes,No,21,No,Fiber optic,Yes,No,Yes,Yes,No,Two year,No,Mailed check,90.48,1903.15,No
CUST03524,Male,1,No,No,66,Yes,DSL,Yes,No,Yes,No,No,Two year,Yes,Bank transfer,121.52,7939.13,No
CUST03525,Male,0,Yes,No,64,Yes,No,No internet service,No internet service,No internet service,No internet service,No internet service,Month-to-month,No,Bank transfer,80.32,5040.03,No
CUST03526,Male,0,No,No,25,Yes,DSL,No,Yes,Yes,No,Yes,Month-to-month,No,Credit card,53.14,1488.7,No
CUST03527,Male,0,No,No,68,Yes,Fiber optic,No,No,Yes,No,No,One year,No,Electronic check,46.17,3149.64,No
CUST03528,Male,0,No,No,55,Yes,No,No internet service,No internet service,No internet service,No internet service,No internet service,Two year,Yes,Bank transfer,64.62,3629.91,No
CUST03529,Male,1,No,Yes,29,Yes,DSL,Yes,Yes,No,No,Yes,Month-to-month,Yes,Electronic check,105.66,3022.55,No
CUST03530,Male,0,Yes,No,60,Yes,Fiber optic,Yes,Yes,Yes,No,No,Month-to-month,Yes,Electronic check,86.86,5129.28,Yes
CUST03531,Male,0,Yes,Yes,66,Yes,Fiber optic,Yes,No,Yes,No,No,Month-to-month,No,Credit card,43.07,2593.29,Yes
CUST03532,Male,0,No,No,63,Yes,DSL,Yes,No,Yes,No,No,One year,No,Bank transfer,83.06,5207.42,No
CUST03533,Male,0,Yes,No,34,Yes,DSL,Yes,No,Yes,Yes,No,Month-to-month,Yes,Electronic check,109.87,3602.91,No
CUST03534,Female,0,No,No,15,Yes,No,No internet service,No internet service,No internet service,No internet service,No internet service,Month-to-month,Yes,Bank transfer,103.52,1560.36,No
CUST03535,Male,1,No,No,12,Yes,No,No internet service,No internet service,No internet service,No internet service,No internet service,Two year,No,Credit card,107.26,1183.71,No
CUST03536,Male,0,Yes,No,60,Yes,DSL,No,No,Yes,No,Yes,Two year,Yes,Mailed check,94.01,5678.03,No
CUST03537,Male,0,Yes,No,53,Yes,No,No internet service,No internet service,No internet service,No internet service,No internet service,One year,No,Bank transfer,41.94,2387.5,No
CUST03538,Male,0,No,Yes,51,Yes,No,No internet service,No internet service,No internet service,No internet service,No internet service,Month-to-month,Yes,Mailed check,53.82,2970.9,No
CUST03539,Female,0,No,Yes,3,Yes,Fiber optic,Yes,No,No,Yes,No,Month-to-month,No,Mailed check,117.49,378.12,Yes
CUST03540,Female,0,No,No,70,Yes,No,No internet service,No internet service,No internet service,No internet service,No internet service,One year,Yes,Credit card,65.5,4584.09,No
CUST03541,Female,0,Yes,No,8,Yes,DSL,No,Yes,No,Yes,No,Two year,No,Electronic check,26.59,156.64,No
CUST03542,Female,0,No,Yes,42,Yes,Fiber optic,No,Yes,No,Yes,Yes,Month-to-month,Yes,Electronic check,89.16,3682.2,Yes
CUST03543,Male,0,Yes,No,68,Yes,No,No internet service,No internet service,No internet service,No internet service,No internet service,Month-to-month,Yes,Electronic check,100.55,6763.91,Yes
CUST03544,Female,0,Yes,No,17,Yes,Fiber optic,No,Yes,No,No,No,Two year,Yes,Electronic check,71.99,1342.43,No
CUST03545,Male,0,No,No,37,Yes,DSL,Yes,No,Yes,No,No,Month-to-month,Yes,Credit card,87.74,3215.02,No
CUST03546,Female,1,No,Yes,61,Yes,Fiber optic,Yes,Yes,Yes,No,No,Two year,Yes,Bank transfer,53.3,3424.12,No
CUST03547,Male,0,Yes,No,19,Yes,DSL,Yes,Yes,Yes,Yes,Yes,Month-to-month,No,Electronic check,62.39,,No
CUST03548,Female,0,No,Yes,7,Yes,DSL,No,Yes,Yes,No,Yes,One year,Yes,Mailed check,28.78,190.19,Yes
CUST03549,Male,0,Yes,Yes,35,Yes,DSL,No,No,No,No,No,Month-to-month,No,Credit card,47.16,1549.14,No
CUST03550,Female,0,Yes,No,58,Yes,DSL,No,No,Yes,Yes,No,Month-to-month,Yes,Bank transfer,109.92,6417.94,Yes
CUST03551,Male,0,Yes,No,42,No,Fiber optic,No,No,Yes,Yes,Yes,Two year,Yes,Bank transfer,18.0,739.77,No
CUST03552,Female,0,No,Yes,32,Yes,DSL,Yes,No,Yes,Yes,Yes,One year,Yes,Mailed check,64.32,2055.56,No
CUST03553,Female,0,Yes,Yes,46,Yes,Fiber optic,No,Yes,No,No,Yes,Month-to-month,No,Credit card,60.66,2765.57,No
CUST03554,Female,0,No,No,3,Yes,No,No internet service,No internet service,No internet service,No internet service,No internet service,Month-to-month,Yes,Mailed check,88.86,311.11,No
CUST03555,Male,0,Yes,No,25,Yes,Fiber optic,No,Yes,No,Yes,No,Month-to-month,Yes,Credit card,20.67,570.39,No
CUST03556,Male,1,Yes,Yes,64,Yes,DSL,Yes,Yes,Yes,No,No,Two year,Yes,Mailed check,54.91,3580.72,No
CUST03557,Female,0,Yes,Yes,28,Yes,No,,No internet service,No internet service,No internet service,No internet service,Month-to-month,Yes,Bank transfer,59.29,1584.86,Yes
CUST03558,Male,1,Yes,No,70,Yes,DSL,No,Yes,Yes,Yes,No,Month-to-month,Yes,Bank transfer,84.13,5914.78,Yes
CUST03559,Male,0,No,Yes,40,Yes,Fiber optic,Yes,No,Yes,Yes,No,Month-to-month,Yes,Bank transfer,73.76,2910.61,No
CUST03560,Male,0,No,No,68,No,DSL,No,Yes,No,No,No,One year,No,Electronic check,32.6,2323.09,No
CUST03561,Male,0,No,No,45,Yes,No,No internet service,No internet service,No internet service,No internet service,No internet service,Month-to-month,Yes,Credit card,65.53,2968.64,No
CUST03562,Male,0,Yes,No,30,Yes,DSL,No,Yes,Yes,No,Yes,Two year,Yes,Mailed check,54.56,1660.82,No
CUST03563,Male,0,No,No,67,Yes,No,No internet service,No internet service,No internet service,No internet service,No internet service,Two year,No,Mailed check,85.59,5712.39,No
CUST03564,Female,0,No,No,19,Yes,No,No internet service,No internet service,No internet service,No internet service,No internet service,Two year,Yes,Bank transfer,67.85,1224.07,No
CUST03565,Female,0,Yes,Yes,28,Yes,No,No internet service,No internet service,No internet service,No internet service,No internet service,Month-to-month,Yes,Credit card,117.71,3301.76,No
CUST03566,Male,0,No,No,52,Yes,No,No internet service,No internet service,No internet service,No internet service,No internet service,Month-to-month,No,Bank transfer,57.4,3082.79,No
CUST03567,Male,0,No,Yes,63,No,Fiber optic,Yes,No,No,No,No,Two year,Yes,Credit card,59.8,3705.84,No
CUST03568,Male,0,No,No,14,Yes,No,No internet service,No internet service,No internet service,No internet service,No internet service,Month-to-month,No,Mailed check,60.7,955.38,No
CUST03569,Female,0,No,Yes,72,Yes,DSL,Yes,No,Yes,No,Yes,Two year,No,Electronic check,69.17,5025.79,No
CUST03570,Male,0,No,No,31,No,No,No internet service,No internet service,No internet service,No internet service,No internet service,Month-to-month,No,Bank transfer,95.04,2783.82,No
CUST03571,Female,0,No,Yes,24,Yes,DSL,No,No,Yes,No,No,Two year,Yes,Mailed check,62.94,1437.31,No
CUST03572,Female,0,No,No,9,Yes,Fiber optic,No,No,No,Yes,Yes,Two year,No,Mailed check,64.11,760.06,No
CUST03573,Female,0,No,No,1,Yes,Fiber optic,Yes,Yes,Yes,No,Yes,One year,Yes,Bank transfer,82.93,73.22,No
CUST03574,Male,0,Yes,Yes,40,Yes,No,,No internet service,No internet service,No internet service,No internet service,Two year,No,Electronic check,50.34,1941.28,No
CUST03575,Female,0,No,No,44,Yes,DSL,No,Yes,Yes,No,Yes,Month-to-month,Yes,Mailed check,89.77,3880.11,Yes
CUST03576,Female,0,No,Yes,6,Yes,Fiber optic,Yes,Yes,Yes,No,Yes,Month-to-month,No,Mailed check,64.55,376.42,Yes
CUST03577,Female,0,Yes,No,65,Yes,Fiber optic,No,No,No,Yes,Yes,Month-to-month,Yes,Electronic check,51.43,3416.4,Yes
CUST03578,Female,0,No,No,39,Yes,Fiber optic,No,No,Yes,Yes,Yes,Two year,Yes,Bank transfer,28.02,1065.77,No
CUST03579,Female,0,No,No,3,No,DSL,No,No,No,Yes,Yes,Month-to-month,Yes,Credit card,46.45,77.31,Yes
CUST03580,Male,0,No,No,61,Yes,Fiber optic,Yes,No,Yes,No,No,Month-to-month,No,Credit card,68.83,4017.39,Yes
CUST03581,Female,0,No,No,14,Yes,Fiber optic,Yes,No,Yes,Yes,Yes,Month-to-month,No,Credit card,71.69,930.87,No
CUST03582,Female,0,Yes,No,49,Yes,No,No internet service,No internet service,No internet service,No internet service,No internet service,Two year,No,Electronic check,66.9,3222.24,No
CUST03583,Male,0,No,No,49,Yes,No,No internet service,No internet service,No internet service,No internet service,No internet service,Two year,No,Electronic check,37.0,1838.71,No
CUST03584,Male,0,No,No,59,Yes,DSL,No,No,Yes,Yes,No,Two year,Yes,Mailed check,68.7,4085.74,No
CUST03585,Female,0,No,No,59,Yes,DSL,No,No,Yes,Yes,Yes,Month-to-month,Yes,Bank transfer,35.17,2190.14,No
CUST03586,Male,0,Yes,No,71,Yes,Fiber optic,No,No,No,Yes,Yes,One year,No,Credit card,42.25,2904.52,No
CUST03587,Male,0,Yes,Yes,6,Yes,Fiber optic,Yes,Yes,No,No,No,Month-to-month,No,Mailed check,101.13,617.46,Yes
CUST03588,Female,0,No,No,26,Yes,Fiber optic,Yes,No,No,Yes,No,One year,No,Mailed check,70.62,1848.96,No
CUST03589,Female,1,Yes,Yes,26,Yes,No,No internet service,No internet service,No internet service,No internet service,No internet service,Two year,Yes,Bank transfer,84.55,2118.3,No
CUST03590,Female,0,Yes,No,27,Yes,DSL,No,No,Yes,No,Yes,Month-to-month,Yes,Credit card,109.01,3016.3,Yes
CUST03591,Male,0,No,No,17,Yes,No,No internet service,No internet service,No internet service,No internet service,No internet service,Month-to-month,No,Bank transfer,71.76,1356.26,No
CUST03592,Male,0,No,No,17,Yes,DSL,Yes,No,No,No,No,Month-to-month,Yes,Bank transfer,97.22,1654.65,Yes
CUST03593,Female,0,No,Yes,70,No,No,No internet service,No internet service,No internet service,No internet service,No internet service,Month-to-month,Yes,Credit card,82.88,5763.41,No
CUST03594,Female,1,No,Yes,65,Yes,Fiber optic,Yes,No,Yes,Yes,No,Month-to-month,Yes,Credit card,55.21,3708.16,No
CUST03595,Male,0,No,No,49,Yes,No,No internet service,No internet service,No internet service,No internet service,No internet service,Month-to-month,Yes,Credit card,69.58,3444.36,No
CUST03596,Male,0,No,No,40,Yes,DSL,Yes,Yes,Yes,No,Yes,Month-to-month,No,Credit card,,,No
CUST03597,Male,0,No,No,34,Yes,Fiber optic,No,Yes,No,Yes,Yes,Month-to-month,Yes,Mailed check,88.47,2992.47,No
CUST03598,Female,0,No,No,49,Yes,DSL,Yes,No,Yes,Yes,Yes,One year,No,Electronic check,98.11,4778.43,No
CUST03599,Male,0,No,Yes,62,Yes,Fiber optic,Yes,No,No,No,No,One year,No,Credit card,39.0,2350.33,No
CUST03600,Female,0,Yes,No,31,Yes,No,No internet service,No internet service,No internet service,No internet service,No internet service,Two year,Yes,Credit card,51.19,1522.95,No
CUST03601,Male,1,Yes,No,39,Yes,No,No internet service,No internet service,No internet service,No internet service,No internet service,Month-to-month,No,Bank transfer,64.23,2451.42,Yes
CUST03602,Female,1,No,Yes,66,Yes,Fiber optic,No,Yes,No,No,No,One year,Yes,Electronic check,52.79,3549.0,Yes
CUST03603,Male,0,No,No,66,Yes,DSL,Yes,No,Yes,No,Yes,Two year,Yes,Credit card,67.31,4418.91,No
CUST03604,Female,1,No,Yes,16,Yes,No,No internet service,No internet service,No internet service,No internet service,No internet service,Month-to-month,Yes,Bank transfer,82.24,1322.72,No
CUST03605,Female,0,No,Yes,17,Yes,Fiber optic,Yes,No,No,No,No,Two year,No,Bank transfer,105.32,1867.85,No
CUST03606,Male,0,No,Yes,14,Yes,Fiber optic,No,Yes,No,No,Yes,Two year,Yes,Mailed check,60.53,823.51,No
CUST03607,Male,1,Yes,No,1,Yes,DSL,No,Yes,No,No,Yes,Two year,Yes,Electronic check,59.36,0.0,No
CUST03608,Female,0,No,No,50,Yes,No,No internet service,No internet service,No internet service,No internet service,No internet service,Month-to-month,No,Bank transfer,82.46,4198.54,Yes
CUST03609,Female,0,No,Yes,31,Yes,Fiber optic,No,Yes,Yes,No,No,Month-to-month,No,Mailed check,71.87,2197.54,Yes
CUST03610,Female,0,Yes,No,2,Yes,Fiber optic,Yes,No,Yes,No,Yes,Month-to-month,No,Electronic check,34.18,210.89,Yes
CUST03611,Female,0,No,No,14,Yes,DSL,No,No,No,No,No,One year,Yes,Electronic check,51.58,802.82,No
CUST03612,Female,0,No,No,38,Yes,Fiber optic,Yes,Yes,Yes,No,Yes,One year,No,Electronic check,64.37,2488.4,No
CUST03613,Female,0,No,Yes,61,Yes,DSL,No,Yes,Yes,No,No,Month-to-month,No,Mailed check,92.54,5663.05,Yes
CUST03614,Male,0,Yes,Yes,48,Yes,No,No internet service,No internet service,No internet service,No internet service,No internet service,Month-to-month,Yes,Electronic check,100.84,4930.13,Yes
CUST03615,Female,0,Yes,Yes,38,Yes,No,No internet service,No internet service,No internet service,No internet service,No internet service,Month-to-month,Yes,Electronic check,46.55,1788.84,No
CUST03616,Male,0,No,No,13,Yes,No,No internet service,No internet service,No internet service,No internet service,No internet service,One year,Yes,Mailed check,53.81,525.8,No
CUST03617,Male,0,No,No,21,Yes,Fiber optic,Yes,Yes,Yes,Yes,No,Month-to-month,No,Electronic check,94.62,1978.88,Yes
CUST03618,Male,0,No,Yes,57,Yes,Fiber optic,Yes,No,Yes,No,Yes,Month-to-month,No,Electronic check,61.49,3550.66,Yes
CUST03619,Male,0,Yes,No,56,Yes,Fiber optic,Yes,No,Yes,No,No,One year,Yes,Mailed check,,4509.43,No
CUST03620,Male,0,No,Yes,63,Yes,No,No internet service,No internet service,No internet service,No internet service,No internet service,Month-to-month,Yes,Electronic check,68.25,4507.13,No
CUST03621,Female,0,Yes,Yes,38,Yes,DSL,No,Yes,Yes,No,No,One year,No,Electronic check,73.81,2793.06,No
CUST03622,Male,0,Yes,No,19,Yes,DSL,No,Yes,Yes,No,Yes,Month-to-month,No,Credit card,62.65,1235.29,Yes
CUST03623,Male,1,Yes,Yes,36,Yes,Fiber optic,No,Yes,No,No,Yes,Month-to-month,No,Mailed check,100.91,3726.54,Yes
CUST03624,Male,0,No,Yes,65,No,Fiber optic,No,Yes,Yes,No,No,Two year,Yes,Credit card,34.21,2271.99,No
CUST03625,Female,0,No,No,13,Yes,No,No internet service,No internet service,No internet service,No internet service,No internet service,Month-to-month,No,Mailed check,63.08,811.51,No
CUST03626,Female,0,Yes,No,61,Yes,DSL,Yes,No,No,Yes,No,Month-to-month,Yes,Bank transfer,98.59,6046.05,No
CUST03627,Female,0,No,No,72,Yes,Fiber optic,No,Yes,Yes,No,Yes,Two year,Yes,Electronic check,67.65,4855.34,No
CUST03628,Male,0,No,No,59,Yes,DSL,Yes,Yes,Yes,Yes,No,One year,No,Bank transfer,70.08,4127.17,No
CUST03629,Female,0,No,No,48,Yes,DSL,Yes,No,No,Yes,No,Month-to-month,Yes,Mailed check,96.79,4554.14,No
CUST03630,Female,0,No,No,29,Yes,No,No internet service,No internet service,No internet service,No internet service,No internet service,One year,No,Mailed check,84.37,2425.92,No
CUST03631,Male,1,No,No,62,Yes,No,No internet service,No internet service,No internet service,No internet service,No internet service,Month-to-month,Yes,Mailed check,93.9,5725.57,Yes
CUST03632,Female,0,Yes,No,11,Yes,No,No internet service,No internet service,No internet service,No internet service,No internet service,One year,No,Bank transfer,102.67,1128.98,No
CUST03633,Male,0,Yes,Yes,55,Yes,Fiber optic,Yes,No,No,No,Yes,Two year,Yes,Bank transfer,36.64,1982.64,No
CUST03634,Female,0,No,No,29,Yes,Fiber optic,No,Yes,No,No,No,Month-to-month,Yes,Bank transfer,61.27,1816.96,Yes
CUST03635,Female,1,No,Yes,36,No,Fiber optic,Yes,No,No,No,No,One year,Yes,Mailed check,52.09,1755.59,Yes
CUST03636,Male,1,No,No,33,Yes,Fiber optic,Yes,No,No,No,Yes,Month-to-month,No,Electronic check,80.75,2590.49,No
CUST03637,Female,0,No,No,0,Yes,DSL,Yes,Yes,Yes,Yes,No,Month-to-month,No,Credit card,98.61,0.0,Yes
CUST03638,Male,0,No,No,72,No,DSL,Yes,No,Yes,No,No,Month-to-month,No,Bank transfer,18.0,1294.82,No
CUST03639,Male,0,No,No,48,Yes,DSL,No,Yes,No,No,No,Two year,No,Bank transfer,33.0,1564.4,No
CUST03640,Female,0,No,No,43,Yes,Fiber optic,No,No,No,Yes,Yes,One year,No,Credit card,20.72,978.69,No
CUST03641,Female,0,Yes,Yes,7,Yes,No,No internet service,No internet service,No internet service,No internet service,No internet service,Two year,Yes,Electronic check,50.9,359.65,No
CUST03642,Female,0,No,No,56,Yes,Fiber optic,No,No,No,Yes,No,Month-to-month,Yes,Mailed check,73.17,4097.53,No
CUST03643,Female,1,No,Yes,70,Yes,DSL,No,Yes,No,Yes,No,Month-to-month,No,Credit card,112.49,7789.89,No
CUST03644,Male,0,Yes,No,59,Yes,Fiber optic,Yes,No,No,Yes,No,Two year,Yes,Electronic check,39.24,2292.05,No
CUST03645,Female,0,Yes,No,18,Yes,DSL,No,No,Yes,No,Yes,Month-to-month,Yes,Mailed check,131.72,2264.2,No
CUST03646,Female,0,No,No,13,Yes,No,No internet service,No internet service,No internet service,No internet service,No internet service,Two year,Yes,Credit card,84.93,1143.59,No
CUST03647,Female,0,No,No,26,Yes,Fiber optic,No,Yes,Yes,Yes,No,One year,No,Bank transfer,85.85,2298.56,No
CUST03648,Female,0,Yes,Yes,1,Yes,Fiber optic,No,No,No,No,No,Two year,Yes,Mailed check,89.64,0.0,Yes
CUST03649,Female,0,Yes,Yes,40,Yes,DSL,No,Yes,Yes,Yes,Yes,Month-to-month,Yes,Mailed check,36.4,1459.56,No
CUST03650,Female,0,Yes,No,33,Yes,DSL,Yes,No,Yes,No,Yes,Month-to-month,No,Mailed check,56.94,1870.66,No
CUST03651,Male,0,Yes,Yes,36,Yes,Fiber optic,Yes,Yes,Yes,Yes,No,Month-to-month,No,Mailed check,46.14,1757.38,No
CUST03652,Male,0,No,No,72,Yes,Fiber optic,Yes,No,No,Yes,Yes,Two year,Yes,Electronic check,87.78,6240.19,No
CUST03653,Male,0,No,No,47,Yes,DSL,No,Yes,No,No,No,Month-to-month,No,Bank transfer,48.95,2239.86,No
CUST03654,Female,0,No,No,30,Yes,Fiber optic,No,No,Yes,Yes,Yes,One year,Yes,Electronic check,66.19,2006.82,No
CUST03655,Female,0,Yes,Yes,57,Yes,DSL,Yes,No,Yes,Yes,No,One year,Yes,Bank transfer,54.87,3088.56,No
CUST03656,Male,1,Yes,Yes,26,Yes,No,No internet service,No internet service,No internet service,No internet service,No internet service,Two year,No,Bank transfer,107.22,2752.89,Yes
CUST03657,Female,1,Yes,No,55,No,Fiber optic,Yes,Yes,Yes,Yes,No,Two year,No,Credit card,56.27,3058.55,No
CUST03658,Female,0,No,No,68,Yes,Fiber optic,Yes,No,No,No,No,Two year,No,Credit card,43.97,3031.77,No
CUST03659,Male,0,No,No,66,Yes,Fiber optic,No,Yes,Yes,No,Yes,Month-to-month,Yes,Credit card,83.51,5602.55,No
CUST03660,Male,0,Yes,No,37,No,No,No internet service,No internet service,No internet service,No internet service,No internet service,Two year,Yes,Bank transfer,69.91,2580.07,No
CUST03661,Female,0,No,No,34,Yes,DSL,Yes,Yes,No,Yes,No,Month-to-month,Yes,Electronic check,106.57,3601.73,Yes
CUST03662,Male,0,Yes,Yes,29,Yes,Fiber optic,Yes,Yes,Yes,No,Yes,One year,Yes,Credit card,,2348.79,Yes
CUST03663,Female,0,Yes,No,38,Yes,No,No internet service,No internet service,No internet service,No internet service,No internet service,Month-to-month,Yes,Credit card,78.32,2992.69,No
CUST03664,Female,0,No,No,68,Yes,Fiber optic,No,No,No,No,No,Two year,Yes,Electronic check,93.45,6367.31,No
CUST03665,Female,0,Yes,No,63,Yes,DSL,No,Yes,No,Yes,No,Month-to-month,Yes,Mailed check,83.0,5319.69,No
CUST03666,Male,0,No,No,44,Yes,DSL,No,No,No,No,No,Two year,Yes,Electronic check,91.3,3931.86,No
CUST03667,Female,0,Yes,No,20,Yes,No,No internet service,No internet service,No internet service,No internet service,No internet service,Month-to-month,Yes,Mailed check,89.2,1762.94,Yes
CUST03668,Male,0,No,No,27,Yes,DSL,Yes,No,Yes,No,Yes,One year,Yes,Mailed check,63.3,1630.63,No
CUST03669,Male,0,Yes,Yes,17,Yes,DSL,No,Yes,Yes,Yes,No,Month-to-month,Yes,Credit card,41.48,662.25,No
CUST03670,Male,0,Yes,Yes,13,Yes,No,No internet service,No internet service,No internet service,No internet service,No internet service,Month-to-month,Yes,Electronic check,67.08,770.05,Yes
CUST03671,Male,0,Yes,No,0,Yes,No,No internet service,No internet service,No internet service,No internet service,No internet service,Two year,Yes,Electronic check,21.34,0.0,No
CUST03672,Male,0,No,No,56,Yes,Fiber optic,Yes,No,No,No,No,One year,Yes,Bank transfer,53.08,3002.09,No
CUST03673,Female,0,No,No,53,Yes,DSL,No,No,No,No,No,Month-to-month,Yes,Bank transfer,61.63,3055.9,No
CUST03674,Male,1,No,No,13,Yes,Fiber optic,No,No,Yes,No,Yes,One year,Yes,Credit card,103.96,1325.37,Yes
CUST03675,Female,0,Yes,No,50,Yes,No,No internet service,No internet service,No internet service,No internet service,No internet service,Two year,No,Credit card,67.73,3379.31,No
CUST03676,Male,1,Yes,Yes,12,Yes,DSL,Yes,Yes,Yes,Yes,Yes,One year,Yes,Electronic check,115.37,1362.39,Yes
CUST03677,Male,0,Yes,No,20,Yes,DSL,Yes,Yes,No,Yes,Yes,Month-to-month,No,Bank transfer,83.31,1532.15,No
CUST03678,Female,0,No,Yes,18,Yes,No,No internet service,No internet service,No internet service,No internet service,No internet service,Two year,No,Credit card,30.78,630.49,No
CUST03679,Female,0,Yes,No,9,Yes,Fiber optic,No,No,No,No,No,Month-to-month,Yes,Credit card,100.21,977.29,No
CUST03680,Female,0,Yes,No,53,Yes,Fiber optic,No,No,No,No,No,One year,Yes,Bank transfer,97.61,5264.81,No
CUST03681,Female,0,No,Yes,3,Yes,No,No internet service,No internet service,No internet service,No internet service,No internet service,Month-to-month,Yes,Mailed check,29.61,44.15,Yes
CUST03682,Male,1,No,No,29,Yes,Fiber optic,No,Yes,No,Yes,No,One year,Yes,Electronic check,89.69,2614.81,No
CUST03683,Male,0,Yes,No,35,Yes,No,No internet service,No internet service,No internet service,No internet service,No internet service,Month-to-month,Yes,Mailed check,107.66,3709.73,Yes
CUST03684,Female,0,Yes,No,42,Yes,DSL,No,No,No,No,No,Month-to-month,Yes,Bank transfer,18.0,670.21,Yes
CUST03685,Female,0,Yes,Yes,14,Yes,Fiber optic,No,No,Yes,No,Yes,Two year,Yes,Credit card,,534.83,No
CUST03686,Male,0,No,Yes,34,Yes,Fiber optic,Yes,No,No,Yes,No,Two year,Yes,Mailed check,95.33,3257.27,Yes
CUST03687,Male,0,Yes,No,57,Yes,Fiber optic,Yes,No,No,Yes,Yes,Two year,Yes,Bank transfer,67.17,3895.57,No
CUST03688,Female,0,No,No,27,No,Fiber optic,No,Yes,No,Yes,Yes,Two year,No,Bank transfer,108.69,3037.54,No
CUST03689,Female,0,Yes,No,69,Yes,Fiber optic,Yes,No,Yes,Yes,No,Month-to-month,Yes,Mailed check,95.43,6580.71,Yes
CUST03690,Male,0,No,Yes,31,Yes,Fiber optic,No,Yes,Yes,Yes,Yes,One year,Yes,Bank transfer,92.63,2816.96,No
CUST03691,Male,0,No,No,56,Yes,DSL,No,Yes,Yes,Yes,Yes,Month-to-month,No,Credit card,101.1,5653.87,No
CUST03692,Female,0,Yes,No,8,Yes,Fiber optic,Yes,No,No,No,Yes,Month-to-month,No,Bank transfer,51.44,489.22,Yes
CUST03693,Male,0,Yes,Yes,62,Yes,Fiber optic,No,Yes,Yes,Yes,No,Month-to-month,Yes,Bank transfer,64.17,4108.33,No
CUST03694,Male,0,Yes,No,35,Yes,Fiber optic,No,No,Yes,No,No,Month-to-month,Yes,Bank transfer,120.58,4314.47,No
CUST03695,Male,0,No,No,72,Yes,Fiber optic,No,Yes,Yes,Yes,No,Month-to-month,Yes,Credit card,63.17,4634.55,Yes
CUST03696,Female,0,No,No,51,Yes,DSL,No,No,Yes,Yes,Yes,Month-to-month,No,Bank transfer,99.28,5172.2,No
CUST03697,Male,0,No,No,54,Yes,DSL,Yes,Yes,No,No,No,One year,No,Electronic check,66.98,3622.81,No
CUST03698,Male,0,Yes,Yes,10,Yes,No,No internet service,No internet service,No internet service,No internet service,No internet service,Two year,Yes,Electronic check,52.77,550.24,No
CUST03699,Male,0,Yes,No,41,Yes,No,No internet service,No internet service,No internet service,No internet service,No internet service,Month-to-month,No,Mailed check,47.25,2022.06,No
CUST03700,Female,0,No,Yes,53,Yes,Fiber optic,No,Yes,No,No,Yes,Month-to-month,Yes,Credit card,85.76,4586.48,Yes
CUST03701,Male,0,No,No,59,Yes,Fiber optic,Yes,No,Yes,No,Yes,Month-to-month,Yes,Electronic check,104.54,6237.23,Yes
CUST03702,Male,0,No,No,27,Yes,DSL,Yes,No,No,No,No,One year,Yes,Electronic check,84.17,2223.97,Yes
CUST03703,Male,0,No,No,41,Yes,Fiber optic,No,Yes,Yes,Yes,Yes,Month-to-month,No,Bank transfer,78.3,3322.19,No
CUST03704,Female,0,No,No,12,Yes,Fiber optic,No,Yes,No,Yes,No,One year,No,Bank transfer,43.23,478.84,Yes
CUST03705,Female,0,No,No,31,No,Fiber optic,Yes,Yes,Yes,Yes,No,Month-to-month,Yes,Electronic check,71.97,2320.05,Yes
CUST03706,Female,0,No,Yes,34,No,DSL,Yes,No,Yes,No,Yes,One year,No,Credit card,76.46,2592.48,No
CUST03707,Male,0,No,No,2,Yes,DSL,Yes,No,No,No,Yes,One year,No,Electronic check,49.95,57.22,No
CUST03708,Female,1,No,No,66,Yes,No,No internet service,No internet service,No internet service,No internet service,No internet service,Month-to-month,Yes,Electronic check,82.81,5305.98,No
CUST03709,Male,0,No,No,46,Yes,Fiber optic,No,No,Yes,No,Yes,Two year,No,Credit card,54.73,2500.15,No
CUST03710,Female,0,Yes,No,13,Yes,No,No internet service,No internet service,No internet service,No internet service,No internet service,Month-to-month,No,Mailed check,62.15,708.17,No
CUST03711,Male,0,No,No,65,Yes,Fiber optic,Yes,Yes,No,No,Yes,Month-to-month,Yes,Bank transfer,91.3,5860.68,Yes
CUST03712,Female,0,No,No,50,Yes,No,No internet service,No internet service,No internet service,No internet service,No internet service,One year,Yes,Electronic check,111.95,5638.24,No
CUST03713,Female,0,Yes,No,50,No,DSL,No,Yes,Yes,Yes,Yes,Month-to-month,No,Electronic check,109.77,5367.05,No
CUST03714,Male,0,No,No,68,Yes,DSL,No,No,No,Yes,Yes,Two year,No,Electronic check,68.45,4753.04,No
CUST03715,Female,0,Yes,No,29,Yes,Fiber optic,Yes,No,Yes,No,Yes,Month-to-month,Yes,Mailed check,85.72,2687.51,No
CUST03716,Male,0,Yes,Yes,25,Yes,Fiber optic,No,No,Yes,No,Yes,Two year,Yes,Bank transfer,87.89,2158.6,No
CUST03717,Male,0,Yes,No,45,Yes,DSL,Yes,No,No,No,No,One year,No,Mailed check,87.74,4044.66,No
CUST03718,Male,1,No,No,64,No,Fiber optic,No,Yes,No,Yes,Yes,One year,Yes,Credit card,75.23,4702.96,No
CUST03719,Female,0,No,No,59,Yes,DSL,No,Yes,Yes,Yes,No,Month-to-month,No,Electronic check,104.46,6195.15,Yes
CUST03720,Male,0,No,No,57,Yes,DSL,Yes,No,Yes,Yes,Yes,Month-to-month,Yes,Mailed check,56.75,3263.15,No
CUST03721,Female,0,Yes,No,55,Yes,No,No internet service,No internet service,No internet service,No internet service,No internet service,Two year,Yes,Electronic check,43.55,2641.26,No
CUST03722,Female,0,No,No,2,Yes,Fiber optic,Yes,Yes,Yes,Yes,No,One year,No,Credit card,80.94,132.1,No
CUST03723,Female,0,Yes,No,35,Yes,DSL,Yes,Yes,No,Yes,No,Two year,Yes,Bank transfer,64.31,,No
CUST03724,Female,1,Yes,Yes,25,Yes,DSL,No,Yes,Yes,No,Yes,Month-to-month,Yes,Bank transfer,120.03,2985.99,Yes
CUST03725,Male,1,Yes,No,26,Yes,No,No internet service,No internet service,No internet service,No internet service,No internet service,One year,Yes,Credit card,60.47,1542.5,No
CUST03726,Female,0,No,No,62,Yes,No,No internet service,No internet service,No internet service,No internet service,No internet service,Two year,No,Credit card,97.96,6062.47,No
CUST03727,Male,0,Yes,No,28,Yes,DSL,Yes,No,No,Yes,No,One year,Yes,Mailed check,83.95,2335.51,No
CUST03728,Female,0,No,No,61,Yes,Fiber optic,Yes,No,Yes,Yes,Yes,Month-to-month,No,Credit card,37.14,2214.88,No
CUST03729,Male,0,No,No,66,Yes,Fiber optic,No,No,Yes,No,Yes,Two year,No,Mailed check,86.96,5760.79,No
CUST03730,Female,0,Yes,No,33,Yes,DSL,No,Yes,Yes,Yes,No,Month-to-month,No,Bank transfer,55.83,1770.73,No
CUST03731,Female,1,No,No,12,Yes,Fiber optic,Yes,Yes,No,Yes,Yes,Month-to-month,Yes,Mailed check,132.2,1554.45,Yes
CUST03732,Female,0,Yes,Yes,50,Yes,DSL,Yes,No,Yes,Yes,No,Month-to-month,Yes,Mailed check,52.4,2773.72,No
CUST03733,Male,0,Yes,No,62,Yes,DSL,No,No,No,Yes,Yes,Two year,Yes,Bank transfer,49.07,3033.07,No
CUST03734,Female,0,Yes,Yes,29,Yes,Fiber optic,No,No,Yes,No,No,Two year,Yes,Bank transfer,18.0,592.93,Yes
CUST03735,Male,0,No,No,14,Yes,DSL,Yes,Yes,Yes,Yes,No,Two year,Yes,Credit card,53.0,735.91,No
CUST03736,Male,1,No,No,38,No,Fiber optic,Yes,No,Yes,Yes,Yes,Month-to-month,Yes,Bank transfer,90.3,3492.87,No
CUST03737,Male,0,No,No,71,Yes,DSL,No,Yes,Yes,No,No,One year,No,Mailed check,46.36,3277.58,No
CUST03738,Female,0,No,No,37,Yes,Fiber optic,No,Yes,No,No,Yes,Month-to-month,No,Credit card,85.02,2938.89,No
CUST03739,Female,1,Yes,No,32,Yes,No,No internet service,No internet service,No internet service,No internet service,No internet service,Month-to-month,No,Credit card,78.6,2512.73,No
CUST03740,Female,0,No,No,32,Yes,Fiber optic,No,No,Yes,No,Yes,Two year,Yes,Bank transfer,47.76,1448.2,No
CUST03741,Male,0,Yes,No,53,Yes,Fiber optic,Yes,Yes,Yes,No,No,Month-to-month,Yes,Mailed check,69.18,3642.53,No
CUST03742,Male,0,Yes,Yes,24,Yes,Fiber optic,Yes,No,No,No,Yes,Month-to-month,No,Credit card,48.61,1221.7,No
CUST03743,Female,0,No,Yes,53,Yes,No,No internet service,No internet service,No internet service,No internet service,No internet service,One year,No,Bank transfer,93.62,5107.17,No
CUST03744,Male,0,Yes,No,72,Yes,Fiber optic,Yes,No,No,Yes,No,Two year,Yes,Mailed check,26.6,1802.53,No
CUST03745,Male,0,Yes,No,56,Yes,DSL,Yes,No,No,No,Yes,Month-to-month,Yes,Mailed check,90.58,5053.36,Yes
CUST03746,Female,0,Yes,No,67,No,DSL,No,No,No,No,No,One year,No,Credit card,54.1,3626.06,No
CUST03747,Male,1,Yes,Yes,57,Yes,Fiber optic,No,Yes,Yes,No,Yes,Two year,Yes,Bank transfer,75.06,4282.33,No
CUST03748,Female,0,No,Yes,61,Yes,Fiber optic,No,Yes,Yes,Yes,Yes,Month-to-month,Yes,Bank transfer,83.8,5116.24,Yes
CUST03749,Female,1,No,No,2,Yes,DSL,No,No,Yes,Yes,Yes,Two year,Yes,Credit card,75.68,196.42,No
CUST03750,Female,1,No,No,25,Yes,Fiber optic,Yes,Yes,Yes,No,No,One year,Yes,Electronic check,123.69,3057.23,Yes
CUST03751,Female,0,Yes,Yes,19,No,Fiber optic,Yes,No,Yes,No,Yes,Month-to-month,Yes,Mailed check,61.71,1156.61,Yes
CUST03752,Female,0,No,Yes,63,Yes,Fiber optic,Yes,Yes,Yes,Yes,Yes,Month-to-month,Yes,Bank transfer,37.94,2421.76,No
CUST03753,Female,0,No,Yes,16,Yes,Fiber optic,No,Yes,Yes,No,No,Month-to-month,Yes,Mailed check,126.47,1967.61,Yes
CUST03754,Male,0,No,No,70,Yes,Fiber optic,No,Yes,Yes,No,Yes,Two year,No,Credit card,81.44,5653.51,No
CUST03755,Male,0,No,No,50,Yes,Fiber optic,No,Yes,Yes,No,Yes,Month-to-month,No,Mailed check,76.01,3795.19,Yes
CUST03756,Male,0,No,No,9,Yes,Fiber optic,Yes,Yes,No,No,Yes,Month-to-month,Yes,Bank transfer,128.24,1106.87,Yes
CUST03757,Female,0,No,No,49,Yes,No,No internet service,No internet service,No internet service,No internet service,No internet service,Month-to-month,Yes,Mailed check,39.54,1859.23,No
CUST03758,Female,0,No,No,25,No,Fiber optic,Yes,No,No,No,Yes,Two year,Yes,Bank transfer,70.19,1667.16,Yes
CUST03759,Male,0,Yes,No,21,Yes,Fiber optic,Yes,Yes,Yes,Yes,Yes,Month-to-month,No,Electronic check,45.17,945.08,Yes
CUST03760,Female,0,Yes,No,72,Yes,Fiber optic,Yes,Yes,No,Yes,No,Month-to-month,Yes,Credit card,69.6,5120.82,No
CUST03761,Male,0,No,No,57,Yes,No,No internet service,No internet service,No internet service,No internet service,No internet service,Two year,No,Mailed check,36.56,2115.32,No
CUST03762,Female,0,Yes,No,55,Yes,Fiber optic,No,No,No,Yes,Yes,Month-to-month,No,Credit card,74.63,4028.47,No
CUST03763,Female,1,Yes,No,22,Yes,Fiber optic,Yes,Yes,Yes,No,No,Two year,No,Credit card,72.83,1726.13,No
CUST03764,Female,1,No,No,48,Yes,DSL,No,Yes,No,Yes,No,Month-to-month,Yes,Electronic check,71.56,,No
CUST03765,Male,0,Yes,No,25,Yes,Fiber optic,,No,Yes,Yes,No,Month-to-month,No,Electronic check,18.0,576.97,No
CUST03766,Male,0,Yes,Yes,44,Yes,Fiber optic,Yes,Yes,Yes,No,Yes,Month-to-month,Yes,Mailed check,91.66,4027.11,Yes
CUST03767,Female,0,No,No,29,No,DSL,No,Yes,Yes,Yes,Yes,Two year,No,Mailed check,66.72,1956.17,No
CUST03768,Female,0,Yes,No,44,Yes,Fiber optic,No,Yes,Yes,Yes,Yes,One year,No,Credit card,138.21,6051.99,No
CUST03769,Female,0,Yes,No,54,Yes,No,No internet service,No internet service,No internet service,No internet service,No internet service,Month-to-month,No,Electronic check,60.77,3257.69,Yes
CUST03770,Male,0,Yes,Yes,23,Yes,DSL,Yes,Yes,Yes,No,Yes,Two year,No,Electronic check,56.65,1413.53,No
CUST03771,Male,0,Yes,No,0,Yes,Fiber optic,No,No,No,Yes,No,Two year,No,Electronic check,76.61,0.0,Yes
CUST03772,Male,0,Yes,No,7,Yes,No,No internet service,No internet service,No internet service,No internet service,No internet service,Month-to-month,Yes,Credit card,41.74,367.61,No
CUST03773,Female,0,No,No,66,Yes,No,No internet service,No internet service,No internet service,No internet service,No internet service,Month-to-month,Yes,Bank transfer,,6817.62,Yes
CUST03774,Male,1,Yes,No,70,Yes,Fiber optic,Yes,Yes,No,Yes,No,Month-to-month,Yes,Bank transfer,49.27,3439.64,Yes
CUST03775,Male,0,Yes,Yes,50,Yes,DSL,Yes,No,Yes,No,Yes,Month-to-month,Yes,Credit card,51.98,2648.92,No
CUST03776,Male,0,No,Yes,7,Yes,Fiber optic,Yes,Yes,Yes,Yes,Yes,Two year,Yes,Mailed check,93.74,646.73,No
CUST03777,Female,1,Yes,No,42,Yes,DSL,Yes,No,No,No,Yes,One year,Yes,Mailed check,79.3,3267.58,No
CUST03778,Female,0,Yes,Yes,31,No,Fiber optic,No,Yes,No,No,Yes,Two year,Yes,Bank transfer,78.82,2382.74,No
CUST03779,Female,0,Yes,No,17,Yes,Fiber optic,Yes,No,Yes,No,Yes,Two year,Yes,Credit card,40.01,,Yes
CUST03780,Male,0,Yes,No,27,Yes,Fiber optic,No,No,Yes,No,Yes,Two year,Yes,Credit card,98.28,2476.81,Yes
CUST03781,Male,1,Yes,No,57,Yes,Fiber optic,Yes,Yes,No,No,Yes,Two year,No,Electronic check,48.22,2778.63,No
CUST03782,Male,0,Yes,Yes,72,Yes,No,No internet service,No internet service,No internet service,No internet service,No internet service,Two year,Yes,Mailed check,30.87,2107.62,No
CUST03783,Male,0,No,No,63,No,Fiber optic,Yes,Yes,Yes,Yes,Yes,One year,No,Credit card,83.24,5258.11,No
CUST03784,Female,0,No,No,14,Yes,Fiber optic,Yes,Yes,Yes,No,No,Two year,Yes,Electronic check,68.63,1067.91,No
CUST03785,Female,0,No,Yes,36,Yes,DSL,No,No,No,Yes,No,Two year,Yes,Mailed check,68.02,2377.99,No
CUST03786,Female,0,Yes,Yes,38,Yes,No,No internet service,No internet service,No internet service,No internet service,No internet service,Month-to-month,No,Credit card,90.73,3489.66,Yes
CUST03787,Male,0,No,No,21,Yes,Fiber optic,Yes,Yes,No,Yes,No,One year,No,Credit card,66.01,1476.15,No
CUST03788,Male,0,No,Yes,31,Yes,DSL,No,No,No,Yes,Yes,One year,Yes,Bank transfer,30.27,892.31,No
CUST03789,Female,0,Yes,Yes,27,No,DSL,Yes,No,No,Yes,No,Month-to-month,Yes,Credit card,65.51,1717.0,No
CUST03790,Male,0,No,No,5,Yes,Fiber optic,No,Yes,Yes,No,Yes,Month-to-month,No,Electronic check,81.2,436.0,Yes
CUST03791,Male,0,No,No,30,Yes,DSL,Yes,Yes,No,Yes,No,Month-to-month,No,Mailed check,78.46,2453.8,No
CUST03792,Male,0,Yes,Yes,26,Yes,No,,No internet service,No internet service,No internet service,No internet service,Month-to-month,No,Electronic check,69.52,1990.11,No
CUST03793,Male,0,No,No,22,Yes,DSL,No,Yes,Yes,Yes,Yes,Month-to-month,Yes,Credit card,134.28,2894.92,No
CUST03794,Female,0,Yes,No,44,Yes,Fiber optic,Yes,Yes,No,No,Yes,Month-to-month,Yes,Bank transfer,115.49,5133.37,Yes
CUST03795,Female,1,Yes,No,51,Yes,DSL,Yes,Yes,No,No,No,Two year,Yes,Credit card,43.98,2204.55,No
CUST03796,Male,1,Yes,No,3,Yes,Fiber optic,Yes,No,Yes,No,No,One year,Yes,Bank transfer,39.76,28.96,No
CUST03797,Female,0,Yes,Yes,24,Yes,No,No internet service,No internet service,No internet service,No internet service,No internet service,Month-to-month,Yes,Bank transfer,107.15,2552.89,No
CUST03798,Male,0,No,Yes,2,Yes,DSL,No,Yes,No,Yes,Yes,Month-to-month,Yes,Credit card,100.63,182.8,No
CUST03799,Male,0,No,No,59,Yes,DSL,No,No,Yes,Yes,No,Month-to-month,No,Mailed check,110.99,6555.32,No
CUST03800,Male,0,Yes,No,67,Yes,DSL,No,No,Yes,Yes,Yes,Month-to-month,Yes,Credit card,62.9,4247.8,No
CUST03801,Female,0,No,No,33,Yes,DSL,Yes,No,Yes,No,No,Two year,Yes,Credit card,69.99,2328.28,No
CUST03802,Female,1,No,No,68,Yes,Fiber optic,Yes,No,Yes,Yes,No,One year,Yes,Bank transfer,29.54,2105.92,No
CUST03803,Female,0,No,No,45,Yes,DSL,Yes,No,Yes,Yes,No,Month-to-month,No,Mailed check,77.6,3642.26,No
CUST03804,Male,0,No,No,63,Yes,Fiber optic,Yes,Yes,No,No,Yes,Month-to-month,No,Bank transfer,58.03,3657.13,No
CUST03805,Male,1,No,No,69,Yes,Fiber optic,Yes,Yes,No,No,Yes,Two year,Yes,Credit card,54.48,3719.74,No
CUST03806,Female,0,No,No,42,No,No,No internet service,No internet service,No internet service,No internet service,No internet service,Two year,No,Bank transfer,97.09,4061.83,No
CUST03807,Male,0,Yes,No,32,Yes,DSL,No,No,No,Yes,Yes,One year,No,Credit card,,2224.76,No
CUST03808,Male,0,No,No,54,Yes,No,No internet service,No internet service,No internet service,No internet service,No internet service,Month-to-month,No,Bank transfer,94.62,5062.17,No
CUST03809,Female,0,Yes,No,12,Yes,No,No internet service,No internet service,No internet service,No internet service,No internet service,Month-to-month,Yes,Mailed check,71.3,735.7,Yes
CUST03810,Female,1,Yes,No,21,Yes,Fiber optic,Yes,No,Yes,Yes,No,Month-to-month,No,Credit card,87.7,1733.89,No
CUST03811,Male,0,Yes,No,40,Yes,Fiber optic,No,Yes,No,Yes,Yes,Month-to-month,Yes,Mailed check,41.19,1702.3,Yes
CUST03812,Male,0,Yes,No,14,Yes,Fiber optic,No,No,Yes,No,Yes,One year,Yes,Electronic check,49.33,750.61,No
CUST03813,Female,0,No,No,36,Yes,DSL,Yes,No,Yes,No,Yes,Month-to-month,Yes,Credit card,85.33,3097.91,Yes
CUST03814,Male,1,No,No,62,Yes,No,No internet service,No internet service,No internet service,No internet service,No internet service,Two year,Yes,Bank transfer,116.31,7191.86,No
CUST03815,Male,0,No,Yes,57,Yes,No,No internet service,No internet service,No internet service,No internet service,No internet service,One year,No,Electronic check,85.66,4842.21,No
CUST03816,Male,0,No,No,65,Yes,DSL,No,Yes,No,Yes,Yes,Two year,Yes,Electronic check,74.39,4725.56,No
CUST03817,Male,0,Yes,No,62,Yes,DSL,No,No,No,Yes,No,Two year,Yes,Credit card,111.56,6864.6,No
CUST03818,Female,1,No,No,24,Yes,DSL,Yes,No,Yes,Yes,Yes,Month-to-month,Yes,Bank transfer,68.55,1586.64,No
CUST03819,Female,0,Yes,Yes,52,Yes,Fiber optic,No,No,Yes,No,No,One year,No,Bank transfer,54.09,2699.53,No
CUST03820,Female,0,Yes,No,27,Yes,No,No internet service,No internet service,No internet service,No internet service,No internet service,Two year,Yes,Bank transfer,74.17,2020.01,No
CUST03821,Male,1,No,No,70,Yes,DSL,No,No,No,No,Yes,Month-to-month,No,Credit card,83.32,5773.29,No
CUST03822,Male,0,No,Yes,12,Yes,Fiber optic,No,No,Yes,No,No,Month-to-month,No,Mailed check,42.34,511.32,No
CUST03823,Female,0,Yes,No,19,Yes,No,No internet service,No internet service,No internet service,No internet service,No internet service,Month-to-month,No,Electronic check,77.23,1349.03,No
CUST03824,Male,0,Yes,No,68,Yes,Fiber optic,Yes,Yes,Yes,Yes,Yes,Month-to-month,Yes,Credit card,30.89,2147.53,Yes
CUST03825,Female,0,Yes,Yes,17,No,Fiber optic,Yes,Yes,Yes,No,No,One year,Yes,Mailed check,66.49,1164.67,No
CUST03826,Female,0,No,Yes,45,No,Fiber optic,No,No,Yes,Yes,No,Month-to-month,Yes,Bank transfer,70.08,3112.53,No
CUST03827,Male,0,Yes,No,21,Yes,DSL,No,Yes,No,No,Yes,Month-to-month,Yes,Bank transfer,73.19,1646.86,No
CUST03828,Female,0,Yes,No,20,Yes,Fiber optic,No,Yes,Yes,No,Yes,One year,Yes,Credit card,25.05,494.53,Yes
CUST03829,Female,0,No,No,48,Yes,DSL,No,No,Yes,No,No,Two year,No,Electronic check,76.51,3683.34,No
CUST03830,Male,0,No,Yes,58,Yes,Fiber optic,No,Yes,No,Yes,Yes,Month-to-month,No,Credit card,95.85,5434.34,Yes
CUST03831,Female,1,Yes,Yes,16,Yes,DSL,Yes,Yes,No,Yes,Yes,Two year,Yes,Credit card,109.2,1684.58,No
CUST03832,Male,0,No,No,71,No,No,No internet service,No internet service,No internet service,No internet service,No internet service,Two year,No,Credit card,110.32,7780.65,No
CUST03833,Female,0,Yes,Yes,6,Yes,Fiber optic,Yes,Yes,No,No,Yes,Month-to-month,No,Credit card,74.63,510.34,No
CUST03834,Female,0,Yes,No,7,Yes,No,No internet service,No internet service,No internet service,No internet service,No internet service,One year,Yes,Electronic check,135.96,1028.81,No
CUST03835,Male,0,No,Yes,71,No,Fiber optic,Yes,Yes,No,Yes,Yes,Month-to-month,No,Credit card,55.0,3859.38,No
CUST03836,Female,0,Yes,No,4,Yes,Fiber optic,No,No,No,Yes,Yes,One year,Yes,Credit card,55.79,236.79,No
CUST03837,Male,0,Yes,No,22,Yes,DSL,No,No,Yes,No,No,Two year,Yes,Credit card,74.45,1706.44,No
CUST03838,Female,0,No,No,8,Yes,Fiber optic,Yes,Yes,Yes,Yes,No,Month-to-month,No,Credit card,94.68,730.24,Yes
CUST03839,Female,0,No,Yes,16,Yes,Fiber optic,No,No,No,No,Yes,Two year,Yes,Mailed check,90.08,1324.31,No
CUST03840,Female,0,No,No,5,Yes,Fiber optic,No,No,No,Yes,No,Month-to-month,No,Credit card,18.0,146.87,No
CUST03841,Female,1,No,No,26,Yes,Fiber optic,No,Yes,Yes,Yes,Yes,Two year,No,Electronic check,49.89,1331.13,No
CUST03842,Male,0,Yes,No,21,Yes,DSL,No,Yes,Yes,Yes,No,Month-to-month,Yes,Credit card,93.18,1980.07,Yes
CUST03843,Female,0,No,Yes,11,Yes,DSL,Yes,No,No,No,Yes,Month-to-month,Yes,Electronic check,51.78,646.35,Yes
CUST03844,Male,0,Yes,Yes,52,Yes,DSL,No,No,No,No,No,Two year,Yes,Credit card,70.78,3763.91,No
CUST03845,Female,0,No,No,2,Yes,DSL,No,Yes,Yes,No,No,One year,Yes,Electronic check,82.98,215.65,No
CUST03846,Male,0,Yes,No,34,Yes,Fiber optic,No,Yes,Yes,Yes,Yes,Month-to-month,Yes,Bank transfer,86.09,2833.38,No
CUST03847,Female,1,Yes,No,22,No,Fiber optic,Yes,No,No,No,No,Two year,No,Electronic check,95.52,1980.42,Yes
CUST03848,Male,1,Yes,No,47,No,Fiber optic,No,Yes,No,Yes,Yes,Month-to-month,No,Electronic check,105.78,4999.7,Yes
CUST03849,Female,0,No,No,24,Yes,DSL,No,Yes,Yes,No,Yes,Two year,Yes,Electronic check,89.81,2160.66,No
CUST03850,Male,1,Yes,No,34,Yes,Fiber optic,Yes,Yes,Yes,No,No,Month-to-month,Yes,Mailed check,43.31,1483.77,Yes
CUST03851,Female,0,No,No,59,No,DSL,Yes,No,No,Yes,Yes,Month-to-month,Yes,Credit card,88.66,5366.21,No
CUST03852,Male,0,No,Yes,10,Yes,DSL,Yes,Yes,Yes,Yes,Yes,Month-to-month,No,Electronic check,101.04,1083.81,Yes
CUST03853,Male,0,No,Yes,31,Yes,No,No internet service,No internet service,No internet service,No internet service,No internet service,One year,Yes,Electronic check,85.34,2630.8,No
CUST03854,Male,0,Yes,No,41,Yes,Fiber optic,Yes,Yes,Yes,Yes,No,Month-to-month,Yes,Mailed check,106.24,4296.95,No
CUST03855,Male,0,Yes,No,53,Yes,DSL,No,No,Yes,Yes,Yes,Month-to-month,Yes,Electronic check,79.94,4288.41,Yes
CUST03856,Female,1,No,No,39,Yes,DSL,Yes,Yes,No,Yes,No,One year,No,Mailed check,70.83,2799.37,No
CUST03857,Male,0,No,Yes,53,Yes,Fiber optic,Yes,Yes,Yes,Yes,Yes,Month-to-month,Yes,Mailed check,52.82,2782.25,Yes
CUST03858,Male,0,Yes,Yes,58,Yes,Fiber optic,Yes,Yes,Yes,No,No,Two year,Yes,Bank transfer,124.86,7023.01,No
CUST03859,Male,0,No,No,57,Yes,DSL,Yes,No,No,Yes,Yes,Month-to-month,No,Bank transfer,47.87,2651.91,Yes
CUST03860,Male,0,Yes,No,44,Yes,Fiber optic,Yes,Yes,No,Yes,Yes,Two year,No,Credit card,73.88,3318.51,No
CUST03861,Female,1,Yes,No,67,Yes,Fiber optic,Yes,No,Yes,No,No,One year,Yes,Mailed check,65.09,4257.65,No
CUST03862,Female,0,Yes,Yes,1,Yes,Fiber optic,Yes,Yes,Yes,Yes,No,Two year,No,Credit card,40.64,86.97,Yes
CUST03863,Male,0,Yes,No,36,Yes,Fiber optic,Yes,No,Yes,No,Yes,Month-to-month,No,Bank transfer,96.2,3498.69,Yes
CUST03864,Female,0,Yes,No,58,Yes,No,No internet service,No internet service,No internet service,No internet service,No internet service,Two year,No,Credit card,86.47,4935.98,No
CUST03865,Female,0,No,No,7,Yes,DSL,No,Yes,No,Yes,No,One year,No,Bank transfer,80.1,632.69,No
CUST03866,Female,0,Yes,Yes,59,Yes,DSL,No,Yes,Yes,No,No,Two year,No,Electronic check,58.32,3434.52,No
CUST03867,Female,0,No,No,2,Yes,DSL,No,No,Yes,Yes,Yes,Month-to-month,No,Electronic check,88.08,164.28,No
CUST03868,Female,0,No,Yes,57,Yes,DSL,No,Yes,Yes,Yes,No,Two year,Yes,Credit card,67.47,3753.82,No
CUST03869,Male,0,No,No,13,Yes,DSL,No,No,No,Yes,No,One year,Yes,Electronic check,86.03,1222.2,No
CUST03870,Female,0,Yes,Yes,48,Yes,DSL,Yes,No,No,No,Yes,Two year,No,Credit card,109.9,5179.83,No
CUST03871,Male,0,No,No,60,Yes,No,No internet service,No internet service,No internet service,No internet service,No internet service,Month-to-month,Yes,Mailed check,18.0,983.72,No
CUST03872,Male,0,Yes,Yes,59,No,No,No internet service,No internet service,No internet service,No internet service,No internet service,Month-to-month,Yes,Credit card,99.05,5855.27,No
CUST03873,Female,1,No,No,41,Yes,Fiber optic,Yes,No,No,Yes,No,Two year,Yes,Mailed check,133.34,5388.51,No
CUST03874,Male,1,Yes,No,66,Yes,Fiber optic,No,Yes,Yes,No,Yes,Month-to-month,Yes,Electronic check,117.02,7888.76,Yes
CUST03875,Female,0,No,Yes,10,Yes,Fiber optic,Yes,No,Yes,No,Yes,One year,No,Mailed check,93.32,854.16,No
CUST03876,Female,0,Yes,Yes,17,Yes,Fiber optic,Yes,Yes,Yes,Yes,No,Month-to-month,Yes,Credit card,104.59,1841.48,Yes
CUST03877,Female,1,No,No,9,Yes,Fiber optic,Yes,No,No,Yes,Yes,Two year,Yes,Bank transfer,52.76,606.28,No
CUST03878,Male,0,Yes,No,52,Yes,DSL,No,Yes,Yes,Yes,No,Month-to-month,No,Bank transfer,80.01,4217.77,No
CUST03879,Male,0,Yes,No,65,No,No,No internet service,No internet service,No internet service,No internet service,No internet service,Month-to-month,Yes,Bank transfer,70.25,4505.83,No
CUST03880,Male,0,No,No,67,Yes,Fiber optic,Yes,Yes,No,Yes,No,Two year,No,Bank transfer,62.32,4202.91,No
CUST03881,Female,0,Yes,Yes,37,Yes,DSL,No,No,Yes,No,Yes,Month-to-month,Yes,Bank transfer,98.71,3760.69,Yes
CUST03882,Male,0,No,No,9,No,Fiber optic,Yes,Yes,Yes,Yes,No,Month-to-month,Yes,Mailed check,69.06,501.61,No
CUST03883,Female,0,No,Yes,12,Yes,DSL,No,No,Yes,Yes,Yes,Two year,Yes,Electronic check,27.64,419.49,No
CUST03884,Male,0,No,No,45,Yes,No,No internet service,No internet service,No internet service,No internet service,No internet service,Month-to-month,No,Credit card,84.96,3862.49,No
CUST03885,Male,1,No,No,65,Yes,Fiber optic,Yes,Yes,No,No,No,Month-to-month,No,Mailed check,73.31,4916.35,No
CUST03886,Male,0,No,No,72,Yes,No,No internet service,No internet service,No internet service,No internet service,No internet service,One year,Yes,Credit card,91.33,6610.03,No
CUST03887,Male,0,No,Yes,52,Yes,No,No internet service,No internet service,No internet service,No internet service,No internet service,Month-to-month,No,Bank transfer,63.76,3327.69,No
CUST03888,Male,0,Yes,Yes,64,Yes,Fiber optic,Yes,No,No,Yes,No,Two year,Yes,Credit card,30.93,2034.22,No
CUST03889,Male,0,No,No,34,Yes,No,No internet service,No internet service,No internet service,No internet service,No internet service,Two year,Yes,Bank transfer,49.64,1588.56,No
CUST03890,Female,0,No,No,14,Yes,No,No internet service,No internet service,No internet service,No internet service,No internet service,Two year,Yes,Electronic check,51.12,650.43,No
CUST03891,Female,0,Yes,No,33,Yes,DSL,Yes,Yes,Yes,No,No,Two year,No,Electronic check,48.31,1599.78,No
CUST03892,Female,0,Yes,No,7,Yes,DSL,Yes,No,No,Yes,No,Two year,Yes,Electronic check,59.93,377.61,No
CUST03893,Male,0,Yes,Yes,49,Yes,Fiber optic,No,No,Yes,No,No,Month-to-month,Yes,Electronic check,92.18,4467.9,Yes
CUST03894,Male,0,No,No,24,Yes,Fiber optic,Yes,No,No,Yes,Yes,One year,No,Credit card,39.47,1110.31,No
CUST03895,Female,0,Yes,No,24,Yes,Fiber optic,No,Yes,Yes,No,No,Two year,Yes,Electronic check,96.08,2449.44,Yes
CUST03896,Female,1,No,No,0,Yes,Fiber optic,No,Yes,No,Yes,No,One year,No,Credit card,42.26,0.0,Yes
CUST03897,Female,0,No,No,72,Yes,No,No internet service,No internet service,No internet service,No internet service,No internet service,Two year,Yes,Mailed check,64.47,4645.05,No
CUST03898,Male,0,No,Yes,31,Yes,Fiber optic,No,No,Yes,Yes,No,Two year,Yes,Credit card,73.11,2171.07,No
CUST03899,Male,0,Yes,No,57,Yes,Fiber optic,Yes,No,No,Yes,No,Month-to-month,Yes,Credit card,66.51,3883.12,No
CUST03900,Female,0,No,No,37,Yes,Fiber optic,Yes,No,Yes,Yes,Yes,Month-to-month,No,Credit card,89.55,3331.15,No
CUST03901,Female,0,No,No,46,No,No,No internet service,No internet service,No internet service,No internet service,No internet service,Month-to-month,Yes,Mailed check,71.29,3396.55,Yes
CUST03902,Female,0,Yes,No,34,Yes,DSL,No,No,Yes,Yes,Yes,Two year,Yes,Electronic check,,2313.81,No
CUST03903,Female,0,Yes,No,50,Yes,Fiber optic,No,No,No,No,No,Two year,Yes,Bank transfer,18.0,823.99,No
CUST03904,Male,0,Yes,No,14,Yes,Fiber optic,No,No,No,No,Yes,One year,No,Bank transfer,84.02,1158.76,No
CUST03905,Female,1,No,No,72,Yes,Fiber optic,No,Yes,Yes,No,Yes,Month-to-month,Yes,Mailed check,120.97,8662.06,Yes
CUST03906,Female,0,Yes,Yes,31,Yes,DSL,Yes,Yes,No,No,No,Month-to-month,No,Electronic check,61.7,1905.31,No
CUST03907,Female,0,Yes,No,0,Yes,No,No internet service,No internet service,No internet service,No internet service,No internet service,Month-to-month,Yes,Mailed check,90.51,94.96,Yes
CUST03908,Female,1,Yes,No,69,Yes,DSL,No,Yes,No,No,Yes,Month-to-month,No,Mailed check,53.4,3721.99,No
CUST03909,Male,0,Yes,No,1,Yes,DSL,Yes,No,No,No,No,Two year,Yes,Electronic check,98.64,74.92,No
CUST03910,Female,0,Yes,No,34,Yes,No,No internet service,No internet service,No internet service,No internet service,No internet service,Month-to-month,Yes,Electronic check,86.97,2961.29,No
CUST03911,Male,0,No,Yes,57,Yes,Fiber optic,Yes,No,Yes,Yes,Yes,One year,No,Mailed check,64.84,3569.28,No
CUST03912,Female,0,Yes,No,27,No,Fiber optic,No,No,Yes,Yes,No,Two year,Yes,Mailed check,63.19,1549.9,Yes
CUST03913,Male,0,No,No,15,Yes,Fiber optic,No,No,No,No,Yes,Two year,No,Bank transfer,90.13,1448.84,Yes
CUST03914,Female,0,Yes,No,17,Yes,DSL,No,Yes,Yes,No,Yes,Month-to-month,No,Bank transfer,75.02,1214.43,No
CUST03915,Female,0,Yes,No,50,Yes,DSL,No,Yes,No,No,No,Month-to-month,Yes,Bank transfer,43.22,2275.71,No
CUST03916,Male,0,No,No,41,Yes,No,No internet service,No internet service,No internet service,No internet service,No internet service,Month-to-month,No,Credit card,35.8,1443.28,No
CUST03917,Male,0,No,No,36,Yes,DSL,No,Yes,No,Yes,Yes,Month-to-month,Yes,Credit card,88.71,3204.3,No
CUST03918,Female,1,No,No,37,Yes,DSL,Yes,No,Yes,Yes,Yes,Month-to-month,Yes,Electronic check,54.92,2098.49,No
CUST03919,Male,1,Yes,No,23,No,Fiber optic,No,No,Yes,No,Yes,Month-to-month,Yes,Mailed check,74.88,1798.05,Yes
CUST03920,Female,0,No,No,68,Yes,No,No internet service,No internet service,No internet service,No internet service,No internet service,One year,No,Credit card,88.7,5990.46,No
CUST03921,Female,0,No,No,16,No,Fiber optic,No,Yes,No,Yes,No,Month-to-month,Yes,Credit card,43.94,708.73,No
CUST03922,Female,0,Yes,No,61,Yes,DSL,Yes,No,No,Yes,Yes,One year,Yes,Electronic check,48.64,2965.58,No
CUST03923,Male,0,No,No,56,Yes,DSL,No,No,No,Yes,Yes,Month-to-month,No,Electronic check,114.57,6446.19,No
CUST03924,Male,0,Yes,Yes,0,Yes,No,No internet service,No internet service,No internet service,No internet service,No internet service,Month-to-month,Yes,Credit card,63.69,15.45,Yes
CUST03925,Female,0,Yes,No,12,Yes,Fiber optic,No,Yes,No,Yes,No,Month-to-month,Yes,Electronic check,99.48,1135.35,Yes
CUST03926,Female,0,No,No,40,Yes,No,No internet service,No internet service,No internet service,No internet service,No internet service,Month-to-month,Yes,Mailed check,136.68,5479.16,No
CUST03927,Female,0,No,No,11,Yes,Fiber optic,No,Yes,No,No,No,Month-to-month,Yes,Credit card,79.98,762.71,Yes
CUST03928,Male,0,No,No,62,Yes,Fiber optic,Yes,No,Yes,No,No,One year,Yes,Electronic check,52.45,3252.14,No
CUST03929,Female,0,No,No,32,Yes,No,No internet service,No internet service,No internet service,No internet service,No internet service,Month-to-month,Yes,Credit card,77.18,2479.23,No
CUST03930,Female,0,Yes,No,61,Yes,Fiber optic,No,Yes,No,No,No,Month-to-month,No,Credit card,69.28,4147.64,No
CUST03931,Female,0,No,Yes,8,Yes,DSL,Yes,Yes,No,Yes,Yes,Month-to-month,No,Credit card,75.68,582.88,No
CUST03932,Male,0,No,Yes,1,Yes,DSL,No,Yes,Yes,No,No,Month-to-month,No,Electronic check,91.93,50.85,No
CUST03933,Female,1,Yes,No,46,Yes,Fiber optic,Yes,Yes,Yes,No,Yes,One year,No,Electronic check,94.79,4320.78,No
CUST03934,Female,0,Yes,No,58,Yes,DSL,No,No,Yes,No,Yes,One year,No,Bank transfer,23.88,1445.65,No
CUST03935,Male,0,No,Yes,72,Yes,DSL,No,Yes,No,Yes,Yes,One year,Yes,Mailed check,103.75,7506.99,No
CUST03936,Female,0,Yes,Yes,57,Yes,Fiber optic,No,Yes,Yes,No,Yes,One year,Yes,Credit card,80.84,4684.78,No
CUST03937,Female,0,No,Yes,54,Yes,Fiber optic,No,No,No,Yes,No,Month-to-month,Yes,Electronic check,59.66,3387.9,Yes
CUST03938,Male,0,No,Yes,4,Yes,Fiber optic,Yes,No,No,Yes,Yes,Month-to-month,Yes,Mailed check,92.35,457.19,No
CUST03939,Female,0,No,No,44,Yes,No,No internet service,No internet service,No internet service,No internet service,No internet service,One year,No,Electronic check,47.74,1977.67,No
CUST03940,Female,0,No,No,52,No,DSL,No,Yes,No,No,Yes,One year,Yes,Bank transfer,48.9,2490.36,No
CUST03941,Female,0,No,No,28,Yes,Fiber optic,No,Yes,No,Yes,Yes,Two year,No,Bank transfer,100.47,2920.53,No
CUST03942,Male,1,No,No,72,Yes,Fiber optic,Yes,Yes,Yes,No,Yes,One year,Yes,Bank transfer,75.68,5417.37,Yes
CUST03943,Female,1,Yes,Yes,72,Yes,Fiber optic,No,Yes,No,Yes,Yes,One year,Yes,Bank transfer,113.19,8112.77,No
CUST03944,Female,0,No,No,62,Yes,Fiber optic,No,Yes,No,Yes,Yes,Two year,No,Electronic check,56.85,3551.43,No
CUST03945,Male,0,No,No,64,Yes,Fiber optic,No,No,No,No,Yes,Two year,Yes,Mailed check,81.28,5179.15,No
CUST03946,Female,0,No,Yes,41,No,No,No internet service,No internet service,No internet service,No internet service,No internet service,Two year,No,Bank transfer,83.69,3568.04,No
CUST03947,Male,0,No,Yes,59,Yes,No,No internet service,No internet service,No internet service,No internet service,No internet service,Month-to-month,No,Mailed check,84.15,4951.94,No
CUST03948,Male,0,No,No,5,Yes,No,No internet service,No internet service,No internet service,No internet service,No internet service,Month-to-month,Yes,Credit card,89.52,640.54,Yes
CUST03949,Female,0,No,Yes,16,Yes,No,No internet service,No internet service,No internet service,No internet service,No internet service,One year,Yes,Electronic check,85.49,1323.04,No
CUST03950,Male,0,No,Yes,48,Yes,Fiber optic,No,Yes,No,Yes,No,Month-to-month,No,Mailed check,74.48,3522.47,No
CUST03951,Male,0,No,No,9,Yes,Fiber optic,Yes,No,No,Yes,Yes,Month-to-month,No,Mailed check,25.46,162.32,Yes
CUST03952,Male,0,No,No,59,No,Fiber optic,No,Yes,No,Yes,No,One year,Yes,Electronic check,95.6,5577.44,Yes
CUST03953,Female,0,Yes,Yes,12,Yes,Fiber optic,Yes,No,No,No,No,Month-to-month,No,Credit card,18.0,273.88,No
CUST03954,Male,0,Yes,No,25,No,DSL,Yes,No,Yes,No,No,Month-to-month,Yes,Mailed check,43.16,971.49,No
CUST03955,Female,0,No,Yes,18,Yes,Fiber optic,Yes,Yes,No,No,No,Month-to-month,Yes,Credit card,56.38,934.49,No
CUST03956,Female,0,Yes,No,39,Yes,No,No internet service,No internet service,No internet service,No internet service,No internet service,Month-to-month,Yes,Bank transfer,96.58,3808.19,Yes
CUST03957,Female,0,Yes,No,5,Yes,Fiber optic,Yes,Yes,No,No,Yes,One year,Yes,Bank transfer,68.44,168.61,No
CUST03958,Female,1,Yes,No,59,Yes,DSL,No,Yes,Yes,Yes,Yes,Month-to-month,Yes,Credit card,120.87,7013.52,No
CUST03959,Male,0,No,No,64,Yes,Fiber optic,No,Yes,No,No,Yes,Month-to-month,No,Electronic check,39.33,2512.96,Yes
CUST03960,Male,1,No,No,54,Yes,Fiber optic,Yes,Yes,No,Yes,Yes,One year,No,Credit card,46.51,2544.19,No
CUST03961,Female,0,No,No,13,Yes,No,No internet service,No internet service,No internet service,No internet service,No internet service,Two year,No,Credit card,18.0,207.1,No
CUST03962,Female,0,No,No,21,Yes,DSL,Yes,No,Yes,Yes,No,Month-to-month,Yes,Credit card,45.33,986.78,No
CUST03963,Female,0,No,No,16,Yes,Fiber optic,No,No,No,Yes,No,Month-to-month,No,Bank transfer,58.18,862.03,Yes
CUST03964,Male,0,Yes,No,43,Yes,Fiber optic,Yes,No,Yes,Yes,No,Month-to-month,No,Mailed check,110.62,4877.77,Yes
CUST03965,Male,0,Yes,No,64,Yes,Fiber optic,Yes,Yes,Yes,Yes,Yes,Month-to-month,Yes,Electronic check,100.14,6481.84,Yes
CUST03966,Female,0,Yes,Yes,64,Yes,DSL,Yes,No,No,No,No,One year,Yes,Bank transfer,79.96,5052.3,No
CUST03967,Female,0,Yes,No,69,Yes,No,,No internet service,No internet service,No internet service,No internet service,Month-to-month,Yes,Mailed check,66.22,4554.1,No
CUST03968,Male,0,No,Yes,50,Yes,No,No internet service,No internet service,No internet service,No internet service,No internet service,Month-to-month,Yes,Mailed check,93.12,4498.85,No
CUST03969,Female,1,Yes,No,16,Yes,Fiber optic,Yes,No,No,Yes,No,Two year,No,Credit card,105.82,1767.49,No
CUST03970,Female,1,No,No,29,Yes,DSL,No,Yes,Yes,Yes,No,Month-to-month,Yes,Electronic check,57.83,1574.72,Yes
CUST03971,Male,0,No,No,21,Yes,Fiber optic,No,No,No,Yes,Yes,Month-to-month,Yes,Electronic check,60.32,1223.63,No
CUST03972,Female,0,Yes,Yes,4,Yes,Fiber optic,No,No,No,No,No,Two year,No,Mailed check,63.21,229.4,No
CUST03973,Male,1,No,No,58,Yes,Fiber optic,No,Yes,No,Yes,No,Month-to-month,No,Credit card,30.64,1667.0,No
CUST03974,Male,0,No,No,42,Yes,Fiber optic,No,No,Yes,Yes,Yes,Month-to-month,Yes,Bank transfer,104.27,4312.7,Yes
CUST03975,Male,0,No,No,70,Yes,Fiber optic,No,Yes,No,Yes,No,Month-to-month,No,Mailed check,59.41,4188.49,Yes
CUST03976,Female,0,No,No,61,Yes,No,No internet service,No internet service,No internet service,No internet service,No internet service,Two year,Yes,Credit card,66.77,4033.13,No
CUST03977,Female,0,No,Yes,47,Yes,No,No internet service,No internet service,No internet service,No internet service,No internet service,Two year,Yes,Bank transfer,110.4,5258.54,Yes
CUST03978,Female,0,No,No,3,Yes,Fiber optic,No,Yes,Yes,No,No,Month-to-month,Yes,Credit card,60.51,240.86,Yes
CUST03979,Female,0,No,No,32,Yes,DSL,,Yes,No,No,Yes,One year,No,Bank transfer,105.65,3312.89,Yes
CUST03980,Male,0,Yes,Yes,34,Yes,DSL,No,Yes,Yes,Yes,Yes,Month-to-month,Yes,Mailed check,30.3,993.91,No
CUST03981,Male,0,No,No,49,Yes,DSL,No,Yes,No,Yes,No,Month-to-month,Yes,Bank transfer,88.04,4277.71,No
CUST03982,Male,0,No,No,41,Yes,Fiber optic,Yes,Yes,Yes,No,Yes,Two year,No,Mailed check,62.86,2544.94,No
CUST03983,Female,0,Yes,No,56,Yes,Fiber optic,No,Yes,No,Yes,Yes,Month-to-month,No,Mailed check,34.52,2051.1,No
CUST03984,Female,0,Yes,No,1,Yes,No,No internet service,No internet service,No internet service,No internet service,No internet service,Month-to-month,Yes,Credit card,45.61,60.94,Yes
CUST03985,Female,1,Yes,Yes,8,Yes,Fiber optic,No,No,No,Yes,Yes,Month-to-month,Yes,Bank transfer,77.51,487.34,Yes
CUST03986,Male,1,Yes,No,69,Yes,DSL,Yes,No,Yes,No,Yes,Two year,Yes,Mailed check,50.0,3397.61,No
CUST03987,Male,0,Yes,No,31,No,Fiber optic,Yes,Yes,No,No,No,Two year,Yes,Bank transfer,83.58,2554.01,No
CUST03988,Male,0,Yes,No,60,Yes,Fiber optic,No,Yes,No,Yes,No,One year,Yes,Mailed check,55.37,3356.08,No
CUST03989,Male,0,No,No,62,Yes,DSL,No,No,No,No,No,Two year,No,Credit card,33.51,2221.79,No
CUST03990,Male,0,No,No,8,Yes,Fiber optic,No,Yes,No,Yes,No,Two year,Yes,Credit card,98.25,848.98,No
CUST03991,Female,0,No,No,51,Yes,DSL,Yes,Yes,No,Yes,No,Two year,Yes,Bank transfer,81.36,4141.19,No
CUST03992,Female,0,Yes,No,12,Yes,DSL,No,No,No,No,Yes,One year,No,Credit card,28.92,278.98,No
CUST03993,Male,0,No,No,11,Yes,Fiber optic,Yes,Yes,No,Yes,Yes,One year,Yes,Electronic check,90.33,1107.31,Yes
CUST03994,Male,0,Yes,No,17,Yes,No,No internet service,No internet service,No internet service,No internet service,No internet service,Two year,Yes,Credit card,77.05,1286.11,Yes
CUST03995,Female,1,Yes,No,55,Yes,No,No internet service,No internet service,No internet service,No internet service,No internet service,Month-to-month,Yes,Bank transfer,63.21,3362.91,No
CUST03996,Male,0,No,No,6,Yes,DSL,No,Yes,Yes,Yes,Yes,Month-to-month,Yes,Credit card,64.2,413.81,Yes
CUST03997,Male,0,No,No,48,Yes,Fiber optic,No,No,Yes,No,Yes,Two year,No,Credit card,107.51,5061.62,No
CUST03998,Female,0,No,No,27,Yes,No,No internet service,No internet service,No internet service,No internet service,No internet service,Two year,Yes,Credit card,81.98,2266.24,No
CUST03999,Female,0,No,No,19,Yes,No,No internet service,No internet service,No internet service,No internet service,No internet service,Month-to-month,Yes,Electronic check,108.73,2034.35,No
CUST04000,Female,0,No,No,17,Yes,No,No internet service,No internet service,No internet service,No internet service,No internet service,One year,Yes,Mailed check,85.89,1435.67,No
CUST04001,Male,0,No,No,25,Yes,Fiber optic,Yes,No,No,Yes,No,Two year,No,Mailed check,79.87,1777.11,No
CUST04002,Female,0,No,No,25,Yes,No,No internet service,No internet service,No internet service,No internet service,No internet service,Month-to-month,Yes,Bank transfer,55.07,1462.95,Yes
CUST04003,Male,0,Yes,Yes,22,Yes,Fiber optic,No,No,Yes,Yes,Yes,Month-to-month,No,Mailed check,77.94,1620.35,No
CUST04004,Male,0,Yes,Yes,37,Yes,DSL,No,No,Yes,Yes,Yes,Month-to-month,No,Mailed check,99.53,3624.82,Yes
CUST04005,Female,0,No,No,72,No,DSL,No,Yes,No,No,Yes,Month-to-month,Yes,Bank transfer,76.03,5489.43,No
CUST04006,Female,0,No,Yes,32,Yes,No,No internet service,No internet service,No internet service,No internet service,No internet service,Month-to-month,Yes,Mailed check,122.41,3905.45,No
CUST04007,Male,0,Yes,No,13,Yes,No,No internet service,No internet service,No internet service,No internet service,No internet service,Month-to-month,Yes,Bank transfer,99.49,1477.07,Yes
CUST04008,Female,0,Yes,Yes,44,No,Fiber optic,No,Yes,No,Yes,Yes,Two year,No,Credit card,44.04,1799.77,No
CUST04009,Male,0,Yes,Yes,60,Yes,Fiber optic,Yes,Yes,No,No,No,Month-to-month,Yes,Bank transfer,61.88,3682.15,No
CUST04010,Male,0,No,No,43,Yes,DSL,Yes,Yes,No,Yes,No,Month-to-month,Yes,Mailed check,90.83,3968.58,No
CUST04011,Male,0,Yes,No,38,Yes,Fiber optic,No,Yes,No,No,Yes,One year,Yes,Credit card,35.83,1326.1,No
CUST04012,Female,0,No,No,48,Yes,Fiber optic,No,No,No,Yes,No,Month-to-month,Yes,Electronic check,71.09,3412.05,No
CUST04013,Female,0,Yes,No,64,Yes,Fiber optic,No,No,No,Yes,No,Two year,Yes,Electronic check,50.68,3450.3,No
CUST04014,Male,1,Yes,Yes,5,No,Fiber optic,Yes,No,Yes,No,Yes,Month-to-month,Yes,Mailed check,75.02,380.37,Yes
CUST04015,Male,0,Yes,Yes,71,Yes,Fiber optic,Yes,Yes,Yes,Yes,No,Two year,No,Bank transfer,50.88,3724.53,No
CUST04016,Male,0,No,No,65,Yes,No,No internet service,No internet service,No internet service,No internet service,No internet service,Month-to-month,Yes,Credit card,100.34,6574.07,Yes
CUST04017,Male,0,Yes,No,70,Yes,No,No internet service,No internet service,No internet service,No internet service,No internet service,Two year,No,Bank transfer,61.27,4347.9,No
CUST04018,Male,0,Yes,No,36,Yes,DSL,No,No,No,No,Yes,Month-to-month,Yes,Bank transfer,90.62,3246.45,No
CUST04019,Male,1,No,No,62,Yes,DSL,No,No,No,No,No,Two year,Yes,Mailed check,36.66,2142.6,No
CUST04020,Female,0,No,No,5,No,DSL,No,No,No,No,No,Month-to-month,No,Electronic check,66.38,418.91,Yes
CUST04021,Male,0,Yes,No,30,Yes,DSL,No,Yes,No,Yes,No,One year,No,Mailed check,42.01,1304.84,No
CUST04022,Male,1,No,Yes,64,Yes,Fiber optic,No,No,Yes,Yes,No,Month-to-month,No,Bank transfer,103.83,6687.97,Yes
CUST04023,Female,0,Yes,Yes,19,Yes,Fiber optic,Yes,Yes,No,No,Yes,Month-to-month,Yes,Credit card,54.64,1026.16,No
CUST04024,Male,0,No,Yes,55,Yes,DSL,No,Yes,No,Yes,No,Month-to-month,No,Electronic check,71.82,3898.25,Yes
CUST04025,Male,0,Yes,No,23,Yes,No,No internet service,No internet service,No internet service,No internet service,No internet service,Two year,No,Mailed check,82.8,2010.21,No
CUST04026,Male,0,No,No,43,Yes,Fiber optic,No,No,No,No,No,Month-to-month,No,Electronic check,55.34,2405.76,No
CUST04027,Male,0,No,Yes,47,Yes,DSL,Yes,Yes,Yes,Yes,No,One year,No,Bank transfer,43.99,1921.23,No
CUST04028,Male,0,No,Yes,64,Yes,Fiber optic,Yes,Yes,Yes,Yes,Yes,Month-to-month,Yes,Mailed check,78.64,5028.68,Yes
CUST04029,Female,1,No,Yes,24,Yes,Fiber optic,Yes,Yes,Yes,Yes,No,Month-to-month,No,Credit card,25.69,592.24,Yes
CUST04030,Male,0,Yes,No,57,Yes,Fiber optic,No,Yes,Yes,No,No,One year,Yes,Credit card,107.54,5919.67,No
CUST04031,Female,0,No,No,31,Yes,Fiber optic,Yes,Yes,No,Yes,No,Month-to-month,Yes,Credit card,70.58,2128.14,Yes
CUST04032,Female,0,Yes,No,28,Yes,DSL,No,Yes,Yes,Yes,No,Month-to-month,No,Electronic check,37.15,1247.89,No
CUST04033,Male,0,Yes,No,5,Yes,Fiber optic,No,No,No,Yes,Yes,Two year,Yes,Credit card,67.38,148.1,No
CUST04034,Male,1,No,Yes,5,Yes,No,No internet service,No internet service,No internet service,No internet service,No internet service,Month-to-month,Yes,Electronic check,88.44,349.87,Yes
CUST04035,Male,0,No,No,56,Yes,Fiber optic,Yes,Yes,Yes,Yes,No,One year,Yes,Bank transfer,53.57,2805.27,No
CUST04036,Male,0,No,No,7,Yes,Fiber optic,Yes,Yes,No,Yes,No,Month-to-month,Yes,Electronic check,25.45,51.52,No
CUST04037,Female,1,No,Yes,8,Yes,No,No internet service,No internet service,No internet service,No internet service,No internet service,One year,No,Bank transfer,70.92,420.29,Yes
CUST04038,Female,1,No,No,13,Yes,No,No internet service,No internet service,No internet service,No internet service,No internet service,One year,No,Credit card,93.03,1114.63,No
CUST04039,Male,1,No,No,24,No,No,No internet service,No internet service,No internet service,No internet service,No internet service,One year,No,Mailed check,79.83,2053.2,No
CUST04040,Male,0,No,Yes,11,Yes,DSL,No,Yes,No,Yes,No,One year,No,Mailed check,84.07,997.25,No
CUST04041,Male,0,No,No,43,Yes,DSL,No,Yes,Yes,No,Yes,Month-to-month,Yes,Mailed check,97.92,4189.83,No
CUST04042,Female,0,Yes,No,60,Yes,No,No internet service,No internet service,No internet service,No internet service,No internet service,Month-to-month,No,Bank transfer,113.57,,No
CUST04043,Female,0,No,No,38,Yes,No,No internet service,No internet service,No internet service,No internet service,No internet service,Month-to-month,Yes,Bank transfer,18.0,645.91,No
CUST04044,Male,1,No,No,48,Yes,Fiber optic,Yes,No,Yes,No,No,One year,No,Electronic check,40.88,1885.81,No
CUST04045,Male,0,No,Yes,65,Yes,No,No internet service,No internet service,No internet service,No internet service,No internet service,Month-to-month,No,Electronic check,78.2,5048.36,No
CUST04046,Male,0,Yes,No,65,Yes,Fiber optic,Yes,Yes,No,No,No,Month-to-month,No,Credit card,80.93,5133.77,No
CUST04047,Male,1,Yes,Yes,48,Yes,DSL,No,No,Yes,Yes,Yes,Month-to-month,No,Electronic check,35.28,1542.55,No
CUST04048,Male,1,Yes,Yes,4,Yes,No,No internet service,No internet service,No internet service,No internet service,No internet service,One year,Yes,Mailed check,54.45,270.58,No
CUST04049,Male,0,Yes,Yes,57,Yes,No,No internet service,No internet service,No internet service,No internet service,No internet service,Month-to-month,No,Credit card,117.05,6698.38,Yes
CUST04050,Male,1,No,No,55,Yes,Fiber optic,No,Yes,No,No,No,Two year,Yes,Mailed check,65.15,3480.27,No
CUST04051,Male,0,Yes,No,22,Yes,Fiber optic,No,No,No,Yes,Yes,Two year,Yes,Electronic check,79.26,1781.11,No
CUST04052,Male,0,Yes,No,11,No,Fiber optic,No,No,Yes,Yes,No,Month-to-month,Yes,Mailed check,118.77,,Yes
CUST04053,Female,0,No,No,9,Yes,Fiber optic,Yes,Yes,Yes,Yes,No,Two year,Yes,Credit card,76.35,638.8,Yes
CUST04054,Female,1,Yes,No,20,Yes,Fiber optic,No,Yes,No,No,No,Two year,No,Bank transfer,93.68,1797.37,No
CUST04055,Male,1,Yes,No,54,Yes,Fiber optic,Yes,Yes,No,No,No,Month-to-month,Yes,Credit card,88.28,4830.45,No
CUST04056,Male,0,No,No,69,Yes,Fiber optic,No,No,No,Yes,Yes,One year,Yes,Mailed check,65.6,4562.22,Yes
CUST04057,Female,0,No,Yes,11,Yes,DSL,No,No,Yes,No,Yes,Month-to-month,Yes,Credit card,64.17,845.07,Yes
CUST04058,Female,0,No,Yes,30,Yes,DSL,No,Yes,Yes,Yes,No,Two year,Yes,Electronic check,103.54,3141.08,No
CUST04059,Male,0,No,No,60,Yes,DSL,No,Yes,Yes,No,Yes,Two year,Yes,Electronic check,73.8,4286.18,No
CUST04060,Female,1,No,No,6,Yes,Fiber optic,No,No,Yes,Yes,No,One year,No,Bank transfer,48.78,170.1,No
CUST04061,Male,0,Yes,Yes,68,Yes,Fiber optic,No,Yes,No,No,Yes,One year,No,Credit card,101.06,6854.66,Yes
CUST04062,Male,0,No,No,1,Yes,Fiber optic,No,No,Yes,Yes,No,One year,Yes,Credit card,18.0,82.72,Yes
CUST04063,Female,0,No,No,20,Yes,Fiber optic,Yes,No,No,Yes,No,Month-to-month,Yes,Mailed check,113.46,2294.87,Yes
CUST04064,Female,0,No,No,2,Yes,DSL,Yes,No,Yes,No,Yes,Month-to-month,Yes,Credit card,69.34,89.34,No
CUST04065,Female,0,Yes,Yes,55,Yes,No,No internet service,No internet service,No internet service,No internet service,No internet service,One year,No,Mailed check,74.2,3946.39,No
CUST04066,Male,1,Yes,Yes,31,No,Fiber optic,No,Yes,No,Yes,Yes,Two year,Yes,Credit card,76.08,2475.99,Yes
CUST04067,Female,0,Yes,No,31,Yes,Fiber optic,Yes,No,Yes,Yes,Yes,One year,Yes,Electronic check,107.27,3439.05,Yes
CUST04068,Male,0,No,No,39,Yes,DSL,Yes,No,No,Yes,Yes,Month-to-month,Yes,Mailed check,78.35,2943.07,No
CUST04069,Female,0,No,No,21,Yes,Fiber optic,Yes,Yes,No,No,No,Month-to-month,Yes,Electronic check,73.43,1595.19,Yes
CUST04070,Male,1,Yes,Yes,55,Yes,Fiber optic,No,No,No,No,Yes,Month-to-month,Yes,Bank transfer,50.19,2780.87,Yes
CUST04071,Male,0,No,Yes,31,Yes,Fiber optic,No,Yes,No,No,No,One year,No,Mailed check,56.16,1795.7,No
CUST04072,Female,0,No,No,58,Yes,DSL,Yes,Yes,Yes,Yes,Yes,Month-to-month,Yes,Credit card,90.05,5344.34,No
CUST04073,Female,0,No,Yes,47,Yes,Fiber optic,No,Yes,Yes,Yes,Yes,Month-to-month,No,Bank transfer,79.57,3853.81,No
CUST04074,Female,1,Yes,No,49,No,No,No internet service,No internet service,No internet service,No internet service,No internet service,Two year,Yes,Mailed check,116.18,5733.33,No
CUST04075,Male,0,No,No,72,Yes,No,No internet service,No internet service,No internet service,No internet service,No internet service,Two year,Yes,Credit card,53.63,3841.86,No
CUST04076,Male,0,No,No,36,Yes,No,No internet service,No internet service,No internet service,No internet service,No internet service,Month-to-month,Yes,Electronic check,45.15,1601.45,No
CUST04077,Female,0,No,Yes,21,Yes,DSL,No,No,Yes,No,Yes,One year,Yes,Electronic check,81.49,1693.79,No
CUST04078,Female,0,No,No,53,Yes,Fiber optic,No,Yes,No,No,Yes,Month-to-month,Yes,Electronic check,71.86,4026.97,No
CUST04079,Male,1,No,No,51,Yes,DSL,Yes,Yes,Yes,Yes,Yes,One year,Yes,Bank transfer,44.04,2249.66,No
CUST04080,Female,1,Yes,No,35,Yes,Fiber optic,Yes,No,Yes,No,Yes,Month-to-month,No,Credit card,61.02,2198.08,Yes
CUST04081,Female,0,No,No,24,Yes,Fiber optic,Yes,Yes,Yes,Yes,Yes,Month-to-month,No,Electronic check,91.62,2232.16,Yes
CUST04082,Male,0,Yes,No,67,Yes,Fiber optic,Yes,No,Yes,Yes,No,One year,No,Credit card,40.99,2667.18,Yes
CUST04083,Female,1,No,Yes,18,Yes,No,No internet service,No internet service,No internet service,No internet service,No internet service,Month-to-month,Yes,Credit card,45.56,858.3,No
CUST04084,Female,1,No,No,5,Yes,No,No internet service,No internet service,No internet service,No internet service,No internet service,One year,Yes,Mailed check,55.79,225.97,No
CUST04085,Female,0,No,No,46,Yes,DSL,No,Yes,No,Yes,Yes,Month-to-month,Yes,Electronic check,56.31,2514.54,Yes
CUST04086,Female,0,No,No,5,Yes,No,No internet service,No internet service,No internet service,No internet service,No internet service,Month-to-month,Yes,Credit card,93.83,516.69,Yes
CUST04087,Male,0,Yes,No,55,Yes,No,No internet service,No internet service,No internet service,No internet service,No internet service,Two year,Yes,Credit card,60.12,3205.43,No
CUST04088,Female,1,Yes,No,61,Yes,Fiber optic,Yes,No,Yes,No,No,Month-to-month,Yes,Bank transfer,114.78,7071.78,Yes
CUST04089,Female,0,No,Yes,52,Yes,DSL,Yes,Yes,No,Yes,No,Month-to-month,No,Credit card,47.92,2537.46,No
CUST04090,Female,0,Yes,Yes,17,Yes,DSL,No,No,No,No,Yes,Month-to-month,Yes,Mailed check,83.12,1514.23,Yes
CUST04091,Female,0,Yes,No,68,Yes,Fiber optic,Yes,Yes,No,No,No,Month-to-month,Yes,Mailed check,73.0,5002.4,Yes
CUST04092,Male,0,No,No,6,Yes,DSL,No,Yes,No,No,Yes,One year,No,Electronic check,74.08,368.03,Yes
CUST04093,Male,0,Yes,Yes,7,Yes,DSL,Yes,Yes,Yes,No,No,Month-to-month,No,Bank transfer,18.0,215.14,No
CUST04094,Male,0,Yes,No,22,Yes,DSL,Yes,No,Yes,No,No,Two year,Yes,Bank transfer,46.56,1117.59,Yes
CUST04095,Female,0,Yes,No,39,Yes,Fiber optic,No,Yes,Yes,Yes,Yes,Month-to-month,Yes,Electronic check,69.81,2794.07,No
CUST04096,Female,0,No,No,51,Yes,Fiber optic,No,No,No,Yes,No,Month-to-month,Yes,Mailed check,24.76,1321.41,No
CUST04097,Female,0,Yes,Yes,21,Yes,DSL,Yes,Yes,No,Yes,Yes,Month-to-month,Yes,Bank transfer,18.0,259.77,No
CUST04098,Male,1,No,Yes,66,Yes,No,No internet service,No internet service,No internet service,No internet service,No internet service,Month-to-month,Yes,Mailed check,43.13,2915.06,No
CUST04099,Female,0,No,No,59,No,DSL,No,Yes,Yes,No,Yes,Month-to-month,Yes,Credit card,82.43,4763.44,No
CUST04100,Male,0,Yes,No,16,Yes,Fiber optic,Yes,No,No,Yes,No,Month-to-month,Yes,Bank transfer,85.93,1325.15,Yes
CUST04101,Male,0,No,Yes,4,Yes,Fiber optic,No,Yes,Yes,Yes,No,Month-to-month,No,Mailed check,43.41,107.11,Yes
CUST04102,Female,0,Yes,No,51,No,Fiber optic,Yes,Yes,Yes,No,Yes,Two year,Yes,Mailed check,68.97,3391.98,No
CUST04103,Male,0,No,No,12,Yes,DSL,Yes,No,Yes,Yes,No,Two year,No,Credit card,84.59,1029.27,No
CUST04104,Male,0,Yes,No,20,Yes,Fiber optic,No,Yes,No,No,No,Month-to-month,Yes,Bank transfer,107.13,2140.11,No
CUST04105,Male,1,Yes,No,56,Yes,Fiber optic,No,No,No,No,Yes,Month-to-month,Yes,Bank transfer,106.15,6050.66,No
CUST04106,Male,1,Yes,No,13,Yes,DSL,Yes,Yes,No,No,Yes,One year,Yes,Mailed check,96.78,1354.56,No
CUST04107,Male,0,Yes,No,25,Yes,Fiber optic,No,Yes,Yes,No,No,Month-to-month,Yes,Electronic check,60.52,1527.15,Yes
CUST04108,Female,0,No,No,67,Yes,DSL,Yes,No,Yes,Yes,Yes,Month-to-month,No,Credit card,72.77,4938.64,No
CUST04109,Female,0,Yes,Yes,49,Yes,No,No internet service,No internet service,No internet service,No internet service,No internet service,Two year,Yes,Electronic check,75.78,3704.88,No
CUST04110,Male,0,No,No,45,Yes,Fiber optic,No,No,No,No,No,Month-to-month,Yes,Mailed check,68.59,3077.71,No
CUST04111,Male,1,Yes,No,72,Yes,DSL,No,No,No,Yes,No,Month-to-month,No,Bank transfer,39.59,2860.53,Yes
CUST04112,Male,0,No,No,56,Yes,No,,No internet service,No internet service,No internet service,No internet service,Month-to-month,Yes,Bank transfer,110.03,6149.62,No
CUST04113,Male,0,No,No,33,Yes,Fiber optic,No,No,Yes,No,Yes,Month-to-month,No,Bank transfer,84.82,2816.03,Yes
CUST04114,Female,0,Yes,No,48,Yes,Fiber optic,Yes,No,Yes,No,No,Two year,No,Electronic check,95.75,4649.08,Yes
CUST04115,Male,0,No,Yes,38,Yes,No,No internet service,No internet service,No internet service,No internet service,No internet service,Month-to-month,Yes,Electronic check,90.51,3341.81,Yes
CUST04116,Male,1,No,No,26,Yes,Fiber optic,Yes,No,Yes,No,Yes,Month-to-month,Yes,Electronic check,63.16,1609.51,No
CUST04117,Male,0,No,Yes,71,Yes,DSL,Yes,Yes,No,No,Yes,Month-to-month,Yes,Mailed check,36.52,2654.99,Yes
CUST04118,Male,0,No,Yes,43,No,No,No internet service,No internet service,No internet service,No internet service,No internet service,Two year,No,Electronic check,92.77,3944.77,No
CUST04119,Male,0,No,No,54,Yes,No,No internet service,No internet service,No internet service,No internet service,No internet service,Month-to-month,No,Credit card,91.16,4879.98,No
CUST04120,Male,1,Yes,No,29,Yes,DSL,Yes,Yes,Yes,Yes,No,Month-to-month,No,Mailed check,81.24,2437.2,No
CUST04121,Female,0,No,No,14,Yes,DSL,Yes,Yes,No,No,Yes,Month-to-month,No,Bank transfer,127.81,1730.14,Yes
CUST04122,Female,0,Yes,No,8,Yes,Fiber optic,Yes,No,No,No,No,Month-to-month,Yes,Electronic check,59.84,513.4,Yes
CUST04123,Female,0,No,No,58,Yes,Fiber optic,Yes,Yes,Yes,Yes,Yes,Two year,No,Credit card,66.13,3847.53,No
CUST04124,Male,0,No,No,38,Yes,DSL,Yes,Yes,No,No,Yes,Month-to-month,No,Bank transfer,79.17,3079.47,No
CUST04125,Female,0,No,No,37,Yes,No,No internet service,No internet service,No internet service,No internet service,No internet service,Month-to-month,Yes,Credit card,61.57,2272.8,Yes
CUST04126,Female,0,No,Yes,8,Yes,DSL,Yes,No,No,No,Yes,Two year,No,Bank transfer,68.13,481.8,Yes
CUST04127,Male,0,Yes,No,57,Yes,No,No internet service,No internet service,No internet service,No internet service,No internet service,Two year,No,Credit card,99.81,5636.99,No
CUST04128,Male,0,No,No,19,Yes,No,No internet service,No internet service,No internet service,No internet service,No internet service,Month-to-month,No,Credit card,57.81,1230.86,Yes
CUST04129,Female,0,Yes,Yes,43,Yes,DSL,No,No,Yes,Yes,Yes,Month-to-month,No,Electronic check,59.52,2516.67,No
CUST04130,Male,0,No,Yes,25,Yes,Fiber optic,No,Yes,Yes,No,Yes,Two year,No,Bank transfer,88.44,2163.08,No
CUST04131,Male,0,No,Yes,16,Yes,DSL,Yes,No,No,Yes,No,Month-to-month,No,Mailed check,41.01,619.23,No
CUST04132,Female,0,Yes,No,11,Yes,Fiber optic,Yes,Yes,No,Yes,Yes,Month-to-month,Yes,Mailed check,71.95,769.8,No
CUST04133,Female,0,No,No,59,Yes,Fiber optic,Yes,Yes,No,Yes,No,Month-to-month,Yes,Mailed check,70.64,4135.11,No
CUST04134,Female,0,Yes,No,6,Yes,Fiber optic,Yes,No,Yes,No,No,Two year,No,Credit card,89.67,583.19,No
CUST04135,Female,0,No,Yes,0,Yes,Fiber optic,No,Yes,No,No,No,Month-to-month,No,Credit card,94.08,8.13,Yes
CUST04136,Female,0,No,No,22,Yes,Fiber optic,No,No,No,Yes,No,Month-to-month,No,Mailed check,70.0,1492.78,Yes
CUST04137,Female,0,No,No,64,Yes,DSL,Yes,No,Yes,No,Yes,One year,Yes,Credit card,71.85,4656.2,No
CUST04138,Male,0,No,No,51,Yes,DSL,Yes,No,No,No,No,Two year,Yes,Mailed check,73.12,3751.65,No
CUST04139,Female,0,Yes,No,59,Yes,Fiber optic,Yes,Yes,Yes,No,No,Month-to-month,Yes,Bank transfer,66.3,4017.85,Yes
CUST04140,Female,1,Yes,No,14,Yes,No,No internet service,No internet service,No internet service,No internet service,No internet service,Month-to-month,Yes,Electronic check,106.3,1513.51,Yes
CUST04141,Female,0,Yes,No,70,Yes,Fiber optic,Yes,Yes,No,Yes,No,One year,No,Electronic check,86.54,6047.55,No
CUST04142,Female,1,Yes,No,8,Yes,Fiber optic,No,Yes,Yes,No,Yes,Month-to-month,Yes,Electronic check,105.66,829.0,Yes
CUST04143,Male,0,Yes,No,2,Yes,No,No internet service,No internet service,No internet service,No internet service,No internet service,One year,Yes,Bank transfer,52.08,115.77,Yes
CUST04144,Male,0,No,No,34,Yes,DSL,No,Yes,Yes,No,Yes,Month-to-month,No,Bank transfer,105.28,3608.88,No
CUST04145,Male,0,No,No,31,Yes,No,No internet service,No internet service,No internet service,No internet service,No internet service,Two year,No,Electronic check,76.99,2386.53,No
CUST04146,Male,0,Yes,Yes,21,Yes,DSL,Yes,No,No,No,Yes,Month-to-month,Yes,Electronic check,91.1,1877.84,No
CUST04147,Male,0,No,No,12,No,DSL,Yes,No,No,Yes,No,Month-to-month,Yes,Credit card,26.27,365.37,No
CUST04148,Female,0,No,No,23,Yes,No,No internet service,No internet service,No internet service,No internet service,No internet service,Month-to-month,No,Mailed check,114.66,2671.83,Yes
CUST04149,Female,1,Yes,No,27,Yes,Fiber optic,No,No,Yes,No,No,Month-to-month,Yes,Bank transfer,85.01,2296.76,Yes
CUST04150,Male,0,No,No,43,Yes,No,No internet service,No internet service,No internet service,No internet service,No internet service,One year,No,Electronic check,120.59,5238.84,No
CUST04151,Male,1,Yes,No,26,Yes,Fiber optic,No,No,Yes,No,No,One year,No,Mailed check,101.8,2640.69,Yes
CUST04152,Female,0,No,No,17,Yes,DSL,Yes,No,Yes,Yes,No,Two year,No,Mailed check,22.82,388.91,No
CUST04153,Female,0,No,No,43,Yes,DSL,No,No,No,No,Yes,One year,Yes,Credit card,112.04,4868.24,Yes
CUST04154,Female,0,Yes,No,42,No,Fiber optic,Yes,No,Yes,Yes,No,Month-to-month,No,Bank transfer,78.67,3368.21,Yes
CUST04155,Male,0,Yes,Yes,31,Yes,Fiber optic,No,Yes,No,No,Yes,Two year,Yes,Electronic check,90.05,2843.82,Yes
CUST04156,Male,1,No,Yes,8,Yes,Fiber optic,Yes,Yes,Yes,No,Yes,Month-to-month,No,Electronic check,87.55,639.23,Yes
CUST04157,Female,1,Yes,No,70,Yes,DSL,Yes,No,Yes,No,Yes,One year,Yes,Bank transfer,71.53,5037.17,No
CUST04158,Male,1,No,No,37,Yes,DSL,No,No,No,Yes,No,Month-to-month,Yes,Electronic check,63.89,2367.41,Yes
CUST04159,Male,1,No,No,20,Yes,Fiber optic,,No,Yes,No,No,Month-to-month,No,Electronic check,91.64,1864.15,Yes
CUST04160,Male,0,Yes,No,52,Yes,DSL,No,No,No,Yes,No,One year,Yes,Credit card,53.19,2911.77,No
CUST04161,Male,0,No,No,30,Yes,Fiber optic,No,Yes,Yes,No,Yes,Two year,Yes,Electronic check,74.71,2224.46,No
CUST04162,Male,1,No,No,11,Yes,DSL,Yes,Yes,No,Yes,No,Month-to-month,Yes,Bank transfer,109.05,1201.31,No
CUST04163,Female,0,Yes,No,51,Yes,No,No internet service,No internet service,No internet service,No internet service,No internet service,One year,No,Bank transfer,43.51,2173.99,No
CUST04164,Male,0,No,No,6,Yes,Fiber optic,Yes,Yes,Yes,No,Yes,Month-to-month,Yes,Credit card,69.03,398.84,Yes
CUST04165,Female,0,No,No,20,Yes,DSL,Yes,Yes,Yes,Yes,No,Month-to-month,Yes,Bank transfer,103.2,2009.81,No
CUST04166,Female,0,No,Yes,48,Yes,Fiber optic,No,Yes,No,Yes,No,Month-to-month,Yes,Electronic check,53.55,2484.56,Yes
CUST04167,Male,0,Yes,No,52,Yes,Fiber optic,No,No,Yes,Yes,No,Month-to-month,Yes,Bank transfer,26.3,1211.15,Yes
CUST04168,Male,0,Yes,Yes,72,Yes,Fiber optic,No,No,Yes,Yes,Yes,Month-to-month,Yes,Bank transfer,24.45,1704.77,No
CUST04169,Female,0,No,Yes,51,Yes,DSL,No,No,No,No,No,Two year,Yes,Mailed check,62.25,3124.63,No
CUST04170,Female,0,No,No,16,Yes,Fiber optic,Yes,No,Yes,No,No,Month-to-month,Yes,Mailed check,116.1,1852.89,Yes
CUST04171,Male,0,Yes,No,51,Yes,No,No internet service,No internet service,No internet service,No internet service,No internet service,Month-to-month,No,Mailed check,54.93,2758.29,No
CUST04172,Male,0,No,No,54,No,DSL,Yes,No,No,No,Yes,Month-to-month,Yes,Bank transfer,66.8,3689.8,No
CUST04173,Female,0,No,No,49,Yes,Fiber optic,Yes,Yes,Yes,Yes,No,Month-to-month,No,Mailed check,75.33,3709.31,No
CUST04174,Male,0,Yes,No,54,Yes,DSL,Yes,Yes,Yes,Yes,No,One year,Yes,Bank transfer,101.65,5548.46,No
CUST04175,Male,0,No,No,59,Yes,Fiber optic,No,No,No,Yes,No,One year,Yes,Credit card,95.43,5709.01,No
CUST04176,Male,0,No,No,41,Yes,Fiber optic,No,No,Yes,Yes,No,Month-to-month,Yes,Electronic check,70.16,2987.52,No
CUST04177,Male,0,No,No,72,Yes,DSL,Yes,No,No,Yes,No,One year,No,Bank transfer,88.99,6485.12,No
CUST04178,Female,0,No,No,47,Yes,DSL,Yes,Yes,Yes,No,No,One year,Yes,Mailed check,100.52,4653.74,No
CUST04179,Male,0,No,Yes,4,Yes,Fiber optic,Yes,Yes,Yes,Yes,No,Month-to-month,Yes,Electronic check,32.86,200.18,Yes
CUST04180,Male,0,No,No,12,Yes,Fiber optic,No,Yes,No,No,Yes,Month-to-month,Yes,Mailed check,64.58,800.59,Yes
CUST04181,Female,0,No,No,36,No,No,No internet service,No internet service,No internet service,No internet service,No internet service,Month-to-month,Yes,Credit card,43.98,1691.0,No
CUST04182,Male,0,Yes,No,31,Yes,Fiber optic,No,No,Yes,Yes,No,Month-to-month,Yes,Electronic check,55.83,1732.79,Yes
CUST04183,Male,0,Yes,No,59,Yes,No,No internet service,No internet service,No internet service,No internet service,No internet service,Month-to-month,Yes,Electronic check,90.25,,Yes
CUST04184,Female,0,No,No,49,Yes,No,No internet service,No internet service,No internet service,No internet service,No internet service,Month-to-month,No,Bank transfer,43.99,2163.5,No
CUST04185,Male,0,No,No,0,Yes,DSL,No,No,Yes,Yes,No,Month-to-month,Yes,Bank transfer,131.74,11.18,Yes
CUST04186,Female,0,Yes,No,33,Yes,No,,No internet service,No internet service,No internet service,No internet service,Month-to-month,Yes,Mailed check,90.48,3039.12,No
CUST04187,Male,0,Yes,No,39,Yes,No,No internet service,No internet service,No internet service,No internet service,No internet service,Month-to-month,No,Bank transfer,59.38,2290.65,No
CUST04188,Male,0,Yes,Yes,71,Yes,Fiber optic,Yes,Yes,Yes,No,No,Two year,No,Bank transfer,70.71,5064.62,No
CUST04189,Male,0,No,No,48,No,Fiber optic,No,Yes,Yes,No,Yes,Two year,No,Electronic check,41.79,1884.44,No
CUST04190,Female,0,No,No,13,Yes,Fiber optic,No,No,Yes,Yes,No,Two year,Yes,Bank transfer,37.14,521.5,No
CUST04191,Male,0,No,Yes,13,Yes,DSL,No,Yes,Yes,No,Yes,One year,Yes,Credit card,64.36,734.94,No
CUST04192,Male,0,Yes,No,23,No,DSL,No,No,Yes,No,Yes,Two year,Yes,Mailed check,106.71,2498.68,No
CUST04193,Female,0,No,No,29,Yes,DSL,No,No,Yes,No,Yes,Month-to-month,No,Credit card,38.83,876.42,Yes
CUST04194,Male,0,Yes,No,7,Yes,Fiber optic,Yes,No,No,Yes,No,Month-to-month,No,Electronic check,104.83,588.64,Yes
CUST04195,Female,0,Yes,No,57,Yes,Fiber optic,Yes,Yes,No,No,No,One year,Yes,Electronic check,69.36,3957.75,Yes
CUST04196,Male,0,Yes,Yes,4,Yes,DSL,Yes,No,Yes,Yes,Yes,Month-to-month,Yes,Electronic check,79.97,325.51,No
CUST04197,Female,0,No,Yes,4,Yes,DSL,No,No,No,No,Yes,Month-to-month,Yes,Mailed check,75.83,283.11,Yes
CUST04198,Male,0,No,No,9,Yes,DSL,No,Yes,Yes,No,No,One year,No,Mailed check,93.36,898.03,No
CUST04199,Female,0,Yes,Yes,9,Yes,No,No internet service,No internet service,No internet service,No internet service,No internet service,Two year,Yes,Credit card,101.44,987.56,No
CUST04200,Male,1,Yes,No,41,Yes,No,No internet service,No internet service,No internet service,No internet service,No internet service,Month-to-month,No,Credit card,68.64,3016.71,No
CUST04201,Female,0,No,No,59,Yes,DSL,No,No,No,Yes,Yes,Month-to-month,No,Bank transfer,86.75,5121.77,No
CUST04202,Female,0,Yes,No,68,Yes,No,No internet service,No internet service,No internet service,No internet service,No internet service,Month-to-month,Yes,Credit card,106.52,7326.12,No
CUST04203,Male,1,No,No,59,Yes,No,No internet service,No internet service,No internet service,No internet service,No internet service,Month-to-month,No,Credit card,94.35,5500.36,No
CUST04204,Male,0,Yes,Yes,50,Yes,No,No internet service,No internet service,No internet service,No internet service,No internet service,Two year,Yes,Mailed check,63.67,3139.75,No
CUST04205,Male,0,Yes,No,43,Yes,No,No internet service,No internet service,No internet service,No internet service,No internet service,Month-to-month,No,Mailed check,69.12,2906.49,No
CUST04206,Female,0,Yes,No,22,Yes,Fiber optic,Yes,No,No,No,Yes,Month-to-month,Yes,Mailed check,49.34,1076.67,Yes
CUST04207,Female,0,No,No,30,Yes,DSL,No,No,Yes,No,No,Two year,Yes,Electronic check,119.44,3601.06,No
CUST04208,Female,0,Yes,No,63,Yes,No,No internet service,No internet service,No internet service,No internet service,No internet service,Month-to-month,Yes,Bank transfer,81.66,5227.93,No
CUST04209,Male,0,Yes,Yes,7,Yes,No,No internet service,No internet service,No internet service,No internet service,No internet service,Two year,Yes,Credit card,38.91,300.02,No
CUST04210,Female,0,No,No,60,Yes,DSL,No,Yes,No,Yes,Yes,Two year,No,Credit card,53.0,3286.94,No
CUST04211,Male,0,Yes,Yes,59,Yes,Fiber optic,Yes,Yes,No,No,No,One year,No,Mailed check,70.16,4247.69,Yes
CUST04212,Female,0,No,No,4,Yes,Fiber optic,Yes,No,Yes,Yes,Yes,Two year,No,Bank transfer,107.55,433.43,No
CUST04213,Male,0,Yes,Yes,17,No,Fiber optic,Yes,No,Yes,Yes,No,Two year,Yes,Credit card,69.22,1168.4,Yes
CUST04214,Female,0,No,No,22,Yes,Fiber optic,No,No,Yes,No,Yes,Month-to-month,Yes,Bank transfer,89.1,1838.22,Yes
CUST04215,Female,0,Yes,Yes,66,Yes,DSL,No,Yes,Yes,No,Yes,Month-to-month,Yes,Electronic check,56.13,3661.15,No
CUST04216,Female,0,No,No,32,Yes,Fiber optic,Yes,No,Yes,No,No,Two year,Yes,Electronic check,90.11,2818.79,Yes
CUST04217,Male,0,No,Yes,56,Yes,DSL,No,No,Yes,No,No,One year,Yes,Credit card,106.53,5904.44,No
CUST04218,Male,0,No,Yes,43,Yes,DSL,No,Yes,No,No,No,Month-to-month,Yes,Credit card,93.74,3996.92,No
CUST04219,Female,0,No,Yes,5,Yes,Fiber optic,Yes,No,Yes,No,Yes,Two year,Yes,Credit card,18.0,132.09,No
CUST04220,Male,0,Yes,Yes,48,Yes,Fiber optic,Yes,No,Yes,No,No,One year,No,Bank transfer,70.19,3392.32,No
CUST04221,Male,0,Yes,No,46,Yes,Fiber optic,No,No,No,No,Yes,Month-to-month,Yes,Credit card,47.56,2266.83,Yes
CUST04222,Female,1,No,No,63,Yes,DSL,No,No,No,No,No,Month-to-month,No,Mailed check,90.78,5749.92,No
CUST04223,Female,0,No,Yes,67,Yes,Fiber optic,No,Yes,Yes,Yes,Yes,Two year,Yes,Bank transfer,75.76,5028.61,No
CUST04224,Female,0,No,No,42,Yes,DSL,No,No,No,Yes,Yes,Two year,Yes,Electronic check,116.79,4965.74,No
CUST04225,Female,0,No,No,64,Yes,DSL,No,No,Yes,Yes,Yes,Two year,No,Mailed check,65.69,4094.49,No
CUST04226,Male,0,No,Yes,10,Yes,No,No internet service,No internet service,No internet service,No internet service,No internet service,Two year,No,Electronic check,75.82,836.37,No
CUST04227,Male,0,No,No,44,Yes,Fiber optic,Yes,No,Yes,No,Yes,Month-to-month,No,Bank transfer,70.92,3059.22,Yes
CUST04228,Female,0,No,No,42,Yes,Fiber optic,No,No,Yes,Yes,Yes,Month-to-month,Yes,Mailed check,91.97,3679.08,Yes
CUST04229,Male,1,No,No,12,Yes,Fiber optic,Yes,Yes,Yes,Yes,No,Month-to-month,Yes,Bank transfer,49.71,640.08,No
CUST04230,Male,0,Yes,No,39,Yes,DSL,,No,Yes,No,Yes,Month-to-month,No,Credit card,49.0,1886.28,No
CUST04231,Male,1,No,No,49,No,DSL,No,No,Yes,Yes,Yes,Two year,Yes,Credit card,59.92,3030.06,No
CUST04232,Female,1,No,No,30,Yes,Fiber optic,No,No,Yes,No,No,Month-to-month,No,Bank transfer,88.62,2735.62,No
CUST04233,Female,0,Yes,No,48,Yes,No,No internet service,No internet service,No internet service,No internet service,No internet service,Month-to-month,Yes,Credit card,99.98,4720.14,No
CUST04234,Male,1,No,No,54,No,Fiber optic,No,No,Yes,No,No,Two year,No,Mailed check,71.67,3992.02,No
CUST04235,Male,0,No,No,42,Yes,No,No internet service,No internet service,No internet service,No internet service,No internet service,Two year,Yes,Bank transfer,88.79,3578.43,No
CUST04236,Male,0,Yes,No,29,Yes,No,No internet service,No internet service,No internet service,No internet service,No internet service,Month-to-month,Yes,Electronic check,86.7,2551.49,Yes
CUST04237,Female,0,No,No,19,Yes,DSL,No,Yes,Yes,No,No,Month-to-month,No,Electronic check,72.56,1492.61,No
CUST04238,Male,0,Yes,No,48,Yes,No,No internet service,No internet service,No internet service,No internet service,No internet service,Month-to-month,Yes,Electronic check,71.97,3373.31,Yes
CUST04239,Female,0,Yes,Yes,65,No,Fiber optic,Yes,No,No,Yes,No,One year,Yes,Mailed check,93.06,6217.86,No
CUST04240,Male,1,No,Yes,33,Yes,Fiber optic,Yes,Yes,No,Yes,Yes,Two year,Yes,Bank transfer,121.89,4035.34,No
CUST04241,Male,0,No,Yes,36,Yes,Fiber optic,Yes,Yes,No,Yes,No,Month-to-month,Yes,Mailed check,98.7,3583.02,No
CUST04242,Male,0,No,Yes,66,Yes,Fiber optic,No,No,Yes,Yes,Yes,Month-to-month,Yes,Credit card,104.07,6962.58,No
CUST04243,Female,0,Yes,No,21,No,DSL,No,Yes,Yes,Yes,Yes,One year,No,Electronic check,124.98,2658.03,Yes
CUST04244,Male,0,No,No,58,Yes,DSL,No,Yes,Yes,Yes,Yes,Month-to-month,Yes,Mailed check,56.55,3173.91,No
CUST04245,Male,0,Yes,Yes,18,Yes,DSL,No,Yes,No,No,No,Two year,Yes,Mailed check,91.54,1390.4,No
CUST04246,Male,0,No,No,18,Yes,DSL,No,Yes,No,Yes,No,Month-to-month,No,Electronic check,110.41,1909.3,No
CUST04247,Male,1,Yes,Yes,20,No,DSL,No,No,No,No,Yes,Month-to-month,Yes,Bank transfer,97.48,1878.61,Yes
CUST04248,Male,0,No,No,3,No,DSL,Yes,Yes,No,Yes,No,Month-to-month,Yes,Mailed check,59.02,101.19,Yes
CUST04249,Female,0,Yes,No,33,Yes,No,No internet service,No internet service,No internet service,No internet service,No internet service,One year,No,Electronic check,54.08,1734.03,No
CUST04250,Male,0,Yes,Yes,25,Yes,DSL,No,No,Yes,No,No,Month-to-month,No,Bank transfer,114.83,2642.94,No
CUST04251,Male,0,Yes,No,16,Yes,No,No internet service,No internet service,No internet service,No internet service,No internet service,Month-to-month,Yes,Electronic check,84.39,1254.9,Yes
CUST04252,Male,1,No,No,55,Yes,Fiber optic,Yes,No,No,Yes,Yes,One year,Yes,Credit card,81.64,4533.9,No
CUST04253,Female,0,No,No,37,Yes,DSL,No,No,No,No,No,Month-to-month,No,Mailed check,74.49,2839.5,No
CUST04254,Male,0,No,No,14,Yes,DSL,No,Yes,Yes,Yes,No,Month-to-month,No,Mailed check,111.75,1506.21,Yes
CUST04255,Male,0,Yes,No,14,Yes,DSL,No,Yes,Yes,No,Yes,Month-to-month,No,Electronic check,98.35,1432.16,Yes
CUST04256,Male,1,Yes,Yes,59,Yes,Fiber optic,Yes,Yes,Yes,Yes,Yes,Month-to-month,Yes,Credit card,69.35,3884.5,Yes
CUST04257,Male,0,No,No,19,Yes,DSL,No,Yes,No,No,Yes,Month-to-month,No,Electronic check,96.79,1860.62,Yes
CUST04258,Male,0,Yes,Yes,28,No,No,No internet service,No internet service,No internet service,No internet service,No internet service,Month-to-month,No,Bank transfer,78.45,2291.38,No
CUST04259,Female,0,No,No,8,Yes,Fiber optic,Yes,Yes,No,No,No,Month-to-month,Yes,Bank transfer,95.8,807.65,Yes
CUST04260,Male,0,No,No,58,Yes,Fiber optic,Yes,No,No,No,No,Two year,No,Electronic check,107.91,6256.66,Yes
CUST04261,Male,0,No,No,26,Yes,Fiber optic,Yes,No,No,Yes,Yes,Month-to-month,Yes,Electronic check,104.91,2523.63,Yes
CUST04262,Male,0,No,No,51,Yes,Fiber optic,Yes,No,No,Yes,No,Two year,Yes,Electronic check,30.86,1725.1,No
CUST04263,Male,0,Yes,No,29,Yes,No,No internet service,No internet service,No internet service,No internet service,No internet service,One year,No,Credit card,86.84,2673.64,No
CUST04264,Female,1,Yes,No,58,Yes,Fiber optic,Yes,No,No,Yes,Yes,Month-to-month,Yes,Bank transfer,110.95,6491.17,Yes
CUST04265,Female,0,No,No,29,Yes,DSL,Yes,No,Yes,No,No,Month-to-month,No,Electronic check,56.03,1731.42,No
CUST04266,Female,1,Yes,No,65,No,No,No internet service,No internet service,No internet service,No internet service,No internet service,One year,No,Credit card,123.73,8042.62,No
CUST04267,Male,0,No,Yes,52,Yes,No,No internet service,No internet service,No internet service,No internet service,No internet service,Month-to-month,No,Credit card,89.52,4715.95,No
CUST04268,Female,0,No,No,35,Yes,No,No internet service,No internet service,No internet service,No internet service,No internet service,Month-to-month,Yes,Bank transfer,97.96,3495.74,No
CUST04269,Male,0,Yes,No,35,No,No,No internet service,No internet service,No internet service,No internet service,No internet service,Month-to-month,No,Bank transfer,,3422.83,Yes
CUST04270,Female,0,No,Yes,45,Yes,Fiber optic,Yes,No,No,No,No,Month-to-month,No,Credit card,40.39,1751.41,Yes
CUST04271,Female,0,Yes,No,50,Yes,Fiber optic,Yes,No,No,No,Yes,Month-to-month,Yes,Mailed check,98.89,5014.5,No
CUST04272,Female,0,No,No,51,Yes,Fiber optic,No,Yes,No,No,Yes,Month-to-month,No,Electronic check,86.33,4553.13,Yes
CUST04273,Female,0,Yes,No,2,Yes,Fiber optic,No,No,Yes,No,Yes,Month-to-month,Yes,Bank transfer,62.8,224.96,Yes
CUST04274,Male,0,No,No,19,Yes,No,No internet service,No internet service,No internet service,No internet service,No internet service,Month-to-month,No,Mailed check,114.59,2204.48,No
CUST04275,Male,0,Yes,No,31,Yes,Fiber optic,No,Yes,Yes,No,No,Two year,No,Bank transfer,26.63,846.64,No
CUST04276,Female,1,Yes,No,39,Yes,Fiber optic,No,Yes,No,No,Yes,Month-to-month,No,Electronic check,58.69,2314.61,Yes
CUST04277,Male,0,Yes,No,6,Yes,Fiber optic,Yes,Yes,Yes,No,No,One year,Yes,Mailed check,110.34,479.24,Yes
CUST04278,Female,0,Yes,Yes,14,Yes,DSL,Yes,Yes,Yes,No,No,Two year,No,Mailed check,99.23,1380.71,No
CUST04279,Female,0,No,No,33,Yes,Fiber optic,Yes,Yes,Yes,No,Yes,Month-to-month,Yes,Mailed check,60.56,1981.21,No
CUST04280,Female,0,Yes,No,32,Yes,Fiber optic,Yes,Yes,No,No,No,Month-to-month,No,Bank transfer,56.2,1701.81,Yes
CUST04281,Male,0,Yes,No,44,Yes,DSL,Yes,No,No,No,Yes,Month-to-month,No,Mailed check,69.95,3162.14,Yes
CUST04282,Female,0,Yes,No,5,Yes,DSL,No,Yes,Yes,Yes,Yes,Month-to-month,No,Credit card,83.79,441.5,No
CUST04283,Male,0,Yes,Yes,58,Yes,DSL,No,Yes,Yes,No,No,Month-to-month,No,Bank transfer,65.41,3584.42,No
CUST04284,Male,0,Yes,No,21,Yes,DSL,No,No,Yes,No,Yes,One year,No,Mailed check,74.35,1580.14,No
CUST04285,Male,0,Yes,No,40,Yes,Fiber optic,No,Yes,No,No,No,One year,Yes,Mailed check,78.82,3254.91,No
CUST04286,Female,0,No,Yes,69,Yes,Fiber optic,No,No,No,Yes,Yes,Month-to-month,No,Mailed check,68.44,4674.7,No
CUST04287,Female,1,No,No,27,Yes,Fiber optic,Yes,No,No,Yes,No,Two year,Yes,Mailed check,65.81,1694.89,No
CUST04288,Female,0,No,No,22,Yes,Fiber optic,No,No,Yes,Yes,No,Two year,No,Bank transfer,47.76,947.59,No
CUST04289,Female,0,Yes,Yes,19,Yes,DSL,Yes,No,No,No,No,Month-to-month,No,Credit card,76.52,1461.86,No
CUST04290,Male,0,No,No,47,Yes,No,No internet service,No internet service,No internet service,No internet service,No internet service,One year,No,Bank transfer,76.02,3514.85,No
CUST04291,Male,0,No,No,69,Yes,Fiber optic,No,No,No,No,Yes,Month-to-month,Yes,Credit card,53.76,3591.8,Yes
CUST04292,Female,0,No,No,40,Yes,Fiber optic,No,No,Yes,No,Yes,One year,Yes,Electronic check,84.23,3498.81,Yes
CUST04293,Male,0,Yes,Yes,14,Yes,DSL,No,No,Yes,No,Yes,One year,Yes,Electronic check,106.61,1508.85,No
CUST04294,Male,0,Yes,Yes,69,Yes,No,No internet service,No internet service,No internet service,No internet service,No internet service,Month-to-month,No,Bank transfer,78.76,5392.51,No
CUST04295,Female,0,Yes,No,3,Yes,Fiber optic,,Yes,Yes,No,No,Month-to-month,Yes,Credit card,87.91,397.63,No
CUST04296,Female,0,Yes,No,29,Yes,No,No internet service,No internet service,No internet service,No internet service,No internet service,One year,Yes,Bank transfer,101.85,2975.59,No
CUST04297,Male,1,No,Yes,9,Yes,Fiber optic,Yes,Yes,Yes,No,Yes,Month-to-month,Yes,Mailed check,76.3,675.92,No
CUST04298,Female,0,Yes,No,2,Yes,No,No internet service,No internet service,No internet service,No internet service,No internet service,One year,No,Bank transfer,99.47,216.38,Yes
CUST04299,Male,0,Yes,Yes,72,Yes,Fiber optic,No,Yes,No,No,Yes,Two year,Yes,Electronic check,19.58,1367.47,No
CUST04300,Male,0,Yes,No,6,Yes,DSL,Yes,No,No,No,Yes,Month-to-month,Yes,Credit card,59.45,345.53,No
CUST04301,Male,0,Yes,No,66,No,Fiber optic,No,Yes,No,Yes,Yes,Month-to-month,No,Electronic check,49.61,3320.99,No
CUST04302,Female,0,Yes,Yes,39,Yes,DSL,No,Yes,No,Yes,Yes,One year,No,Credit card,112.4,4518.11,No
CUST04303,Male,1,Yes,No,23,Yes,No,No internet service,No internet service,No internet service,No internet service,No internet service,One year,Yes,Mailed check,92.94,2093.69,No
CUST04304,Male,0,No,No,62,Yes,DSL,No,No,No,Yes,Yes,Month-to-month,No,Credit card,46.92,2959.27,No
CUST04305,Female,0,Yes,No,0,Yes,Fiber optic,No,No,No,Yes,No,Month-to-month,Yes,Bank transfer,52.74,0.0,Yes
CUST04306,Female,0,No,No,50,Yes,Fiber optic,Yes,Yes,Yes,No,Yes,One year,Yes,Credit card,42.85,2182.97,No
CUST04307,Female,0,No,Yes,56,Yes,Fiber optic,Yes,No,Yes,Yes,No,Month-to-month,Yes,Bank transfer,85.31,4921.66,No
CUST04308,Female,0,No,Yes,26,Yes,Fiber optic,No,Yes,No,Yes,Yes,Month-to-month,No,Bank transfer,81.97,2133.1,Yes
CUST04309,Female,1,No,No,21,Yes,Fiber optic,No,Yes,Yes,No,Yes,Month-to-month,No,Bank transfer,66.56,1351.57,Yes
CUST04310,Female,0,Yes,No,0,Yes,Fiber optic,Yes,No,No,Yes,Yes,Two year,No,Electronic check,55.21,0.0,No
CUST04311,Female,0,No,Yes,1,Yes,Fiber optic,No,Yes,No,Yes,No,Two year,No,Credit card,76.34,115.06,Yes
CUST04312,Female,0,No,No,3,Yes,Fiber optic,No,No,No,No,Yes,Two year,Yes,Mailed check,141.54,429.43,No
CUST04313,Male,0,No,Yes,33,Yes,No,No internet service,No internet service,No internet service,No internet service,No internet service,Two year,Yes,Mailed check,,2195.79,No
CUST04314,Male,0,Yes,Yes,38,Yes,DSL,Yes,Yes,Yes,Yes,No,Month-to-month,No,Credit card,105.71,4069.26,No
CUST04315,Female,0,No,No,30,Yes,DSL,Yes,No,Yes,No,No,One year,Yes,Electronic check,69.62,2018.38,No
CUST04316,Male,0,Yes,No,51,No,Fiber optic,Yes,Yes,Yes,No,Yes,One year,No,Electronic check,101.32,5236.52,No
CUST04317,Female,0,No,No,26,Yes,Fiber optic,No,Yes,No,Yes,No,Two year,No,Credit card,92.16,2370.96,Yes
CUST04318,Male,0,Yes,Yes,57,Yes,No,No internet service,No internet service,No internet service,No internet service,No internet service,Two year,Yes,Credit card,76.26,4399.53,No
CUST04319,Female,1,Yes,No,47,Yes,No,No internet service,No internet service,No internet service,No internet service,No internet service,Month-to-month,Yes,Credit card,93.05,4440.53,Yes
CUST04320,Male,0,No,Yes,68,Yes,No,No internet service,No internet service,No internet service,No internet service,No internet service,Month-to-month,Yes,Electronic check,107.03,7122.64,Yes
CUST04321,Female,0,No,No,52,Yes,Fiber optic,Yes,No,Yes,Yes,No,Two year,Yes,Mailed check,78.75,4089.33,No
CUST04322,Male,0,No,No,9,Yes,Fiber optic,Yes,No,Yes,Yes,Yes,Month-to-month,Yes,Bank transfer,72.53,530.45,No
CUST04323,Male,0,No,No,40,Yes,DSL,Yes,Yes,Yes,Yes,No,Month-to-month,Yes,Mailed check,93.69,3609.12,No
CUST04324,Male,0,No,No,47,Yes,DSL,No,No,Yes,No,No,Two year,Yes,Electronic check,117.83,5519.24,No
CUST04325,Female,0,Yes,No,1,Yes,No,No internet service,No internet service,No internet service,No internet service,No internet service,Two year,Yes,Electronic check,42.3,66.87,Yes
CUST04326,Male,0,No,Yes,3,Yes,No,No internet service,No internet service,No internet service,No internet service,No internet service,Month-to-month,No,Credit card,45.37,12.52,Yes
CUST04327,Female,0,Yes,Yes,1,Yes,DSL,Yes,No,Yes,No,Yes,Month-to-month,No,Credit card,112.42,134.13,Yes
CUST04328,Male,0,Yes,No,12,Yes,No,No internet service,No internet service,No internet service,No internet service,No internet service,Month-to-month,Yes,Bank transfer,63.52,692.29,Yes
CUST04329,Male,0,No,Yes,64,Yes,No,No internet service,No internet service,No internet service,No internet service,No internet service,Month-to-month,No,Electronic check,108.17,6928.31,Yes
CUST04330,Female,0,Yes,Yes,17,No,DSL,No,Yes,Yes,No,Yes,Month-to-month,No,Mailed check,60.21,1225.93,No
CUST04331,Male,0,No,Yes,13,Yes,DSL,No,Yes,No,Yes,No,Month-to-month,No,Mailed check,65.34,824.03,No
CUST04332,Male,0,Yes,No,32,Yes,No,No internet service,No internet service,No internet service,No internet service,No internet service,Two year,No,Electronic check,103.05,3206.53,No
CUST04333,Female,0,Yes,No,29,Yes,DSL,No,Yes,No,Yes,No,Month-to-month,No,Electronic check,95.4,2765.17,No
CUST04334,Female,0,Yes,No,72,Yes,DSL,No,No,No,Yes,Yes,Month-to-month,Yes,Mailed check,48.7,3491.19,Yes
CUST04335,Female,0,No,No,7,No,Fiber optic,Yes,No,Yes,Yes,No,One year,No,Mailed check,91.97,616.14,Yes
CUST04336,Male,0,No,No,61,Yes,No,No internet service,No internet service,No internet service,No internet service,No internet service,Month-to-month,No,Mailed check,60.35,3684.09,No
CUST04337,Female,1,Yes,Yes,16,Yes,No,No internet service,No internet service,No internet service,No internet service,No internet service,Two year,Yes,Electronic check,87.95,1392.41,No
CUST04338,Male,0,Yes,No,22,Yes,Fiber optic,No,No,Yes,Yes,Yes,Month-to-month,No,Electronic check,78.58,1629.75,Yes
CUST04339,Female,0,Yes,No,35,Yes,No,No internet service,No internet service,No internet service,No internet service,No internet service,Month-to-month,Yes,Credit card,72.78,2613.25,No
CUST04340,Female,0,Yes,No,71,No,Fiber optic,Yes,No,Yes,Yes,Yes,Month-to-month,No,Electronic check,61.64,4481.52,No
CUST04341,Male,0,No,No,17,Yes,Fiber optic,No,Yes,No,Yes,No,Month-to-month,No,Bank transfer,35.3,570.33,No
CUST04342,Male,0,No,No,25,No,DSL,No,No,No,Yes,No,Month-to-month,No,Credit card,61.3,1560.55,Yes
CUST04343,Male,0,Yes,Yes,48,Yes,Fiber optic,Yes,No,No,No,No,Two year,Yes,Mailed check,94.44,4369.48,No
CUST04344,Male,0,Yes,No,48,Yes,Fiber optic,No,Yes,Yes,No,No,Two year,Yes,Mailed check,88.48,4245.57,No
CUST04345,Male,0,No,No,26,No,DSL,No,Yes,Yes,Yes,Yes,Two year,No,Bank transfer,56.26,1616.64,No
CUST04346,Female,0,Yes,Yes,9,No,Fiber optic,No,Yes,No,Yes,Yes,One year,Yes,Electronic check,104.75,1006.75,No
CUST04347,Male,0,Yes,Yes,57,Yes,DSL,,Yes,Yes,No,Yes,Month-to-month,No,Bank transfer,86.3,4931.42,No
CUST04348,Male,0,No,No,65,No,DSL,No,No,No,Yes,Yes,Two year,Yes,Electronic check,92.71,6022.61,No
CUST04349,Female,0,Yes,No,43,Yes,Fiber optic,Yes,Yes,No,Yes,No,One year,No,Credit card,51.39,2185.85,No
CUST04350,Male,0,Yes,No,63,Yes,DSL,Yes,No,No,No,No,Month-to-month,Yes,Bank transfer,122.51,7751.71,Yes
CUST04351,Female,0,Yes,Yes,18,Yes,DSL,No,No,No,Yes,No,One year,No,Mailed check,89.47,1692.74,No
CUST04352,Female,0,No,No,63,Yes,No,No internet service,No internet service,No internet service,No internet service,No internet service,One year,No,Mailed check,115.94,7264.09,No
CUST04353,Female,0,Yes,Yes,59,Yes,No,No internet service,No internet service,No internet service,No internet service,No internet service,One year,Yes,Electronic check,,3706.88,Yes
CUST04354,Male,0,No,No,65,Yes,Fiber optic,Yes,Yes,No,Yes,No,Two year,Yes,Electronic check,31.86,2006.22,No
CUST04355,Male,0,Yes,Yes,68,Yes,DSL,No,No,No,Yes,Yes,Two year,No,Credit card,53.99,3636.35,No
CUST04356,Female,0,Yes,Yes,25,Yes,Fiber optic,Yes,No,No,No,Yes,Two year,Yes,Electronic check,103.66,2502.58,No
CUST04357,Female,1,No,No,8,Yes,Fiber optic,No,No,No,No,No,Two year,Yes,Electronic check,49.39,407.94,No
CUST04358,Male,1,Yes,Yes,54,Yes,DSL,No,Yes,Yes,Yes,Yes,One year,Yes,Electronic check,114.95,6213.98,Yes
CUST04359,Female,0,Yes,No,48,Yes,DSL,Yes,Yes,Yes,No,No,Month-to-month,Yes,Mailed check,59.55,2890.12,No
CUST04360,Female,0,Yes,Yes,47,Yes,Fiber optic,No,Yes,Yes,Yes,No,One year,No,Bank transfer,87.37,4131.07,No
CUST04361,Male,0,No,No,46,Yes,Fiber optic,No,No,No,No,No,One year,Yes,Mailed check,83.54,3900.69,No
CUST04362,Female,0,Yes,Yes,2,Yes,DSL,Yes,Yes,No,No,Yes,Month-to-month,Yes,Credit card,69.92,306.63,Yes
CUST04363,Male,0,No,No,48,Yes,DSL,Yes,Yes,Yes,Yes,No,One year,Yes,Bank transfer,70.07,3422.0,No
CUST04364,Female,0,Yes,Yes,35,Yes,Fiber optic,No,No,Yes,No,No,Month-to-month,Yes,Credit card,53.03,1698.19,Yes
CUST04365,Female,0,Yes,No,2,Yes,Fiber optic,Yes,No,No,No,No,Month-to-month,No,Mailed check,126.64,233.45,No
CUST04366,Female,0,Yes,Yes,62,Yes,Fiber optic,No,No,Yes,No,No,One year,No,Bank transfer,90.59,5613.76,Yes
CUST04367,Male,0,Yes,No,2,Yes,No,No internet service,No internet service,No internet service,No internet service,No internet service,Two year,Yes,Electronic check,37.03,0.0,No
CUST04368,Male,0,No,No,17,No,DSL,No,No,No,No,No,Month-to-month,No,Mailed check,43.72,809.64,No
CUST04369,Female,0,Yes,Yes,21,Yes,No,No internet service,No internet service,No internet service,No internet service,No internet service,Two year,Yes,Credit card,90.9,2051.99,No
CUST04370,Female,1,No,Yes,57,Yes,Fiber optic,Yes,Yes,No,No,Yes,Month-to-month,No,Mailed check,77.35,4339.62,No
CUST04371,Female,0,Yes,Yes,5,Yes,Fiber optic,No,No,No,No,No,One year,Yes,Mailed check,32.22,262.15,No
CUST04372,Male,0,No,Yes,28,Yes,Fiber optic,Yes,Yes,No,No,No,Two year,Yes,Bank transfer,141.09,4036.38,Yes
CUST04373,Male,0,Yes,No,26,Yes,Fiber optic,Yes,No,Yes,No,No,Two year,Yes,Mailed check,18.0,489.94,No
CUST04374,Female,0,No,No,30,Yes,Fiber optic,Yes,Yes,No,No,Yes,Month-to-month,Yes,Credit card,66.03,2047.35,No
CUST04375,Male,0,Yes,No,63,Yes,Fiber optic,Yes,No,No,No,Yes,Two year,Yes,Mailed check,78.06,4856.62,No
CUST04376,Female,0,No,No,23,No,Fiber optic,Yes,Yes,No,Yes,Yes,Two year,Yes,Credit card,60.54,1484.49,No
CUST04377,Male,1,No,Yes,25,Yes,DSL,No,No,No,Yes,Yes,Month-to-month,Yes,Bank transfer,98.92,2574.28,Yes
CUST04378,Male,0,No,Yes,29,No,Fiber optic,No,Yes,Yes,Yes,No,Month-to-month,No,Credit card,90.4,2659.77,Yes
CUST04379,Male,0,Yes,Yes,28,Yes,No,No internet service,No internet service,No internet service,No internet service,No internet service,Two year,No,Bank transfer,81.13,2296.08,Yes
CUST04380,Female,0,No,Yes,69,Yes,Fiber optic,Yes,No,Yes,No,No,Month-to-month,Yes,Bank transfer,75.79,5166.04,No
CUST04381,Female,1,Yes,No,19,Yes,DSL,Yes,No,Yes,No,No,One year,Yes,Bank transfer,91.01,1804.9,No
CUST04382,Male,0,Yes,Yes,8,Yes,No,No internet service,No internet service,No internet service,No internet service,No internet service,Month-to-month,No,Electronic check,72.34,579.86,No
CUST04383,Male,1,No,Yes,30,Yes,No,No internet service,No internet service,No internet service,No internet service,No internet service,Month-to-month,No,Electronic check,39.8,1183.08,Yes
CUST04384,Female,0,No,Yes,6,Yes,Fiber optic,Yes,No,No,No,No,Month-to-month,Yes,Credit card,101.77,686.15,Yes
CUST04385,Male,0,Yes,No,58,Yes,Fiber optic,Yes,Yes,No,No,Yes,Month-to-month,Yes,Bank transfer,121.34,7014.62,No
CUST04386,Female,0,No,Yes,65,Yes,DSL,Yes,Yes,No,No,No,Month-to-month,Yes,Electronic check,79.7,5124.06,No
CUST04387,Male,0,No,No,60,Yes,Fiber optic,Yes,Yes,Yes,No,No,Two year,Yes,Bank transfer,80.21,4899.62,No
CUST04388,Male,0,Yes,No,58,Yes,No,No internet service,No internet service,No internet service,No internet service,No internet service,One year,No,Mailed check,76.7,4327.86,No
CUST04389,Male,1,Yes,No,30,Yes,DSL,No,No,Yes,No,Yes,Month-to-month,No,Mailed check,44.65,1397.73,No
CUST04390,Female,0,No,No,50,Yes,DSL,Yes,No,Yes,Yes,Yes,One year,No,Credit card,64.01,3102.01,Yes
CUST04391,Male,0,Yes,No,28,Yes,No,No internet service,No internet service,No internet service,No internet service,No internet service,Month-to-month,Yes,Bank transfer,97.51,2585.45,Yes
CUST04392,Female,1,Yes,No,62,Yes,Fiber optic,Yes,No,No,No,No,Month-to-month,No,Bank transfer,83.97,5258.71,No
CUST04393,Male,1,Yes,No,14,No,No,No internet service,No internet service,No internet service,No internet service,No internet service,Month-to-month,Yes,Bank transfer,120.55,1713.65,Yes
CUST04394,Male,1,No,No,10,Yes,Fiber optic,Yes,Yes,No,No,No,Month-to-month,No,Electronic check,96.33,912.73,Yes
CUST04395,Female,1,Yes,No,71,Yes,DSL,Yes,No,Yes,Yes,Yes,Month-to-month,Yes,Credit card,67.48,4698.62,No
CUST04396,Female,0,Yes,Yes,26,Yes,No,No internet service,No internet service,No internet service,No internet service,No internet service,One year,No,Bank transfer,94.54,2485.11,No
CUST04397,Male,1,Yes,No,22,Yes,DSL,No,No,No,No,No,Two year,Yes,Mailed check,72.78,1563.71,No
CUST04398,Male,0,Yes,No,48,Yes,Fiber optic,No,Yes,Yes,Yes,Yes,Month-to-month,Yes,Credit card,36.57,1818.64,No
CUST04399,Male,0,No,No,25,Yes,DSL,Yes,Yes,Yes,No,No,Month-to-month,Yes,Bank transfer,103.89,2551.17,No
CUST04400,Female,0,No,No,54,Yes,Fiber optic,No,Yes,Yes,No,Yes,One year,Yes,Mailed check,90.44,4849.74,No
CUST04401,Male,0,No,No,31,Yes,DSL,No,No,No,Yes,No,Two year,Yes,Credit card,,4738.71,No
CUST04402,Male,0,No,No,57,No,No,No internet service,No internet service,No internet service,No internet service,No internet service,Month-to-month,Yes,Bank transfer,64.36,3586.31,No
CUST04403,Male,1,Yes,No,5,Yes,No,No internet service,No internet service,No internet service,No internet service,No internet service,Two year,Yes,Electronic check,96.13,364.2,Yes
CUST04404,Female,0,No,No,53,Yes,DSL,No,Yes,No,Yes,No,Two year,No,Mailed check,59.27,3066.52,Yes
CUST04405,Male,0,No,No,23,Yes,Fiber optic,No,No,Yes,No,No,Month-to-month,Yes,Bank transfer,56.11,1309.88,Yes
CUST04406,Female,0,No,Yes,30,Yes,Fiber optic,Yes,Yes,Yes,No,Yes,Month-to-month,No,Mailed check,136.08,4235.3,Yes
CUST04407,Male,0,No,Yes,67,Yes,No,No internet service,No internet service,No internet service,No internet service,No internet service,One year,Yes,Bank transfer,26.22,1768.92,No
CUST04408,Male,0,Yes,No,35,Yes,Fiber optic,No,Yes,Yes,Yes,No,Month-to-month,No,Electronic check,76.79,2617.91,Yes
CUST04409,Male,0,No,Yes,5,Yes,No,No internet service,No internet service,No internet service,No internet service,No internet service,Month-to-month,No,Credit card,121.2,539.68,Yes
CUST04410,Male,0,Yes,Yes,33,Yes,No,No internet service,No internet service,No internet service,No internet service,No internet service,Two year,No,Bank transfer,39.03,1320.82,No
CUST04411,Male,0,No,No,17,No,Fiber optic,Yes,Yes,No,No,Yes,One year,Yes,Electronic check,64.88,964.3,No
CUST04412,Female,0,Yes,No,34,Yes,Fiber optic,Yes,No,Yes,Yes,No,One year,Yes,Mailed check,100.29,3259.33,No
CUST04413,Male,0,No,Yes,15,Yes,Fiber optic,Yes,No,No,Yes,No,One year,Yes,Mailed check,47.51,728.35,No
CUST04414,Female,0,No,Yes,46,Yes,Fiber optic,Yes,No,No,Yes,Yes,Month-to-month,No,Bank transfer,85.81,4018.04,Yes
CUST04415,Male,0,No,No,17,Yes,Fiber optic,No,No,Yes,Yes,No,Two year,Yes,Mailed check,57.8,1055.39,No
CUST04416,Male,0,Yes,No,33,Yes,DSL,Yes,Yes,No,Yes,No,Two year,No,Credit card,111.03,3691.69,No
CUST04417,Male,0,No,No,69,Yes,Fiber optic,No,Yes,No,No,No,Two year,Yes,Electronic check,110.14,7695.42,No
CUST04418,Male,0,No,Yes,46,Yes,No,No internet service,No internet service,No internet service,No internet service,No internet service,Month-to-month,Yes,Electronic check,65.57,3001.11,Yes
CUST04419,Female,0,No,No,51,Yes,Fiber optic,No,No,No,No,No,Two year,Yes,Electronic check,,887.71,No
CUST04420,Male,0,No,No,56,Yes,Fiber optic,No,Yes,Yes,No,No,One year,Yes,Bank transfer,90.46,5061.64,No
CUST04421,Female,0,No,No,67,Yes,DSL,Yes,Yes,Yes,No,Yes,Month-to-month,Yes,Credit card,103.13,6933.34,No
CUST04422,Female,0,No,No,64,Yes,DSL,Yes,No,Yes,Yes,No,Month-to-month,Yes,Mailed check,90.67,6114.15,No
CUST04423,Female,0,Yes,No,62,No,DSL,Yes,No,Yes,Yes,Yes,Month-to-month,Yes,Credit card,87.49,5408.63,Yes
CUST04424,Male,0,Yes,No,24,Yes,Fiber optic,Yes,Yes,No,Yes,Yes,Month-to-month,Yes,Mailed check,84.17,2034.41,Yes
CUST04425,Male,1,No,No,45,Yes,Fiber optic,Yes,Yes,Yes,Yes,Yes,Month-to-month,No,Mailed check,69.0,3243.99,Yes
CUST04426,Female,0,No,No,59,Yes,Fiber optic,Yes,No,Yes,No,No,Month-to-month,Yes,Bank transfer,58.4,3489.95,Yes
CUST04427,Male,0,Yes,No,40,Yes,DSL,No,Yes,Yes,Yes,No,Month-to-month,Yes,Electronic check,78.39,3001.23,No
CUST04428,Male,1,Yes,No,9,No,DSL,No,Yes,No,No,No,Month-to-month,Yes,Credit card,,780.03,Yes
CUST04429,Female,0,Yes,No,37,Yes,No,No internet service,No internet service,No internet service,No internet service,No internet service,One year,No,Credit card,94.35,3516.88,Yes
CUST04430,Female,0,No,No,15,Yes,DSL,Yes,No,Yes,Yes,Yes,One year,Yes,Credit card,55.76,609.36,No
CUST04431,Female,1,No,No,50,Yes,No,No internet service,No internet service,No internet service,No internet service,No internet service,One year,No,Credit card,66.23,3278.94,No
CUST04432,Male,0,No,No,62,Yes,Fiber optic,No,No,Yes,Yes,No,One year,Yes,Credit card,78.95,4837.27,No
CUST04433,Female,0,Yes,No,51,No,No,No internet service,No internet service,No internet service,No internet service,No internet service,Month-to-month,Yes,Mailed check,57.79,2909.33,No
CUST04434,Male,0,Yes,No,40,Yes,Fiber optic,Yes,No,Yes,Yes,No,Two year,Yes,Electronic check,41.91,1673.58,No
CUST04435,Female,0,No,Yes,43,Yes,No,No internet service,No internet service,No internet service,No internet service,No internet service,One year,Yes,Bank transfer,92.75,4046.06,No
CUST04436,Female,0,Yes,Yes,39,No,Fiber optic,Yes,Yes,Yes,Yes,Yes,One year,Yes,Mailed check,43.96,1815.82,No
CUST04437,Female,0,Yes,No,32,Yes,DSL,Yes,Yes,No,Yes,Yes,Two year,Yes,Credit card,81.27,2704.93,No
CUST04438,Female,1,Yes,Yes,16,Yes,No,No internet service,No internet service,No internet service,No internet service,No internet service,Month-to-month,No,Credit card,89.9,1566.62,Yes
CUST04439,Male,0,No,No,49,Yes,DSL,Yes,Yes,No,Yes,No,One year,No,Credit card,112.1,5476.89,No
CUST04440,Male,0,No,Yes,25,Yes,Fiber optic,Yes,Yes,No,No,Yes,Two year,No,Credit card,134.21,3188.09,No
CUST04441,Male,0,Yes,No,11,Yes,Fiber optic,No,No,No,No,No,Month-to-month,No,Credit card,109.49,1004.16,No
CUST04442,Male,0,Yes,No,58,Yes,No,No internet service,No internet service,No internet service,No internet service,No internet service,Month-to-month,Yes,Mailed check,58.87,3476.39,No
CUST04443,Female,0,No,No,40,Yes,Fiber optic,Yes,No,Yes,No,No,Month-to-month,No,Bank transfer,69.09,2758.8,No
CUST04444,Male,0,Yes,No,37,Yes,No,No internet service,No internet service,No internet service,No internet service,No internet service,Month-to-month,Yes,Mailed check,84.07,3230.38,Yes
CUST04445,Female,0,Yes,No,37,Yes,DSL,Yes,Yes,Yes,Yes,No,Two year,No,Bank transfer,74.97,2810.98,No
CUST04446,Male,1,Yes,Yes,5,Yes,No,No internet service,No internet service,No internet service,No internet service,No internet service,One year,No,Bank transfer,80.35,261.41,No
CUST04447,Male,0,Yes,No,39,Yes,No,No internet service,No internet service,No internet service,No internet service,No internet service,Month-to-month,Yes,Electronic check,107.65,4150.0,No
CUST04448,Male,0,No,Yes,39,Yes,Fiber optic,Yes,Yes,Yes,No,Yes,Month-to-month,Yes,Bank transfer,79.71,3142.93,Yes
CUST04449,Female,0,No,No,37,Yes,DSL,Yes,No,No,Yes,Yes,Two year,Yes,Bank transfer,99.31,3585.39,No
CUST04450,Female,0,Yes,No,0,Yes,Fiber optic,No,Yes,No,No,No,One year,No,Bank transfer,48.16,120.41,No
CUST04451,Female,0,No,No,54,Yes,DSL,Yes,No,Yes,Yes,Yes,Month-to-month,Yes,Electronic check,88.44,4740.52,No
CUST04452,Male,0,Yes,No,44,Yes,Fiber optic,No,No,No,No,No,Month-to-month,Yes,Mailed check,34.54,1494.01,No
CUST04453,Male,0,No,No,55,No,DSL,Yes,No,No,Yes,Yes,Two year,Yes,Electronic check,104.32,5609.25,No
CUST04454,Female,1,Yes,Yes,36,Yes,Fiber optic,No,No,No,Yes,Yes,Month-to-month,No,Electronic check,71.68,2743.5,No
CUST04455,Female,0,Yes,No,24,Yes,Fiber optic,No,No,Yes,Yes,Yes,Month-to-month,Yes,Bank transfer,41.79,987.32,No
CUST04456,Male,1,No,Yes,60,Yes,Fiber optic,No,No,Yes,Yes,No,Month-to-month,No,Credit card,69.31,4181.85,Yes
CUST04457,Female,1,No,No,25,Yes,No,No internet service,No internet service,No internet service,No internet service,No internet service,Two year,No,Mailed check,88.14,2141.67,No
CUST04458,Male,0,No,No,33,Yes,DSL,No,Yes,Yes,No,No,One year,No,Mailed check,45.28,1462.67,No
CUST04459,Male,0,No,No,1,Yes,Fiber optic,No,No,No,Yes,No,Month-to-month,Yes,Mailed check,54.27,78.87,Yes
CUST04460,Female,1,No,No,11,Yes,No,No internet service,No internet service,No internet service,No internet service,No internet service,Month-to-month,Yes,Credit card,66.35,764.54,No
CUST04461,Male,1,No,Yes,8,Yes,Fiber optic,No,Yes,Yes,No,Yes,Two year,No,Credit card,97.08,822.73,No
CUST04462,Male,1,Yes,Yes,30,Yes,Fiber optic,Yes,No,No,Yes,No,Month-to-month,Yes,Credit card,25.93,858.79,No
CUST04463,Female,0,Yes,No,19,Yes,No,No internet service,No internet service,No internet service,No internet service,No internet service,Month-to-month,Yes,Electronic check,87.71,1721.95,No
CUST04464,Female,0,No,Yes,24,Yes,Fiber optic,No,Yes,No,Yes,Yes,Month-to-month,No,Credit card,69.89,1721.0,Yes
CUST04465,Male,1,No,No,55,Yes,No,No internet service,No internet service,No internet service,No internet service,No internet service,Month-to-month,No,Electronic check,103.04,5614.57,No
CUST04466,Male,1,No,No,49,Yes,No,No internet service,No internet service,No internet service,No internet service,No internet service,Two year,No,Mailed check,86.28,4209.67,No
CUST04467,Female,0,Yes,No,58,Yes,DSL,No,No,No,No,Yes,Month-to-month,Yes,Mailed check,110.23,6295.14,Yes
CUST04468,Female,1,Yes,No,59,Yes,No,No internet service,No internet service,No internet service,No internet service,No internet service,Month-to-month,Yes,Bank transfer,86.51,5064.11,No
CUST04469,Female,0,Yes,No,18,Yes,Fiber optic,Yes,No,No,Yes,No,Month-to-month,No,Mailed check,45.95,861.25,No
CUST04470,Female,1,No,No,44,Yes,No,No internet service,No internet service,No internet service,No internet service,No internet service,Month-to-month,No,Bank transfer,86.97,3858.77,No
CUST04471,Male,0,Yes,No,63,Yes,Fiber optic,No,Yes,Yes,No,Yes,Month-to-month,Yes,Credit card,88.54,5631.03,Yes
CUST04472,Female,1,No,No,22,Yes,No,No internet service,No internet service,No internet service,No internet service,No internet service,Two year,Yes,Electronic check,58.77,1410.64,No
CUST04473,Male,0,Yes,No,27,Yes,Fiber optic,No,No,Yes,No,No,Month-to-month,Yes,Credit card,62.52,1582.97,No
CUST04474,Male,0,Yes,Yes,38,No,Fiber optic,No,Yes,No,Yes,No,Month-to-month,No,Mailed check,18.0,534.65,Yes
CUST04475,Female,0,No,No,58,Yes,Fiber optic,Yes,Yes,Yes,Yes,No,Month-to-month,Yes,Bank transfer,94.35,5451.26,No
CUST04476,Male,0,Yes,No,10,No,No,No internet service,No internet service,No internet service,No internet service,No internet service,Two year,Yes,Mailed check,72.36,841.57,No
CUST04477,Female,0,No,No,34,Yes,DSL,No,Yes,No,No,No,Two year,Yes,Electronic check,61.53,2207.38,No
CUST04478,Male,1,Yes,No,17,Yes,DSL,No,No,No,Yes,Yes,Two year,No,Electronic check,50.59,875.92,No
CUST04479,Female,0,No,No,52,Yes,No,No internet service,No internet service,No internet service,No internet service,No internet service,Month-to-month,Yes,Electronic check,63.3,3268.78,No
CUST04480,Female,1,No,Yes,17,Yes,Fiber optic,No,No,Yes,Yes,No,One year,Yes,Mailed check,86.63,1493.63,No
CUST04481,Male,0,No,Yes,26,Yes,DSL,Yes,Yes,No,No,Yes,One year,No,Electronic check,80.16,2173.79,No
CUST04482,Male,0,Yes,No,25,Yes,Fiber optic,Yes,No,Yes,Yes,Yes,Month-to-month,No,Mailed check,67.27,1619.41,No
CUST04483,Female,0,Yes,No,5,Yes,No,No internet service,No internet service,No internet service,No internet service,No internet service,One year,Yes,Mailed check,44.97,179.17,No
CUST04484,Male,0,No,No,48,Yes,No,No internet service,No internet service,No internet service,No internet service,No internet service,One year,Yes,Credit card,66.98,3222.69,No
CUST04485,Male,0,No,No,18,Yes,DSL,Yes,Yes,No,No,No,One year,Yes,Bank transfer,54.62,1072.71,No
CUST04486,Male,0,No,No,35,Yes,No,No internet service,No internet service,No internet service,No internet service,No internet service,Month-to-month,Yes,Credit card,69.92,2514.03,No
CUST04487,Female,1,No,No,50,Yes,Fiber optic,No,No,Yes,No,No,Month-to-month,Yes,Electronic check,90.87,4385.89,Yes
CUST04488,Male,0,No,No,57,Yes,Fiber optic,No,No,Yes,Yes,Yes,One year,Yes,Bank transfer,61.81,3590.18,No
CUST04489,Female,1,No,Yes,67,Yes,Fiber optic,No,Yes,No,No,No,Month-to-month,Yes,Mailed check,117.06,7841.87,Yes
CUST04490,Male,0,No,No,9,Yes,DSL,No,No,No,No,Yes,Month-to-month,No,Credit card,60.94,599.38,Yes
CUST04491,Male,0,No,No,45,No,Fiber optic,No,No,Yes,Yes,No,One year,Yes,Credit card,32.3,1436.25,No
CUST04492,Male,0,No,Yes,23,Yes,DSL,No,Yes,Yes,Yes,Yes,Month-to-month,No,Electronic check,69.56,1639.83,Yes
CUST04493,Female,0,No,No,56,No,DSL,No,Yes,Yes,Yes,No,Month-to-month,Yes,Bank transfer,60.01,3364.28,No
CUST04494,Male,0,No,Yes,28,Yes,Fiber optic,No,No,Yes,No,Yes,Month-to-month,Yes,Bank transfer,150.0,4156.46,No
CUST04495,Male,0,Yes,No,1,Yes,No,No internet service,No internet service,No internet service,No internet service,No internet service,Month-to-month,No,Mailed check,63.51,2.82,No
CUST04496,Female,0,Yes,No,62,Yes,Fiber optic,No,No,Yes,No,Yes,Month-to-month,No,Mailed check,36.85,2269.38,Yes
CUST04497,Male,0,No,Yes,55,Yes,Fiber optic,No,No,No,No,No,Two year,Yes,Electronic check,75.03,4023.09,No
CUST04498,Male,0,No,No,24,Yes,DSL,No,No,Yes,Yes,Yes,Two year,No,Mailed check,69.92,1642.66,Yes
CUST04499,Male,0,Yes,No,60,Yes,No,No internet service,No internet service,No internet service,No internet service,No internet service,Month-to-month,No,Bank transfer,44.86,2665.87,No
CUST04500,Male,0,No,Yes,29,Yes,Fiber optic,Yes,No,No,Yes,Yes,One year,Yes,Bank transfer,82.99,2489.63,No
CUST04501,Female,1,No,No,30,Yes,No,No internet service,No internet service,No internet service,No internet service,No internet service,Month-to-month,No,Credit card,88.15,2697.57,Yes
CUST04502,Female,0,No,No,21,Yes,DSL,No,No,Yes,No,No,Month-to-month,Yes,Credit card,76.03,1757.66,Yes
CUST04503,Female,0,No,No,36,Yes,Fiber optic,No,Yes,No,Yes,No,Two year,Yes,Bank transfer,67.33,2289.66,No
CUST04504,Female,0,Yes,No,72,Yes,DSL,No,Yes,Yes,Yes,Yes,Two year,Yes,Mailed check,64.79,4644.35,No
CUST04505,Male,0,Yes,Yes,3,Yes,DSL,No,No,No,No,No,Month-to-month,Yes,Mailed check,58.42,273.89,No
CUST04506,Male,0,Yes,No,43,Yes,Fiber optic,Yes,Yes,No,Yes,Yes,Two year,Yes,Bank transfer,41.97,1826.67,No
CUST04507,Male,1,No,No,12,Yes,No,No internet service,No internet service,No internet service,No internet service,No internet service,Month-to-month,Yes,Mailed check,111.12,1316.0,Yes
CUST04508,Female,0,Yes,Yes,9,Yes,DSL,No,No,Yes,Yes,No,Two year,Yes,Electronic check,134.94,1139.86,No
CUST04509,Male,0,No,No,4,Yes,Fiber optic,Yes,No,No,Yes,No,One year,Yes,Mailed check,48.33,248.86,Yes
CUST04510,Female,0,No,No,19,No,Fiber optic,Yes,No,Yes,No,No,Month-to-month,No,Bank transfer,58.93,1134.59,No
CUST04511,Male,0,No,No,53,Yes,Fiber optic,No,No,Yes,Yes,No,Two year,No,Electronic check,46.96,2461.84,No
CUST04512,Female,0,No,No,53,Yes,Fiber optic,No,Yes,Yes,Yes,Yes,One year,No,Electronic check,96.27,5182.99,No
CUST04513,Male,0,No,No,58,Yes,Fiber optic,No,No,No,No,Yes,Two year,No,Mailed check,48.62,2999.03,No
CUST04514,Female,1,No,No,10,Yes,No,No internet service,No internet service,No internet service,No internet service,No internet service,Month-to-month,No,Mailed check,91.46,843.52,Yes
CUST04515,Female,0,Yes,No,7,Yes,Fiber optic,No,Yes,Yes,No,No,Two year,Yes,Credit card,84.7,639.56,No
CUST04516,Female,0,Yes,Yes,71,Yes,No,No internet service,No internet service,No internet service,No internet service,No internet service,Two year,Yes,Mailed check,70.17,4993.15,No
CUST04517,Male,0,No,No,67,Yes,Fiber optic,Yes,Yes,No,Yes,Yes,Month-to-month,Yes,Electronic check,108.0,7287.96,Yes
CUST04518,Male,0,Yes,Yes,51,Yes,No,No internet service,No internet service,No internet service,No internet service,No internet service,Month-to-month,Yes,Electronic check,65.25,3433.39,Yes
CUST04519,Female,0,No,Yes,61,Yes,No,No internet service,No internet service,No internet service,No internet service,No internet service,Two year,Yes,Bank transfer,74.06,4631.43,No
CUST04520,Male,0,Yes,Yes,58,Yes,DSL,No,Yes,No,Yes,Yes,One year,No,Bank transfer,43.58,2487.77,No
CUST04521,Female,1,No,No,42,Yes,Fiber optic,Yes,No,No,No,No,Month-to-month,Yes,Electronic check,18.0,623.32,No
CUST04522,Female,0,Yes,No,34,Yes,No,No internet service,No internet service,No internet service,No internet service,No internet service,Month-to-month,Yes,Bank transfer,100.5,3409.51,No
CUST04523,Female,1,No,No,71,Yes,Fiber optic,Yes,Yes,Yes,No,Yes,Month-to-month,No,Credit card,58.54,4149.33,No
CUST04524,Female,0,Yes,No,49,Yes,Fiber optic,Yes,Yes,No,No,No,Month-to-month,No,Credit card,102.91,4822.38,Yes
CUST04525,Female,0,No,No,64,Yes,Fiber optic,Yes,Yes,Yes,Yes,No,Month-to-month,No,Credit card,65.19,4253.21,Yes
CUST04526,Male,1,Yes,Yes,15,Yes,No,No internet service,No internet service,No internet service,No internet service,No internet service,One year,No,Credit card,71.28,1027.2,No
CUST04527,Male,0,No,Yes,16,Yes,DSL,No,Yes,Yes,Yes,Yes,Month-to-month,Yes,Credit card,79.15,1262.27,No
CUST04528,Male,0,Yes,Yes,45,Yes,Fiber optic,Yes,Yes,No,No,Yes,Month-to-month,No,Mailed check,60.51,2677.29,No
CUST04529,Male,0,No,No,69,Yes,Fiber optic,Yes,No,Yes,No,Yes,Month-to-month,Yes,Bank transfer,33.62,2303.18,No
CUST04530,Female,0,No,Yes,45,Yes,DSL,Yes,Yes,Yes,Yes,Yes,Month-to-month,No,Credit card,52.22,2452.0,No
CUST04531,Male,1,No,No,32,Yes,DSL,No,Yes,No,Yes,No,One year,Yes,Credit card,50.25,1614.75,No
CUST04532,Male,0,No,No,1,Yes,Fiber optic,No,Yes,Yes,No,Yes,Month-to-month,Yes,Mailed check,73.16,242.88,Yes
CUST04533,Female,1,No,No,11,Yes,No,No internet service,No internet service,No internet service,No internet service,No internet service,Two year,No,Mailed check,101.92,1171.45,No
CUST04534,Female,0,No,No,16,Yes,No,No internet service,No internet service,No internet service,No internet service,No internet service,One year,No,Mailed check,55.86,949.87,No
CUST04535,Male,0,Yes,No,14,Yes,No,No internet service,No internet service,No internet service,No internet service,No internet service,Two year,Yes,Credit card,71.51,984.8,No
CUST04536,Female,0,No,Yes,51,Yes,No,No internet service,No internet service,No internet service,No internet service,No internet service,Month-to-month,Yes,Credit card,79.97,4073.67,No
CUST04537,Male,0,Yes,No,49,No,DSL,No,Yes,Yes,Yes,Yes,One year,Yes,Credit card,54.15,2735.95,No
CUST04538,Female,1,No,Yes,27,Yes,Fiber optic,No,Yes,No,No,Yes,One year,No,Credit card,83.63,2352.99,No
CUST04539,Female,0,Yes,No,72,Yes,DSL,No,No,Yes,Yes,Yes,Two year,No,Electronic check,101.51,7330.03,No
CUST04540,Female,0,Yes,Yes,28,Yes,Fiber optic,No,Yes,No,No,No,One year,Yes,Mailed check,83.84,2392.06,Yes
CUST04541,Female,0,No,No,32,Yes,No,No internet service,No internet service,No internet service,No internet service,No internet service,Two year,No,Mailed check,72.74,2316.48,No
CUST04542,Female,0,Yes,No,38,Yes,DSL,No,Yes,No,No,Yes,Two year,Yes,Credit card,52.98,2030.84,No
CUST04543,Female,1,Yes,No,41,Yes,Fiber optic,Yes,No,No,Yes,No,Two year,No,Electronic check,71.03,2919.21,No
CUST04544,Female,0,Yes,No,13,Yes,Fiber optic,Yes,No,No,Yes,Yes,One year,No,Credit card,55.18,720.5,No
CUST04545,Male,0,No,Yes,21,No,DSL,No,No,No,No,No,Month-to-month,No,Credit card,59.33,1326.08,No
CUST04546,Female,0,Yes,No,50,Yes,No,No internet service,No internet service,No internet service,No internet service,No internet service,One year,Yes,Electronic check,70.95,3543.49,No
CUST04547,Female,0,Yes,No,61,Yes,Fiber optic,No,Yes,Yes,No,Yes,Two year,No,Mailed check,68.8,4146.47,No
CUST04548,Female,1,No,Yes,30,No,Fiber optic,No,Yes,Yes,Yes,Yes,Two year,No,Bank transfer,99.83,2973.35,No
CUST04549,Female,0,No,Yes,8,Yes,No,No internet service,No internet service,No internet service,No internet service,No internet service,Two year,Yes,Bank transfer,59.3,451.5,No
CUST04550,Female,0,Yes,Yes,62,Yes,DSL,No,No,Yes,Yes,Yes,Month-to-month,No,Mailed check,83.72,5225.92,No
CUST04551,Male,0,No,Yes,42,Yes,Fiber optic,,Yes,Yes,Yes,Yes,Two year,No,Mailed check,62.39,2575.73,No
CUST04552,Male,0,Yes,No,31,Yes,Fiber optic,No,Yes,No,Yes,No,Month-to-month,No,Electronic check,51.23,1678.16,Yes
CUST04553,Male,1,No,Yes,42,Yes,Fiber optic,No,Yes,No,No,Yes,One year,No,Electronic check,89.17,3723.59,No
CUST04554,Female,0,Yes,No,60,Yes,Fiber optic,Yes,Yes,Yes,No,Yes,Month-to-month,No,Bank transfer,84.47,5193.73,Yes
CUST04555,Female,0,Yes,Yes,0,Yes,Fiber optic,Yes,No,No,No,No,Month-to-month,Yes,Electronic check,59.0,2.08,No
CUST04556,Male,0,Yes,No,26,Yes,DSL,Yes,Yes,No,Yes,Yes,Month-to-month,Yes,Credit card,18.0,510.27,No
CUST04557,Male,1,No,Yes,68,Yes,DSL,No,Yes,No,Yes,No,Month-to-month,Yes,Electronic check,102.02,7016.86,Yes
CUST04558,Female,1,Yes,No,21,No,No,No internet service,No internet service,No internet service,No internet service,No internet service,Month-to-month,No,Credit card,93.43,2059.92,Yes
CUST04559,Female,0,No,No,71,Yes,DSL,Yes,No,Yes,No,Yes,One year,Yes,Mailed check,102.86,7353.23,No
CUST04560,Female,0,No,No,20,Yes,No,No internet service,No internet service,No internet service,No internet service,No internet service,Month-to-month,Yes,Electronic check,104.2,2293.73,Yes
CUST04561,Male,0,No,No,34,Yes,DSL,Yes,Yes,No,No,Yes,One year,Yes,Electronic check,74.37,2528.86,No
CUST04562,Male,0,No,No,5,Yes,No,No internet service,No internet service,No internet service,No internet service,No internet service,Month-to-month,No,Electronic check,63.59,197.22,No
CUST04563,Male,0,Yes,No,52,Yes,No,No internet service,No internet service,No internet service,No internet service,No internet service,Month-to-month,No,Credit card,29.21,1516.14,No
CUST04564,Male,0,Yes,No,17,Yes,DSL,No,No,Yes,No,Yes,Month-to-month,Yes,Mailed check,77.39,1379.21,No
CUST04565,Female,1,Yes,No,61,Yes,Fiber optic,Yes,Yes,Yes,Yes,Yes,Month-to-month,Yes,Mailed check,62.77,3865.36,No
CUST04566,Male,0,No,Yes,9,Yes,No,No internet service,No internet service,No internet service,No internet service,No internet service,Two year,No,Electronic check,54.43,408.41,No
CUST04567,Female,0,Yes,Yes,8,No,Fiber optic,Yes,No,No,No,Yes,One year,Yes,Mailed check,40.03,293.2,No
CUST04568,Female,0,No,Yes,34,Yes,No,No internet service,No internet service,No internet service,No internet service,No internet service,One year,No,Electronic check,48.24,1575.39,No
CUST04569,Male,0,No,No,6,Yes,DSL,Yes,Yes,Yes,Yes,Yes,One year,No,Electronic check,40.35,188.97,No
CUST04570,Male,0,No,Yes,24,No,No,No internet service,No internet service,No internet service,No internet service,No internet service,One year,No,Bank transfer,98.82,2364.2,No
CUST04571,Female,0,No,Yes,50,Yes,Fiber optic,No,No,Yes,Yes,Yes,Two year,Yes,Bank transfer,101.89,5131.83,No
CUST04572,Male,1,Yes,No,36,No,Fiber optic,Yes,No,Yes,No,No,Month-to-month,No,Bank transfer,55.44,1937.53,No
CUST04573,Male,0,Yes,No,40,Yes,Fiber optic,No,No,Yes,No,Yes,Month-to-month,No,Electronic check,104.62,4134.05,No
CUST04574,Female,1,No,No,6,Yes,DSL,Yes,No,Yes,No,No,Two year,Yes,Bank transfer,76.57,516.28,No
CUST04575,Female,0,Yes,No,49,Yes,Fiber optic,Yes,Yes,No,Yes,Yes,Month-to-month,No,Electronic check,110.71,5356.28,No
CUST04576,Female,0,No,Yes,6,Yes,DSL,Yes,Yes,Yes,No,No,Two year,No,Bank transfer,88.91,461.34,No
CUST04577,Male,0,No,No,41,Yes,No,No internet service,No internet service,No internet service,No internet service,No internet service,Two year,Yes,Bank transfer,89.8,3857.67,No
CUST04578,Male,1,Yes,Yes,57,Yes,Fiber optic,No,Yes,Yes,Yes,Yes,Month-to-month,Yes,Electronic check,80.13,4525.27,Yes
CUST04579,Male,0,Yes,Yes,53,Yes,Fiber optic,Yes,Yes,No,No,No,Two year,Yes,Bank transfer,55.96,2819.85,Yes
CUST04580,Male,0,Yes,No,25,Yes,No,No internet service,No internet service,No internet service,No internet service,No internet service,Month-to-month,Yes,Credit card,40.99,925.56,Yes
CUST04581,Male,0,Yes,Yes,11,Yes,No,No internet service,No internet service,No internet service,No internet service,No internet service,One year,Yes,Bank transfer,79.12,710.87,Yes
CUST04582,Female,0,No,No,60,Yes,No,No internet service,No internet service,No internet service,No internet service,No internet service,One year,Yes,Credit card,71.62,4429.16,No
CUST04583,Male,0,No,No,15,Yes,DSL,Yes,Yes,No,Yes,No,Two year,Yes,Credit card,138.99,2079.07,No
CUST04584,Female,0,Yes,Yes,36,Yes,No,No internet service,No internet service,No internet service,No internet service,No internet service,Month-to-month,No,Electronic check,92.69,3253.56,No
CUST04585,Female,0,No,Yes,17,Yes,DSL,Yes,No,Yes,No,Yes,Month-to-month,No,Credit card,52.89,944.02,Yes
CUST04586,Female,0,Yes,Yes,2,Yes,Fiber optic,Yes,No,Yes,No,Yes,Month-to-month,No,Electronic check,71.89,280.76,No
CUST04587,Male,0,No,Yes,30,Yes,No,No internet service,No internet service,No internet service,No internet service,No internet service,Month-to-month,No,Electronic check,64.79,1930.01,No
CUST04588,Male,0,No,No,40,Yes,DSL,No,Yes,No,Yes,Yes,Month-to-month,Yes,Credit card,73.02,3051.44,Yes
CUST04589,Female,0,Yes,No,55,Yes,DSL,Yes,No,No,No,Yes,Month-to-month,Yes,Mailed check,41.21,2239.65,No
CUST04590,Male,0,No,Yes,52,Yes,Fiber optic,No,No,Yes,No,Yes,One year,No,Bank transfer,96.69,4933.75,No
CUST04591,Female,1,No,Yes,60,Yes,Fiber optic,No,No,No,No,Yes,Month-to-month,No,Mailed check,64.12,3992.0,No
CUST04592,Male,0,Yes,No,59,Yes,Fiber optic,No,No,Yes,Yes,No,Month-to-month,Yes,Credit card,90.36,5273.54,No
CUST04593,Male,0,Yes,No,29,Yes,No,No internet service,No internet service,No internet service,No internet service,No internet service,Month-to-month,No,Electronic check,58.91,1663.16,Yes
CUST04594,Female,1,No,No,24,Yes,No,No internet service,No internet service,No internet service,No internet service,No internet service,Two year,No,Electronic check,64.06,1620.57,No
CUST04595,Female,0,Yes,Yes,43,Yes,No,No internet service,No internet service,No internet service,No internet service,No internet service,One year,No,Credit card,88.83,3822.53,No
CUST04596,Male,0,Yes,No,35,Yes,DSL,Yes,No,Yes,No,No,Month-to-month,No,Credit card,22.22,768.87,No
CUST04597,Female,0,Yes,Yes,21,No,Fiber optic,Yes,No,Yes,No,Yes,Month-to-month,No,Mailed check,98.68,2051.92,No
CUST04598,Male,0,No,No,2,Yes,No,No internet service,No internet service,No internet service,No internet service,No internet service,Month-to-month,No,Bank transfer,110.75,168.21,Yes
CUST04599,Female,0,Yes,No,34,Yes,DSL,No,No,No,Yes,No,Month-to-month,Yes,Electronic check,110.26,3763.31,No
CUST04600,Female,0,No,No,34,Yes,Fiber optic,Yes,Yes,Yes,No,Yes,Two year,No,Bank transfer,56.48,1959.31,No
CUST04601,Female,0,Yes,Yes,68,Yes,DSL,Yes,No,Yes,Yes,Yes,Month-to-month,No,Credit card,81.54,5526.86,No
CUST04602,Female,0,Yes,No,59,Yes,DSL,No,No,Yes,No,No,Month-to-month,Yes,Electronic check,62.84,3752.89,No
CUST04603,Male,1,No,Yes,19,Yes,DSL,No,No,Yes,Yes,Yes,One year,No,Credit card,36.85,733.13,No
CUST04604,Female,0,Yes,No,8,Yes,Fiber optic,No,No,Yes,No,No,Two year,Yes,Bank transfer,76.22,640.75,No
CUST04605,Male,0,No,Yes,57,Yes,Fiber optic,Yes,No,Yes,Yes,No,Month-to-month,No,Electronic check,37.58,2119.33,Yes
CUST04606,Male,0,Yes,No,35,Yes,DSL,Yes,Yes,Yes,No,No,One year,No,Mailed check,88.99,3084.93,Yes
CUST04607,Male,0,No,Yes,3,Yes,Fiber optic,Yes,Yes,Yes,No,No,Two year,Yes,Electronic check,94.47,313.05,No
CUST04608,Male,0,Yes,No,55,No,DSL,Yes,Yes,No,No,Yes,Two year,No,Electronic check,106.28,5749.43,Yes
CUST04609,Female,0,No,No,25,Yes,DSL,No,Yes,Yes,No,No,Month-to-month,Yes,Electronic check,86.81,2402.22,Yes
CUST04610,Male,1,Yes,No,12,Yes,No,No internet service,No internet service,No internet service,No internet service,No internet service,Month-to-month,No,Credit card,63.66,562.72,Yes
CUST04611,Male,0,No,Yes,48,Yes,Fiber optic,No,Yes,No,Yes,Yes,One year,No,Bank transfer,69.28,3280.57,No
CUST04612,Male,0,Yes,No,57,Yes,No,No internet service,No internet service,No internet service,No internet service,No internet service,Two year,Yes,Electronic check,77.07,4434.12,No
CUST04613,Female,0,Yes,Yes,56,Yes,DSL,Yes,No,Yes,No,Yes,One year,No,Electronic check,110.57,6250.31,No
CUST04614,Female,0,No,No,20,Yes,DSL,Yes,No,Yes,No,No,Two year,Yes,Mailed check,110.83,2149.03,Yes
CUST04615,Female,0,Yes,Yes,43,Yes,No,No internet service,No internet service,No internet service,No internet service,No internet service,One year,Yes,Mailed check,71.9,3039.68,No
CUST04616,Male,0,Yes,Yes,34,Yes,DSL,Yes,No,No,Yes,No,Month-to-month,No,Electronic check,98.57,3355.37,No
CUST04617,Male,0,No,Yes,63,Yes,Fiber optic,Yes,No,Yes,Yes,Yes,Month-to-month,Yes,Electronic check,61.1,3740.65,No
CUST04618,Female,0,No,Yes,13,Yes,Fiber optic,Yes,No,Yes,No,Yes,Two year,Yes,Bank transfer,84.91,1007.65,No
CUST04619,Female,0,No,Yes,59,Yes,Fiber optic,Yes,Yes,No,Yes,Yes,Month-to-month,No,Credit card,65.26,3920.47,Yes
CUST04620,Female,0,No,No,25,Yes,No,No internet service,No internet service,No internet service,No internet service,No internet service,One year,Yes,Mailed check,80.1,2067.87,No
CUST04621,Female,0,Yes,Yes,45,Yes,No,No internet service,No internet service,No internet service,No internet service,No internet service,Month-to-month,Yes,Mailed check,53.45,2406.18,No
CUST04622,Female,0,Yes,No,36,Yes,DSL,Yes,Yes,Yes,No,Yes,Month-to-month,No,Credit card,38.49,1447.22,No
CUST04623,Female,0,No,No,25,Yes,DSL,No,Yes,No,Yes,Yes,One year,Yes,Mailed check,42.84,1078.46,No
CUST04624,Male,0,Yes,No,16,Yes,Fiber optic,Yes,No,Yes,No,No,Month-to-month,Yes,Bank transfer,88.58,1355.36,Yes
CUST04625,Male,0,Yes,No,26,Yes,DSL,No,No,No,Yes,No,Two year,Yes,Credit card,46.14,1106.96,No
CUST04626,Male,0,Yes,No,44,Yes,Fiber optic,No,Yes,Yes,Yes,Yes,Month-to-month,Yes,Credit card,65.47,2930.64,No
CUST04627,Male,0,Yes,No,44,Yes,Fiber optic,Yes,Yes,No,Yes,Yes,One year,No,Credit card,96.26,4181.48,No
CUST04628,Male,0,Yes,No,45,Yes,No,No internet service,No internet service,No internet service,No internet service,No internet service,Month-to-month,Yes,Electronic check,102.01,4655.17,Yes
CUST04629,Female,0,Yes,No,47,Yes,No,No internet service,No internet service,No internet service,No internet service,No internet service,Month-to-month,No,Credit card,49.51,2302.53,No
CUST04630,Male,0,No,Yes,3,Yes,DSL,No,Yes,Yes,No,Yes,Month-to-month,Yes,Bank transfer,18.0,157.94,No
CUST04631,Male,0,No,No,28,Yes,DSL,No,Yes,No,Yes,No,Month-to-month,Yes,Electronic check,53.91,1432.96,Yes
CUST04632,Male,1,No,Yes,22,Yes,No,No internet service,No internet service,No internet service,No internet service,No internet service,One year,No,Credit card,79.01,1647.1,No
CUST04633,Male,0,Yes,No,29,Yes,DSL,Yes,Yes,No,Yes,No,Month-to-month,Yes,Mailed check,90.78,2649.11,No
CUST04634,Male,1,Yes,No,27,Yes,DSL,No,Yes,Yes,Yes,Yes,Month-to-month,Yes,Credit card,44.51,1173.92,Yes
CUST04635,Male,1,No,Yes,12,No,DSL,Yes,No,Yes,Yes,Yes,Two year,Yes,Mailed check,29.83,369.77,Yes
CUST04636,Female,0,Yes,Yes,70,Yes,Fiber optic,Yes,Yes,No,No,Yes,One year,No,Bank transfer,51.31,3585.85,No
CUST04637,Female,0,Yes,No,0,Yes,DSL,Yes,No,No,Yes,No,Two year,Yes,Mailed check,61.02,0.0,No
CUST04638,Male,0,No,Yes,43,Yes,DSL,No,Yes,Yes,No,No,Two year,Yes,Credit card,126.19,5404.69,No
CUST04639,Female,0,No,Yes,33,Yes,DSL,No,Yes,No,No,Yes,One year,No,Mailed check,76.75,2357.58,Yes
CUST04640,Female,0,Yes,No,51,Yes,No,No internet service,No internet service,No internet service,No internet service,No internet service,Month-to-month,Yes,Electronic check,90.22,4720.42,Yes
CUST04641,Female,0,No,No,60,Yes,DSL,No,No,No,No,No,Two year,No,Credit card,101.5,6038.67,No
CUST04642,Male,0,No,No,47,Yes,No,No internet service,No internet service,No internet service,No internet service,No internet service,Month-to-month,No,Electronic check,62.76,2984.56,Yes
CUST04643,Female,0,No,No,55,Yes,Fiber optic,Yes,No,No,Yes,No,Month-to-month,No,Credit card,76.51,4041.63,Yes
CUST04644,Male,0,Yes,No,19,Yes,Fiber optic,No,No,No,No,No,Month-to-month,Yes,Mailed check,80.32,1455.11,No
CUST04645,Male,0,No,No,72,Yes,No,No internet service,No internet service,No internet service,No internet service,No internet service,Month-to-month,No,Bank transfer,89.16,6439.51,No
CUST04646,Male,1,No,No,6,Yes,Fiber optic,Yes,No,Yes,No,Yes,Two year,Yes,Mailed check,70.79,569.25,No
CUST04647,Female,0,Yes,No,48,Yes,DSL,Yes,Yes,Yes,Yes,No,Month-to-month,Yes,Electronic check,100.1,4840.12,Yes
CUST04648,Male,0,No,No,10,Yes,Fiber optic,No,No,No,No,No,Month-to-month,Yes,Credit card,101.59,1059.82,Yes
CUST04649,Male,1,No,No,17,Yes,DSL,Yes,Yes,No,No,Yes,One year,Yes,Electronic check,66.91,1097.57,Yes
CUST04650,Male,0,Yes,Yes,60,Yes,DSL,No,No,Yes,No,Yes,Two year,Yes,Electronic check,92.98,5577.05,No
CUST04651,Male,0,Yes,Yes,49,Yes,No,No internet service,No internet service,No internet service,No internet service,No internet service,Two year,No,Mailed check,83.73,4086.19,No
CUST04652,Female,0,Yes,Yes,46,Yes,No,No internet service,No internet service,No internet service,No internet service,No internet service,One year,Yes,Mailed check,140.54,6488.63,Yes
CUST04653,Male,0,No,No,60,Yes,Fiber optic,No,No,Yes,Yes,No,Month-to-month,Yes,Bank transfer,96.4,5882.43,Yes
CUST04654,Male,1,Yes,No,20,Yes,Fiber optic,No,Yes,No,No,Yes,Month-to-month,Yes,Mailed check,,1644.31,Yes
CUST04655,Male,0,No,No,46,Yes,Fiber optic,No,Yes,Yes,No,Yes,Month-to-month,Yes,Mailed check,59.77,2750.65,No
CUST04656,Male,0,Yes,No,14,Yes,DSL,Yes,No,No,Yes,No,Month-to-month,No,Bank transfer,48.14,641.61,Yes
CUST04657,Male,0,No,No,35,Yes,DSL,No,Yes,Yes,No,Yes,Two year,Yes,Credit card,87.19,3030.03,Yes
CUST04658,Female,0,No,No,29,Yes,Fiber optic,No,Yes,No,No,No,Two year,No,Electronic check,31.29,997.27,No
CUST04659,Male,0,No,No,45,Yes,DSL,Yes,Yes,No,Yes,Yes,Month-to-month,No,Electronic check,114.6,5191.99,No
CUST04660,Male,0,No,Yes,4,No,DSL,No,No,Yes,Yes,No,Month-to-month,Yes,Credit card,22.52,114.72,Yes
CUST04661,Female,0,Yes,No,1,Yes,Fiber optic,Yes,Yes,No,No,Yes,Two year,No,Credit card,48.27,37.36,No
CUST04662,Female,0,Yes,No,2,Yes,Fiber optic,Yes,No,Yes,No,Yes,Month-to-month,No,Credit card,99.0,128.13,No
CUST04663,Male,0,No,Yes,19,Yes,DSL,No,No,No,Yes,Yes,Month-to-month,No,Mailed check,73.11,1444.01,No
CUST04664,Male,1,Yes,Yes,42,No,No,No internet service,No internet service,No internet service,No internet service,No internet service,Month-to-month,Yes,Mailed check,78.58,3366.72,No
CUST04665,Male,0,No,Yes,11,Yes,Fiber optic,No,No,Yes,Yes,Yes,Month-to-month,Yes,Electronic check,56.81,694.68,No
CUST04666,Female,0,No,Yes,72,Yes,Fiber optic,Yes,Yes,No,Yes,Yes,Month-to-month,No,Electronic check,70.81,5096.39,Yes
CUST04667,Male,0,No,Yes,30,Yes,DSL,Yes,Yes,No,No,Yes,One year,Yes,Bank transfer,91.11,2670.38,No
CUST04668,Male,0,Yes,No,22,Yes,Fiber optic,Yes,Yes,No,Yes,Yes,Month-to-month,Yes,Electronic check,53.19,1220.76,No
CUST04669,Female,0,No,No,65,Yes,Fiber optic,No,No,Yes,Yes,No,Month-to-month,Yes,Electronic check,67.45,4469.99,Yes
CUST04670,Male,1,Yes,No,12,Yes,Fiber optic,No,No,Yes,No,Yes,Month-to-month,Yes,Mailed check,74.13,956.05,No
CUST04671,Male,0,No,Yes,13,Yes,Fiber optic,No,No,No,Yes,No,Month-to-month,Yes,Electronic check,67.23,810.93,Yes
CUST04672,Female,1,No,No,27,Yes,DSL,No,No,No,No,No,Month-to-month,Yes,Electronic check,92.77,2534.29,No
CUST04673,Male,1,No,No,5,Yes,DSL,No,Yes,No,Yes,Yes,Month-to-month,No,Electronic check,85.49,271.18,Yes
CUST04674,Female,0,No,No,49,Yes,No,No internet service,No internet service,No internet service,No internet service,No internet service,Month-to-month,Yes,Bank transfer,71.38,3604.19,No
CUST04675,Female,0,Yes,No,56,Yes,DSL,Yes,Yes,No,Yes,No,Month-to-month,Yes,Bank transfer,31.35,1768.68,No
CUST04676,Male,0,No,No,25,Yes,Fiber optic,Yes,Yes,No,No,No,Two year,No,Mailed check,103.55,2604.13,No
CUST04677,Female,0,No,No,63,Yes,No,No internet service,No internet service,No internet service,No internet service,No internet service,Month-to-month,No,Mailed check,50.91,3330.68,No
CUST04678,Female,0,Yes,No,0,Yes,DSL,Yes,Yes,Yes,Yes,Yes,One year,Yes,Electronic check,118.4,0.0,No
CUST04679,Female,0,No,No,38,Yes,No,No internet service,No internet service,No internet service,No internet service,No internet service,Two year,Yes,Credit card,52.88,2018.7,No
CUST04680,Male,1,No,Yes,53,Yes,No,No internet service,No internet service,No internet service,No internet service,No internet service,Month-to-month,No,Credit card,80.35,4189.55,No
CUST04681,Male,0,No,Yes,27,Yes,Fiber optic,Yes,No,Yes,No,No,Month-to-month,No,Mailed check,89.9,2307.52,No
CUST04682,Male,0,No,No,69,Yes,Fiber optic,No,Yes,No,No,Yes,Month-to-month,No,Bank transfer,69.08,4788.83,No
CUST04683,Female,0,Yes,Yes,31,Yes,No,No internet service,No internet service,No internet service,No internet service,No internet service,Two year,Yes,Credit card,81.8,2554.44,No
CUST04684,Male,0,No,No,67,Yes,DSL,Yes,Yes,No,Yes,No,Month-to-month,No,Bank transfer,66.94,4315.09,No
CUST04685,Female,0,Yes,Yes,48,Yes,Fiber optic,No,No,No,No,Yes,Month-to-month,Yes,Bank transfer,121.23,5877.38,No
CUST04686,Female,0,No,No,16,Yes,Fiber optic,No,Yes,Yes,Yes,No,Month-to-month,No,Bank transfer,79.06,1261.59,Yes
CUST04687,Female,0,Yes,Yes,60,Yes,No,No internet service,No internet service,No internet service,No internet service,No internet service,Month-to-month,Yes,Credit card,71.09,4325.58,Yes
CUST04688,Male,1,No,No,2,No,Fiber optic,Yes,No,Yes,No,No,One year,Yes,Credit card,80.11,179.03,No
CUST04689,Male,0,Yes,No,13,Yes,Fiber optic,No,Yes,Yes,No,Yes,One year,No,Electronic check,102.31,1413.69,No
CUST04690,Female,1,Yes,No,56,Yes,DSL,Yes,Yes,Yes,No,Yes,Month-to-month,No,Bank transfer,83.76,4783.39,No
CUST04691,Male,0,Yes,Yes,65,Yes,DSL,No,Yes,Yes,No,Yes,Month-to-month,No,Credit card,78.59,5124.29,No
CUST04692,Male,0,No,No,28,Yes,No,No internet service,No internet service,No internet service,No internet service,No internet service,Two year,Yes,Electronic check,38.13,1141.47,No
CUST04693,Female,0,Yes,No,47,Yes,Fiber optic,Yes,Yes,No,Yes,Yes,Two year,No,Credit card,102.88,4905.95,No
CUST04694,Female,0,Yes,Yes,50,Yes,Fiber optic,Yes,Yes,Yes,No,No,Month-to-month,Yes,Mailed check,82.76,4043.46,No
CUST04695,Female,1,Yes,Yes,53,Yes,Fiber optic,No,Yes,Yes,No,No,One year,Yes,Credit card,62.87,3261.49,No
CUST04696,Female,0,Yes,No,66,Yes,DSL,Yes,No,No,Yes,No,Two year,No,Bank transfer,82.17,5342.41,No
CUST04697,Male,0,No,No,6,Yes,DSL,No,No,Yes,No,Yes,Month-to-month,Yes,Mailed check,108.77,705.73,Yes
CUST04698,Male,0,No,No,14,Yes,DSL,No,Yes,No,Yes,Yes,Month-to-month,No,Electronic check,91.88,1229.73,Yes
CUST04699,Male,0,Yes,Yes,67,Yes,No,No internet service,No internet service,No internet service,No internet service,No internet service,Month-to-month,Yes,Credit card,123.21,8092.48,Yes
CUST04700,Male,0,Yes,No,39,Yes,DSL,Yes,No,Yes,Yes,No,Month-to-month,Yes,Credit card,95.86,3657.83,Yes
CUST04701,Female,0,Yes,No,38,No,Fiber optic,No,Yes,No,No,Yes,Month-to-month,Yes,Credit card,25.77,948.65,Yes
CUST04702,Male,1,Yes,No,29,Yes,No,No internet service,No internet service,No internet service,No internet service,No internet service,Two year,Yes,Mailed check,105.52,3096.85,No
CUST04703,Female,0,Yes,No,26,Yes,No,No internet service,No internet service,No internet service,No internet service,No internet service,Two year,Yes,Bank transfer,30.42,894.34,No
CUST04704,Female,0,Yes,No,17,Yes,Fiber optic,Yes,Yes,Yes,Yes,Yes,One year,Yes,Credit card,107.77,1908.28,Yes
CUST04705,Female,0,Yes,No,29,Yes,Fiber optic,No,No,No,Yes,No,Two year,No,Credit card,96.13,2802.02,No
CUST04706,Male,0,Yes,No,5,Yes,No,No internet service,No internet service,No internet service,No internet service,No internet service,Two year,Yes,Credit card,116.0,513.85,No
CUST04707,Male,1,No,No,21,Yes,No,No internet service,No internet service,No internet service,No internet service,No internet service,One year,Yes,Bank transfer,85.07,1626.12,No
CUST04708,Female,0,Yes,Yes,72,Yes,No,No internet service,No internet service,No internet service,No internet service,No internet service,Two year,Yes,Mailed check,81.16,5804.56,Yes
CUST04709,Female,0,No,No,11,Yes,Fiber optic,Yes,Yes,Yes,Yes,No,Two year,Yes,Electronic check,104.97,1131.76,No
CUST04710,Male,0,No,No,53,Yes,Fiber optic,Yes,No,Yes,Yes,No,Month-to-month,Yes,Mailed check,44.58,2370.74,Yes
CUST04711,Male,1,No,Yes,2,Yes,Fiber optic,Yes,Yes,No,Yes,No,Two year,No,Bank transfer,75.01,221.61,No
CUST04712,Female,0,Yes,No,53,Yes,No,No internet service,No internet service,No internet service,No internet service,No internet service,Two year,Yes,Electronic check,68.25,3670.96,Yes
CUST04713,Female,1,No,No,19,Yes,Fiber optic,No,No,Yes,Yes,Yes,Month-to-month,No,Bank transfer,63.26,1209.42,No
CUST04714,Male,0,No,Yes,51,Yes,DSL,Yes,No,No,Yes,No,One year,No,Credit card,59.73,3014.35,No
CUST04715,Male,1,No,No,36,Yes,Fiber optic,Yes,Yes,Yes,Yes,No,Month-to-month,No,Bank transfer,77.95,2684.36,No
CUST04716,Female,0,No,Yes,56,Yes,Fiber optic,Yes,Yes,No,Yes,Yes,Month-to-month,Yes,Credit card,91.96,5085.72,Yes
CUST04717,Female,0,Yes,No,48,Yes,DSL,Yes,No,Yes,Yes,No,One year,Yes,Mailed check,111.18,5259.46,Yes
CUST04718,Female,0,No,No,40,No,DSL,No,Yes,No,No,Yes,Month-to-month,Yes,Credit card,66.88,2882.61,No
CUST04719,Male,0,No,No,53,Yes,DSL,No,Yes,No,Yes,Yes,One year,Yes,Credit card,64.81,3594.52,No
CUST04720,Male,1,Yes,No,70,No,Fiber optic,Yes,No,No,Yes,Yes,Month-to-month,No,Electronic check,18.0,1159.29,Yes
CUST04721,Female,1,Yes,No,43,Yes,DSL,No,Yes,No,No,No,Month-to-month,Yes,Mailed check,110.61,4787.65,No
CUST04722,Female,0,No,No,12,Yes,Fiber optic,Yes,No,No,Yes,Yes,One year,Yes,Bank transfer,40.05,372.52,Yes
CUST04723,Female,1,Yes,No,8,Yes,No,No internet service,No internet service,No internet service,No internet service,No internet service,Two year,No,Credit card,86.01,705.97,No
CUST04724,Male,0,No,No,39,Yes,DSL,No,Yes,No,No,No,Month-to-month,Yes,Bank transfer,81.31,3131.84,No
CUST04725,Male,0,Yes,No,31,Yes,DSL,No,No,Yes,No,No,Month-to-month,Yes,Bank transfer,98.76,3050.21,No
CUST04726,Male,0,No,No,44,Yes,DSL,No,No,Yes,No,Yes,Month-to-month,Yes,Mailed check,52.01,2372.56,No
CUST04727,Male,0,Yes,No,48,Yes,No,No internet service,No internet service,No internet service,No internet service,No internet service,Month-to-month,Yes,Bank transfer,88.35,4270.59,No
CUST04728,Female,0,No,No,13,Yes,DSL,No,Yes,No,No,Yes,Month-to-month,No,Credit card,114.71,1560.82,Yes
CUST04729,Male,0,No,No,54,Yes,DSL,No,No,No,No,Yes,Month-to-month,Yes,Electronic check,79.81,4349.95,No
CUST04730,Female,0,No,No,72,Yes,DSL,No,No,Yes,Yes,Yes,One year,No,Credit card,52.1,3692.61,No
CUST04731,Female,0,Yes,Yes,23,Yes,DSL,Yes,Yes,Yes,No,Yes,Month-to-month,Yes,Electronic check,37.32,753.47,Yes
CUST04732,Female,0,Yes,No,67,Yes,Fiber optic,No,No,Yes,No,No,Two year,Yes,Bank transfer,111.22,7427.78,No
CUST04733,Female,0,Yes,Yes,67,Yes,Fiber optic,No,Yes,Yes,Yes,Yes,Month-to-month,Yes,Mailed check,63.02,4198.23,Yes
CUST04734,Male,0,Yes,No,30,Yes,DSL,Yes,Yes,Yes,Yes,Yes,Two year,No,Electronic check,67.99,1997.88,No
CUST04735,Female,0,No,Yes,58,Yes,Fiber optic,Yes,Yes,No,Yes,No,Month-to-month,Yes,Electronic check,137.21,7901.82,Yes
CUST04736,Male,0,Yes,No,68,Yes,Fiber optic,Yes,No,Yes,Yes,No,Month-to-month,Yes,Mailed check,97.07,6606.09,Yes
CUST04737,Male,0,Yes,Yes,62,Yes,No,No internet service,No internet service,No internet service,No internet service,No internet service,Month-to-month,Yes,Electronic check,102.64,6469.38,Yes
CUST04738,Male,0,No,No,28,No,Fiber optic,Yes,No,No,No,Yes,Month-to-month,Yes,Electronic check,115.04,,Yes
CUST04739,Male,0,Yes,No,48,Yes,No,No internet service,No internet service,No internet service,No internet service,No internet service,Two year,No,Mailed check,35.0,1580.57,No
CUST04740,Female,0,Yes,No,43,Yes,No,No internet service,No internet service,No internet service,No internet service,No internet service,Month-to-month,No,Mailed check,112.37,4852.82,Yes
CUST04741,Male,0,No,No,30,Yes,Fiber optic,Yes,Yes,Yes,Yes,Yes,Month-to-month,Yes,Mailed check,115.77,3324.51,No
CUST04742,Male,1,Yes,No,46,No,DSL,Yes,Yes,Yes,Yes,Yes,Two year,Yes,Credit card,62.85,2775.63,No
CUST04743,Male,0,No,Yes,68,Yes,Fiber optic,Yes,Yes,Yes,No,Yes,Month-to-month,Yes,Electronic check,92.8,6479.65,Yes
CUST04744,Male,1,No,No,1,Yes,DSL,Yes,No,Yes,Yes,Yes,One year,No,Mailed check,98.19,143.18,No
CUST04745,Female,1,Yes,No,65,Yes,Fiber optic,Yes,Yes,No,Yes,No,Month-to-month,Yes,Mailed check,56.3,3873.05,Yes
CUST04746,Male,0,No,No,26,Yes,Fiber optic,No,Yes,No,No,No,Two year,No,Mailed check,96.86,2381.72,No
CUST04747,Female,0,No,No,60,Yes,Fiber optic,Yes,Yes,No,Yes,No,Two year,Yes,Bank transfer,58.12,3653.99,No
CUST04748,Male,0,Yes,No,7,Yes,Fiber optic,No,Yes,No,No,No,Month-to-month,Yes,Electronic check,138.8,866.68,Yes
CUST04749,Female,0,No,No,65,Yes,Fiber optic,No,Yes,No,Yes,Yes,Month-to-month,No,Electronic check,78.04,5144.22,No
CUST04750,Male,0,Yes,No,32,Yes,DSL,Yes,Yes,No,No,No,One year,Yes,Electronic check,88.18,2647.63,No
CUST04751,Male,1,No,No,66,Yes,DSL,No,Yes,No,No,No,One year,Yes,Bank transfer,33.31,2221.7,No
CUST04752,Male,0,No,No,31,Yes,Fiber optic,No,Yes,No,Yes,No,One year,No,Mailed check,83.9,2629.78,No
CUST04753,Female,0,Yes,No,54,No,DSL,No,No,Yes,Yes,Yes,Month-to-month,No,Credit card,,5607.13,No
CUST04754,Female,0,Yes,No,43,Yes,No,No internet service,No internet service,No internet service,No internet service,No internet service,Month-to-month,No,Electronic check,51.64,2109.13,No
CUST04755,Male,0,Yes,Yes,14,Yes,Fiber optic,No,Yes,Yes,No,No,One year,No,Electronic check,60.94,830.71,No
CUST04756,Female,0,No,No,18,Yes,No,No internet service,No internet service,No internet service,No internet service,No internet service,Month-to-month,Yes,Bank transfer,56.23,1031.33,No
CUST04757,Female,1,No,No,39,Yes,No,No internet service,No internet service,No internet service,No internet service,No internet service,Month-to-month,Yes,Credit card,45.14,1668.36,No
CUST04758,Male,0,Yes,Yes,35,Yes,Fiber optic,No,Yes,No,No,Yes,Month-to-month,Yes,Electronic check,41.62,1440.16,No
CUST04759,Male,0,Yes,No,44,Yes,Fiber optic,No,Yes,Yes,Yes,Yes,Month-to-month,Yes,Mailed check,99.73,4383.04,No
CUST04760,Female,0,No,Yes,58,Yes,No,No internet service,No internet service,No internet service,No internet service,No internet service,Two year,No,Mailed check,42.36,2493.03,No
CUST04761,Female,0,Yes,No,56,Yes,DSL,Yes,Yes,Yes,No,Yes,Month-to-month,Yes,Electronic check,29.41,1519.56,No
CUST04762,Female,0,Yes,No,4,No,Fiber optic,No,No,No,No,Yes,Month-to-month,No,Mailed check,60.7,195.2,No
CUST04763,Male,0,Yes,Yes,36,Yes,DSL,Yes,No,Yes,Yes,No,Two year,Yes,Bank transfer,75.25,2723.09,No
CUST04764,Male,0,No,Yes,10,No,Fiber optic,No,No,Yes,Yes,Yes,One year,Yes,Mailed check,88.51,853.3,Yes
CUST04765,Male,0,Yes,No,37,Yes,No,No internet service,No internet service,No internet service,No internet service,No internet service,Two year,Yes,Bank transfer,51.82,1829.47,No
CUST04766,Male,1,No,Yes,39,Yes,Fiber optic,Yes,Yes,Yes,Yes,No,Two year,Yes,Mailed check,59.29,2387.17,No
CUST04767,Female,0,No,Yes,72,Yes,Fiber optic,Yes,No,No,No,Yes,One year,Yes,Bank transfer,87.52,6378.94,No
CUST04768,Male,0,Yes,No,28,Yes,Fiber optic,No,Yes,Yes,Yes,No,Month-to-month,Yes,Credit card,96.61,2765.35,Yes
CUST04769,Male,0,No,No,33,No,Fiber optic,No,No,No,Yes,Yes,Month-to-month,No,Electronic check,105.09,3438.68,Yes
CUST04770,Male,1,Yes,No,37,Yes,Fiber optic,Yes,Yes,Yes,Yes,Yes,Month-to-month,Yes,Electronic check,85.99,3165.16,Yes
CUST04771,Male,0,Yes,No,9,Yes,No,No internet service,No internet service,No internet service,No internet service,No internet service,Month-to-month,Yes,Electronic check,32.56,392.92,No
CUST04772,Female,0,No,No,4,Yes,DSL,Yes,Yes,No,Yes,Yes,Month-to-month,Yes,Credit card,52.12,272.61,Yes
CUST04773,Male,0,Yes,No,51,Yes,DSL,No,No,No,Yes,Yes,Month-to-month,Yes,Bank transfer,105.35,5473.97,No
CUST04774,Female,0,No,Yes,21,Yes,DSL,No,Yes,No,Yes,No,Month-to-month,No,Credit card,118.27,2490.38,Yes
CUST04775,Male,0,No,No,26,No,Fiber optic,Yes,Yes,Yes,Yes,Yes,Month-to-month,No,Mailed check,71.81,1915.81,Yes
CUST04776,Male,0,Yes,No,72,Yes,No,No internet service,No internet service,No internet service,No internet service,No internet service,Month-to-month,Yes,Credit card,69.61,5065.05,Yes
CUST04777,Male,0,No,No,18,Yes,DSL,Yes,Yes,Yes,No,Yes,Month-to-month,Yes,Mailed check,48.98,997.06,No
CUST04778,Female,0,No,Yes,66,No,Fiber optic,No,No,No,Yes,No,One year,Yes,Credit card,109.51,7045.31,No
CUST04779,Male,0,Yes,No,45,Yes,No,No internet service,No internet service,No internet service,No internet service,No internet service,Two year,No,Bank transfer,47.54,2149.13,No
CUST04780,Male,0,No,No,19,Yes,DSL,No,Yes,No,No,Yes,One year,Yes,Credit card,123.04,2414.02,No
CUST04781,Female,0,No,Yes,69,Yes,No,No internet service,No internet service,No internet service,No internet service,No internet service,Two year,No,Credit card,71.96,5059.38,No
CUST04782,Female,0,Yes,No,45,Yes,No,No internet service,No internet service,No internet service,No internet service,No internet service,Month-to-month,Yes,Electronic check,52.5,2326.28,Yes
CUST04783,Male,0,Yes,Yes,22,Yes,No,No internet service,No internet service,No internet service,No internet service,No internet service,Two year,No,Credit card,29.42,678.43,No
CUST04784,Female,0,Yes,No,32,Yes,DSL,Yes,No,Yes,Yes,Yes,Month-to-month,Yes,Electronic check,67.24,2210.52,Yes
CUST04785,Female,0,Yes,No,27,Yes,Fiber optic,No,Yes,No,Yes,Yes,Month-to-month,Yes,Bank transfer,70.84,2013.04,No
CUST04786,Male,0,Yes,Yes,61,Yes,DSL,No,Yes,No,No,No,One year,Yes,Bank transfer,66.03,4056.29,No
CUST04787,Female,0,No,No,33,Yes,DSL,Yes,Yes,Yes,Yes,No,Two year,No,Electronic check,74.13,2466.87,No
CUST04788,Male,1,No,Yes,2,No,DSL,No,No,No,No,Yes,Month-to-month,No,Bank transfer,108.64,195.62,Yes
CUST04789,Male,1,No,No,50,Yes,DSL,Yes,No,No,Yes,No,Month-to-month,No,Electronic check,,4563.21,No
CUST04790,Female,0,Yes,No,55,Yes,No,No internet service,No internet service,No internet service,No internet service,No internet service,Two year,Yes,Bank transfer,78.87,4437.34,No
CUST04791,Male,0,Yes,No,28,Yes,Fiber optic,Yes,Yes,Yes,No,Yes,Month-to-month,No,Mailed check,102.54,2954.61,Yes
CUST04792,Female,0,Yes,Yes,67,Yes,DSL,No,Yes,Yes,Yes,Yes,Month-to-month,Yes,Electronic check,51.09,3482.38,No
CUST04793,Female,0,Yes,No,31,Yes,Fiber optic,No,Yes,Yes,No,No,Month-to-month,No,Credit card,91.83,2866.34,No
CUST04794,Male,0,No,No,19,Yes,Fiber optic,Yes,Yes,Yes,Yes,No,Month-to-month,No,Mailed check,,1688.85,No
CUST04795,Male,1,Yes,No,51,Yes,DSL,No,Yes,Yes,No,No,Month-to-month,Yes,Bank transfer,111.49,5626.76,No
CUST04796,Male,1,No,No,9,Yes,DSL,No,Yes,No,Yes,No,Month-to-month,No,Bank transfer,39.73,439.96,No
CUST04797,Female,0,Yes,No,71,Yes,Fiber optic,Yes,Yes,No,No,Yes,Month-to-month,No,Credit card,52.35,3807.46,No
CUST04798,Male,0,No,No,49,Yes,No,No internet service,No internet service,No internet service,No internet service,No internet service,Two year,No,Bank transfer,53.75,2653.39,No
CUST04799,Male,0,No,No,23,Yes,DSL,Yes,No,Yes,Yes,No,One year,Yes,Bank transfer,85.95,1996.42,No
CUST04800,Female,0,No,No,5,Yes,No,No internet service,No internet service,No internet service,No internet service,No internet service,Month-to-month,No,Mailed check,79.6,415.06,Yes
CUST04801,Female,0,No,Yes,42,Yes,Fiber optic,No,No,No,No,Yes,Month-to-month,Yes,Mailed check,88.19,3799.86,No
CUST04802,Female,1,No,No,42,Yes,Fiber optic,No,Yes,No,No,No,Two year,Yes,Electronic check,21.33,956.38,Yes
CUST04803,Male,1,No,No,57,Yes,DSL,No,No,Yes,No,Yes,Two year,Yes,Credit card,110.8,6281.15,No
CUST04804,Female,0,Yes,No,20,Yes,Fiber optic,Yes,Yes,No,No,No,Two year,Yes,Credit card,79.88,1638.32,No
CUST04805,Female,0,Yes,No,15,Yes,Fiber optic,Yes,No,No,No,Yes,One year,Yes,Electronic check,87.81,1190.51,No
CUST04806,Female,0,No,No,30,Yes,DSL,No,Yes,No,Yes,Yes,Two year,No,Credit card,83.26,2448.4,No
CUST04807,Male,0,Yes,Yes,59,Yes,No,No internet service,No internet service,No internet service,No internet service,No internet service,Month-to-month,Yes,Bank transfer,58.3,3299.77,No
CUST04808,Female,0,No,No,66,Yes,Fiber optic,No,No,Yes,Yes,Yes,Month-to-month,Yes,Electronic check,86.95,5670.16,No
CUST04809,Male,0,Yes,No,25,Yes,DSL,Yes,No,No,No,No,Month-to-month,No,Electronic check,75.91,1836.64,Yes
CUST04810,Female,0,No,Yes,3,Yes,DSL,No,Yes,Yes,Yes,Yes,Month-to-month,Yes,Bank transfer,75.57,60.07,Yes
CUST04811,Male,0,Yes,Yes,8,Yes,DSL,Yes,No,Yes,No,No,Month-to-month,No,Credit card,86.33,784.43,Yes
CUST04812,Male,0,No,Yes,39,Yes,No,No internet service,No internet service,No internet service,No internet service,No internet service,One year,No,Electronic check,71.44,2745.46,No
CUST04813,Female,0,Yes,No,1,Yes,DSL,No,No,Yes,Yes,No,Month-to-month,Yes,Credit card,39.98,14.14,Yes
CUST04814,Female,0,Yes,No,52,Yes,Fiber optic,No,No,Yes,Yes,No,Month-to-month,Yes,Mailed check,69.46,3543.04,No
CUST04815,Female,0,No,Yes,2,No,Fiber optic,No,No,Yes,No,Yes,Two year,Yes,Credit card,114.63,274.5,Yes
CUST04816,Male,0,Yes,No,30,Yes,DSL,Yes,Yes,Yes,Yes,No,One year,No,Mailed check,60.16,1915.26,No
CUST04817,Female,0,Yes,No,58,Yes,Fiber optic,Yes,Yes,Yes,Yes,No,Month-to-month,Yes,Mailed check,76.35,4470.12,Yes
CUST04818,Male,0,No,No,34,Yes,Fiber optic,Yes,Yes,Yes,No,No,Month-to-month,Yes,Mailed check,94.86,3253.08,Yes
CUST04819,Female,0,No,No,49,Yes,No,No internet service,No internet service,No internet service,No internet service,No internet service,Month-to-month,No,Bank transfer,126.98,6064.06,Yes
CUST04820,Female,0,Yes,No,24,Yes,Fiber optic,Yes,Yes,Yes,Yes,No,Month-to-month,No,Mailed check,67.61,1614.53,Yes
CUST04821,Female,0,No,No,57,Yes,DSL,Yes,No,No,No,No,Month-to-month,No,Mailed check,43.32,2521.02,Yes
CUST04822,Female,0,Yes,No,31,Yes,DSL,No,No,Yes,Yes,No,Two year,Yes,Mailed check,90.81,2911.04,No
CUST04823,Female,0,Yes,No,54,Yes,Fiber optic,Yes,No,Yes,Yes,No,Two year,No,Mailed check,53.69,2947.78,No
CUST04824,Female,0,No,No,69,Yes,Fiber optic,No,No,No,Yes,Yes,Month-to-month,No,Bank transfer,81.38,5782.25,No
CUST04825,Male,0,Yes,No,27,Yes,No,No internet service,No internet service,No internet service,No internet service,No internet service,Month-to-month,Yes,Mailed check,89.15,2348.78,No
CUST04826,Male,0,Yes,No,16,Yes,DSL,No,No,No,No,Yes,Month-to-month,No,Mailed check,62.02,934.05,No
CUST04827,Male,0,Yes,No,68,Yes,DSL,No,Yes,Yes,Yes,No,Two year,Yes,Credit card,67.2,4600.27,No
CUST04828,Female,0,No,Yes,49,No,Fiber optic,Yes,No,Yes,No,No,Month-to-month,Yes,Bank transfer,94.48,4731.74,Yes
CUST04829,Female,1,No,No,64,Yes,DSL,Yes,No,No,Yes,Yes,One year,Yes,Credit card,101.32,6599.59,No
CUST04830,Male,1,Yes,Yes,27,Yes,Fiber optic,No,No,No,Yes,Yes,Month-to-month,Yes,Mailed check,75.11,1865.14,Yes
CUST04831,Male,0,No,Yes,25,Yes,DSL,No,No,Yes,Yes,Yes,Month-to-month,Yes,Credit card,78.22,1964.33,No
CUST04832,Male,0,No,No,9,Yes,No,No internet service,No internet service,No internet service,No internet service,No internet service,One year,Yes,Credit card,45.9,489.3,No
CUST04833,Male,0,Yes,Yes,56,No,DSL,Yes,No,Yes,No,Yes,Month-to-month,Yes,Electronic check,76.95,4383.17,Yes
CUST04834,Male,0,No,No,61,Yes,Fiber optic,Yes,No,No,Yes,Yes,Two year,No,Bank transfer,64.21,3962.0,No
CUST04835,Female,0,Yes,No,59,Yes,Fiber optic,No,Yes,Yes,No,No,Month-to-month,Yes,Credit card,75.97,4475.41,No
CUST04836,Female,0,Yes,No,21,Yes,DSL,Yes,No,Yes,Yes,No,One year,No,Credit card,109.46,2055.84,No
CUST04837,Male,1,Yes,No,35,Yes,Fiber optic,No,Yes,Yes,No,No,Two year,Yes,Mailed check,45.85,1769.25,No
CUST04838,Male,0,Yes,Yes,36,Yes,Fiber optic,No,No,No,Yes,Yes,Month-to-month,Yes,Mailed check,103.38,3770.65,Yes
CUST04839,Female,0,No,Yes,8,Yes,No,No internet service,No internet service,No internet service,No internet service,No internet service,One year,Yes,Mailed check,78.87,560.42,No
CUST04840,Female,1,No,No,0,Yes,Fiber optic,Yes,No,Yes,No,Yes,One year,No,Mailed check,73.33,0.0,Yes
CUST04841,Female,0,No,Yes,24,Yes,Fiber optic,Yes,No,No,No,Yes,Month-to-month,No,Credit card,52.28,1275.57,Yes
CUST04842,Male,0,Yes,No,37,Yes,Fiber optic,Yes,No,Yes,Yes,Yes,Month-to-month,Yes,Electronic check,80.99,3034.65,Yes
CUST04843,Male,0,Yes,Yes,72,Yes,Fiber optic,No,Yes,Yes,No,No,Month-to-month,Yes,Mailed check,128.29,9125.7,No
CUST04844,Male,1,Yes,No,63,Yes,Fiber optic,No,No,Yes,Yes,No,One year,Yes,Credit card,18.0,1054.73,Yes
CUST04845,Female,0,Yes,Yes,52,No,DSL,Yes,No,No,No,No,One year,Yes,Bank transfer,25.11,1345.74,No
CUST04846,Female,0,No,No,70,Yes,Fiber optic,Yes,No,Yes,No,No,Month-to-month,Yes,Bank transfer,69.58,4824.44,No
CUST04847,Female,0,No,Yes,56,Yes,No,No internet service,No internet service,No internet service,No internet service,No internet service,One year,No,Mailed check,82.18,4459.79,No
CUST04848,Male,0,No,No,38,Yes,Fiber optic,No,Yes,Yes,Yes,Yes,One year,Yes,Credit card,97.49,3641.31,No
CUST04849,Male,0,No,Yes,66,Yes,Fiber optic,Yes,No,Yes,Yes,No,Month-to-month,No,Mailed check,85.3,5628.82,No
CUST04850,Female,0,Yes,Yes,67,Yes,Fiber optic,Yes,No,No,No,No,Month-to-month,Yes,Bank transfer,33.1,2086.58,Yes
CUST04851,Female,0,Yes,Yes,14,Yes,Fiber optic,Yes,No,Yes,No,Yes,Month-to-month,Yes,Electronic check,89.4,1382.39,Yes
CUST04852,Female,0,Yes,No,20,Yes,Fiber optic,Yes,Yes,Yes,Yes,Yes,Two year,No,Electronic check,69.69,1488.85,Yes
CUST04853,Male,0,No,No,70,Yes,DSL,No,Yes,Yes,Yes,Yes,Month-to-month,Yes,Mailed check,96.13,6802.42,No
CUST04854,Male,0,Yes,No,0,Yes,DSL,No,No,Yes,No,No,Month-to-month,No,Mailed check,56.07,7.27,Yes
CUST04855,Male,0,Yes,No,37,Yes,DSL,Yes,No,No,Yes,Yes,Month-to-month,Yes,Mailed check,35.7,1222.04,No
CUST04856,Female,0,No,No,27,Yes,Fiber optic,Yes,Yes,Yes,No,No,Month-to-month,Yes,Mailed check,62.72,1626.3,Yes
CUST04857,Female,0,Yes,Yes,54,No,Fiber optic,Yes,Yes,No,No,Yes,Month-to-month,No,Electronic check,86.28,4764.97,Yes
CUST04858,Female,0,No,No,69,No,No,No internet service,No internet service,No internet service,No internet service,No internet service,Month-to-month,Yes,Mailed check,83.57,5702.84,No
CUST04859,Male,0,Yes,No,23,Yes,DSL,No,Yes,Yes,Yes,No,Month-to-month,Yes,Electronic check,74.42,1709.05,No
CUST04860,Female,0,No,Yes,16,Yes,DSL,Yes,Yes,Yes,Yes,Yes,Month-to-month,Yes,Bank transfer,58.71,916.19,Yes
CUST04861,Male,0,Yes,Yes,24,Yes,Fiber optic,Yes,Yes,Yes,No,Yes,Two year,Yes,Credit card,70.7,1684.27,No
CUST04862,Female,0,No,No,52,Yes,DSL,Yes,No,Yes,Yes,Yes,One year,Yes,Bank transfer,111.04,5764.01,No
CUST04863,Female,0,No,Yes,26,Yes,Fiber optic,Yes,Yes,No,Yes,Yes,One year,No,Mailed check,137.8,3563.7,No
CUST04864,Female,0,Yes,Yes,46,Yes,DSL,No,No,Yes,No,No,Month-to-month,Yes,Bank transfer,84.64,3857.32,No
CUST04865,Female,1,No,No,25,Yes,DSL,No,Yes,Yes,Yes,Yes,Two year,Yes,Credit card,99.63,2465.21,No
CUST04866,Female,0,No,Yes,54,Yes,Fiber optic,No,No,Yes,Yes,Yes,Month-to-month,No,Electronic check,55.82,2997.58,Yes
CUST04867,Male,0,No,No,4,Yes,Fiber optic,No,No,Yes,Yes,Yes,One year,No,Electronic check,107.83,355.77,No
CUST04868,Male,0,No,No,25,Yes,DSL,No,No,No,Yes,No,One year,No,Mailed check,65.27,1519.69,No
CUST04869,Female,0,No,No,22,Yes,DSL,No,No,Yes,Yes,Yes,Month-to-month,No,Mailed check,42.33,901.64,No
CUST04870,Female,0,Yes,No,43,Yes,DSL,Yes,No,No,Yes,Yes,Month-to-month,Yes,Electronic check,102.81,4350.81,Yes
CUST04871,Male,0,Yes,No,47,Yes,DSL,No,No,No,No,No,One year,Yes,Mailed check,76.24,3578.0,No
CUST04872,Female,0,Yes,No,53,Yes,No,No internet service,No internet service,No internet service,No internet service,No internet service,One year,No,Bank transfer,108.84,5683.17,No
CUST04873,Male,0,No,No,65,Yes,Fiber optic,Yes,No,Yes,Yes,No,Two year,Yes,Credit card,94.66,6001.51,No
CUST04874,Female,0,No,No,58,Yes,DSL,Yes,Yes,No,No,Yes,One year,Yes,Mailed check,41.66,2532.65,Yes
CUST04875,Male,0,No,No,3,Yes,Fiber optic,No,Yes,No,No,Yes,Two year,No,Electronic check,78.62,185.25,Yes
CUST04876,Female,0,Yes,No,49,Yes,DSL,No,No,Yes,No,Yes,One year,Yes,Electronic check,51.58,2349.52,No
CUST04877,Male,1,No,No,1,Yes,DSL,Yes,No,No,Yes,No,Month-to-month,Yes,Bank transfer,105.59,165.05,Yes
CUST04878,Male,0,No,Yes,30,Yes,No,No internet service,No internet service,No internet service,No internet service,No internet service,Two year,Yes,Credit card,76.16,2245.44,No
CUST04879,Female,0,Yes,Yes,43,Yes,DSL,No,Yes,Yes,Yes,Yes,Two year,Yes,Credit card,57.54,2468.77,No
CUST04880,Female,0,No,No,23,Yes,No,No internet service,No internet service,No internet service,No internet service,No internet service,Month-to-month,Yes,Mailed check,23.25,544.12,No
CUST04881,Male,0,Yes,No,51,Yes,No,No internet service,No internet service,No internet service,No internet service,No internet service,One year,No,Mailed check,103.15,5334.26,No
CUST04882,Female,0,No,No,58,Yes,Fiber optic,No,No,Yes,No,No,Month-to-month,Yes,Bank transfer,65.43,3812.08,No
CUST04883,Male,1,Yes,No,44,Yes,Fiber optic,No,Yes,Yes,No,Yes,Two year,Yes,Electronic check,67.45,2848.45,No
CUST04884,Male,0,No,Yes,38,Yes,DSL,No,No,No,No,Yes,One year,Yes,Bank transfer,86.1,3168.79,No
CUST04885,Male,0,Yes,No,71,No,No,No internet service,No internet service,No internet service,No internet service,No internet service,Month-to-month,Yes,Credit card,51.89,3561.96,No
CUST04886,Male,0,Yes,No,47,Yes,No,No internet service,No internet service,No internet service,No internet service,No internet service,Two year,Yes,Bank transfer,36.05,1647.26,No
CUST04887,Female,1,No,No,16,Yes,Fiber optic,No,No,No,Yes,Yes,Month-to-month,Yes,Bank transfer,78.83,1285.14,Yes
CUST04888,Female,0,No,No,47,No,DSL,Yes,Yes,Yes,No,Yes,Month-to-month,No,Bank transfer,50.72,2311.56,No
CUST04889,Male,0,Yes,No,35,Yes,DSL,Yes,Yes,No,Yes,No,Month-to-month,Yes,Electronic check,72.08,2461.26,Yes
CUST04890,Male,0,Yes,No,1,Yes,DSL,Yes,Yes,No,No,No,Month-to-month,Yes,Bank transfer,52.37,0.0,Yes
CUST04891,Female,0,No,No,66,Yes,DSL,Yes,Yes,No,Yes,Yes,Month-to-month,No,Electronic check,40.02,2587.31,No
CUST04892,Female,0,No,No,58,Yes,Fiber optic,Yes,No,No,No,Yes,One year,Yes,Credit card,32.97,1959.48,Yes
CUST04893,Male,0,Yes,No,45,Yes,No,No internet service,No internet service,No internet service,No internet service,No internet service,Month-to-month,Yes,Bank transfer,76.53,3413.87,No
CUST04894,Male,0,Yes,Yes,49,Yes,Fiber optic,No,Yes,No,No,No,Two year,Yes,Electronic check,101.41,5050.99,No
CUST04895,Male,1,Yes,Yes,42,Yes,Fiber optic,No,Yes,No,No,Yes,Month-to-month,Yes,Mailed check,98.45,4085.83,No
CUST04896,Male,1,No,No,25,Yes,Fiber optic,Yes,No,No,No,Yes,Month-to-month,Yes,Electronic check,74.62,1861.51,Yes
CUST04897,Female,0,No,No,68,Yes,Fiber optic,Yes,Yes,No,No,No,Month-to-month,Yes,Mailed check,109.62,7432.44,No
CUST04898,Female,0,No,No,40,Yes,Fiber optic,Yes,No,No,Yes,No,Month-to-month,Yes,Bank transfer,60.61,2441.35,No
CUST04899,Female,0,Yes,No,24,Yes,No,No internet service,No internet service,No internet service,No internet service,No internet service,One year,Yes,Credit card,94.47,2304.11,Yes
CUST04900,Female,1,No,No,49,Yes,DSL,Yes,Yes,No,Yes,Yes,Two year,Yes,Mailed check,61.7,3019.7,No
CUST04901,Male,0,Yes,No,11,Yes,No,No internet service,No internet service,No internet service,No internet service,No internet service,Month-to-month,No,Mailed check,55.85,824.32,No
CUST04902,Female,1,No,No,23,No,DSL,No,Yes,Yes,Yes,Yes,Month-to-month,Yes,Electronic check,94.24,2284.3,No
CUST04903,Female,0,Yes,No,9,No,Fiber optic,No,No,Yes,No,Yes,Month-to-month,Yes,Bank transfer,84.82,715.03,No
CUST04904,Female,0,Yes,No,6,Yes,Fiber optic,No,No,Yes,Yes,No,One year,No,Mailed check,89.74,641.49,No
CUST04905,Male,0,Yes,No,59,Yes,Fiber optic,Yes,No,Yes,Yes,Yes,Month-to-month,No,Bank transfer,36.79,2264.99,Yes
CUST04906,Female,0,Yes,No,31,Yes,Fiber optic,Yes,No,No,Yes,Yes,Month-to-month,Yes,Bank transfer,99.73,2984.06,No
CUST04907,Male,1,Yes,No,62,Yes,DSL,No,Yes,No,Yes,Yes,One year,Yes,Electronic check,90.93,5466.11,No
CUST04908,Female,0,No,Yes,46,Yes,Fiber optic,Yes,Yes,No,Yes,Yes,Two year,No,Credit card,63.93,2955.75,No
CUST04909,Female,0,No,No,17,Yes,Fiber optic,Yes,No,Yes,No,Yes,Month-to-month,No,Mailed check,88.57,1492.85,Yes
CUST04910,Female,0,No,No,15,Yes,Fiber optic,Yes,No,Yes,No,No,One year,Yes,Electronic check,101.4,1320.51,Yes
CUST04911,Female,1,No,Yes,33,Yes,No,No internet service,No internet service,No internet service,No internet service,No internet service,One year,Yes,Bank transfer,55.6,1842.91,No
CUST04912,Female,0,Yes,No,6,Yes,Fiber optic,No,Yes,Yes,No,No,Month-to-month,No,Mailed check,55.77,336.25,No
CUST04913,Male,0,No,Yes,42,Yes,No,No internet service,No internet service,No internet service,No internet service,No internet service,One year,Yes,Bank transfer,66.79,2754.39,No
CUST04914,Female,0,Yes,No,33,Yes,DSL,Yes,Yes,Yes,Yes,Yes,Month-to-month,Yes,Electronic check,18.46,733.35,No
CUST04915,Female,0,Yes,No,10,Yes,DSL,Yes,Yes,Yes,Yes,Yes,Month-to-month,Yes,Credit card,82.25,802.52,No
CUST04916,Male,0,Yes,Yes,38,No,DSL,Yes,Yes,No,No,No,Month-to-month,Yes,Credit card,96.77,3643.61,No
CUST04917,Male,1,Yes,No,61,No,No,No internet service,No internet service,No internet service,No internet service,No internet service,One year,Yes,Mailed check,88.25,5381.2,Yes
CUST04918,Male,0,No,No,66,Yes,No,No internet service,No internet service,No internet service,No internet service,No internet service,Month-to-month,No,Electronic check,85.98,5563.58,No
CUST04919,Female,0,Yes,No,30,Yes,No,No internet service,No internet service,No internet service,No internet service,No internet service,Two year,Yes,Bank transfer,99.59,2912.35,No
CUST04920,Female,0,Yes,No,5,Yes,Fiber optic,No,Yes,Yes,Yes,Yes,Month-to-month,Yes,Electronic check,71.49,129.94,Yes
CUST04921,Female,0,No,Yes,63,Yes,DSL,No,No,Yes,Yes,Yes,Month-to-month,No,Mailed check,34.71,2215.56,No
CUST04922,Female,0,Yes,Yes,40,Yes,Fiber optic,No,Yes,No,Yes,No,Two year,Yes,Mailed check,77.24,3160.82,Yes
CUST04923,Female,1,No,No,55,Yes,Fiber optic,No,Yes,No,Yes,No,Month-to-month,Yes,Electronic check,106.53,5879.65,Yes
CUST04924,Female,0,Yes,No,3,Yes,DSL,Yes,No,Yes,No,No,One year,Yes,Electronic check,83.03,263.36,No
CUST04925,Male,0,No,No,21,Yes,Fiber optic,No,No,No,Yes,Yes,One year,Yes,Credit card,64.7,1349.35,No
CUST04926,Male,0,No,Yes,20,Yes,No,No internet service,No internet service,No internet service,No internet service,No internet service,Two year,Yes,Bank transfer,93.6,1989.88,No
CUST04927,Male,0,Yes,No,52,Yes,DSL,Yes,No,Yes,No,No,One year,No,Mailed check,83.65,4335.0,No
CUST04928,Female,0,No,No,49,Yes,Fiber optic,Yes,Yes,No,Yes,No,One year,No,Electronic check,68.61,3430.41,No
CUST04929,Male,1,Yes,No,54,Yes,Fiber optic,No,Yes,Yes,Yes,No,Two year,Yes,Electronic check,76.98,4217.28,No
CUST04930,Male,0,Yes,Yes,28,Yes,DSL,Yes,Yes,No,Yes,Yes,Two year,Yes,Bank transfer,66.07,1736.51,No
CUST04931,Male,0,No,No,22,Yes,DSL,No,No,Yes,No,No,Two year,Yes,Bank transfer,89.37,2015.22,No
CUST04932,Female,1,No,No,13,Yes,Fiber optic,No,Yes,No,Yes,Yes,Month-to-month,Yes,Electronic check,51.5,576.87,No
CUST04933,Female,0,Yes,Yes,18,Yes,Fiber optic,No,No,Yes,Yes,No,One year,No,Bank transfer,82.25,1432.13,No
CUST04934,Female,0,Yes,No,11,Yes,Fiber optic,Yes,Yes,Yes,No,Yes,Month-to-month,Yes,Bank transfer,95.73,1035.14,Yes
CUST04935,Male,1,Yes,No,60,Yes,DSL,Yes,Yes,No,Yes,Yes,Month-to-month,Yes,Electronic check,79.95,4893.77,No
CUST04936,Female,1,No,Yes,49,Yes,DSL,Yes,No,No,No,Yes,One year,Yes,Electronic check,80.23,3870.57,No
CUST04937,Female,0,No,Yes,49,Yes,Fiber optic,No,No,Yes,No,No,Month-to-month,No,Electronic check,75.75,3734.84,Yes
CUST04938,Female,0,Yes,No,64,Yes,Fiber optic,Yes,No,No,Yes,Yes,One year,Yes,Electronic check,87.36,5462.8,No
CUST04939,Male,1,No,Yes,53,No,Fiber optic,No,No,No,Yes,No,Month-to-month,Yes,Electronic check,65.02,3427.71,Yes
CUST04940,Male,0,Yes,Yes,23,Yes,DSL,Yes,No,No,Yes,No,Two year,Yes,Credit card,70.74,1585.4,No
CUST04941,Female,0,No,No,22,Yes,Fiber optic,Yes,Yes,No,Yes,No,Month-to-month,No,Credit card,51.48,1230.12,Yes
CUST04942,Male,1,No,No,9,Yes,Fiber optic,Yes,Yes,No,No,No,Month-to-month,Yes,Credit card,,541.93,Yes
CUST04943,Female,0,No,No,52,Yes,DSL,No,No,Yes,No,Yes,One year,Yes,Credit card,23.89,1113.89,No
CUST04944,Female,0,Yes,No,63,Yes,Fiber optic,Yes,Yes,No,No,No,One year,No,Mailed check,74.71,4668.9,No
CUST04945,Male,0,Yes,No,52,Yes,Fiber optic,Yes,Yes,Yes,Yes,No,One year,No,Mailed check,89.4,4596.28,No
CUST04946,Female,0,Yes,No,34,Yes,No,No internet service,No internet service,No internet service,No internet service,No internet service,Two year,Yes,Bank transfer,72.33,2475.55,No
CUST04947,Male,0,No,Yes,24,Yes,No,No internet service,No internet service,No internet service,No internet service,No internet service,Two year,Yes,Credit card,97.03,2431.29,No
CUST04948,Female,0,No,No,31,Yes,Fiber optic,Yes,No,Yes,Yes,No,Month-to-month,Yes,Bank transfer,107.38,3298.9,Yes
CUST04949,Male,0,Yes,No,19,Yes,Fiber optic,Yes,Yes,No,Yes,No,Month-to-month,No,Bank transfer,73.6,1424.71,No
CUST04950,Male,0,Yes,No,12,Yes,Fiber optic,No,No,Yes,No,No,Month-to-month,Yes,Credit card,49.09,578.25,No
CUST04951,Male,0,Yes,No,31,Yes,Fiber optic,Yes,No,Yes,No,Yes,Month-to-month,No,Credit card,101.29,3177.19,No
CUST04952,Male,0,No,No,17,Yes,DSL,Yes,Yes,Yes,No,Yes,One year,Yes,Bank transfer,96.23,1554.92,No
CUST04953,Female,0,No,No,53,Yes,Fiber optic,No,Yes,No,Yes,No,Month-to-month,Yes,Credit card,85.22,4512.05,No
CUST04954,Male,0,Yes,No,66,Yes,No,No internet service,No internet service,No internet service,No internet service,No internet service,Month-to-month,No,Bank transfer,60.89,4091.55,Yes
CUST04955,Male,0,No,No,14,No,DSL,No,Yes,No,No,Yes,Month-to-month,No,Bank transfer,83.45,1104.62,Yes
CUST04956,Male,0,Yes,Yes,0,Yes,DSL,Yes,Yes,No,No,No,One year,No,Credit card,66.21,0.0,No
CUST04957,Male,0,No,No,63,Yes,DSL,No,Yes,No,No,Yes,Two year,Yes,Bank transfer,55.66,3498.3,No
CUST04958,Male,0,Yes,Yes,21,Yes,Fiber optic,Yes,Yes,Yes,Yes,No,One year,Yes,Bank transfer,82.98,1621.12,No
CUST04959,Female,0,Yes,No,18,Yes,Fiber optic,Yes,Yes,No,No,No,Month-to-month,Yes,Credit card,49.67,948.95,No
CUST04960,Female,0,No,Yes,62,Yes,Fiber optic,Yes,No,No,Yes,No,Month-to-month,Yes,Bank transfer,92.9,5711.39,No
CUST04961,Male,0,No,No,61,Yes,Fiber optic,Yes,No,No,Yes,Yes,Month-to-month,Yes,Mailed check,81.04,4936.89,No
CUST04962,Female,0,Yes,No,42,Yes,No,No internet service,No internet service,No internet service,No internet service,No internet service,Month-to-month,Yes,Mailed check,71.21,3037.12,No
CUST04963,Female,0,No,No,11,Yes,DSL,Yes,No,Yes,Yes,Yes,One year,No,Mailed check,72.96,856.97,No
CUST04964,Male,0,No,No,51,Yes,Fiber optic,No,No,No,No,Yes,Two year,No,Credit card,47.17,2307.76,No
CUST04965,Female,1,Yes,Yes,53,Yes,No,No internet service,No internet service,No internet service,No internet service,No internet service,Month-to-month,No,Credit card,48.67,2609.85,Yes
CUST04966,Male,0,No,No,32,Yes,Fiber optic,No,Yes,Yes,Yes,No,Month-to-month,No,Mailed check,117.32,3830.19,No
CUST04967,Male,0,No,No,40,Yes,DSL,Yes,Yes,No,No,No,Month-to-month,Yes,Mailed check,70.23,2753.9,No
CUST04968,Male,0,Yes,No,39,Yes,No,No internet service,No internet service,No internet service,No internet service,No internet service,One year,No,Bank transfer,38.4,1558.38,No
CUST04969,Male,0,No,No,48,Yes,Fiber optic,No,No,No,No,Yes,Two year,Yes,Mailed check,96.96,4684.39,Yes
CUST04970,Female,1,No,No,37,Yes,DSL,Yes,No,Yes,Yes,Yes,Month-to-month,Yes,Bank transfer,48.39,1827.21,Yes
CUST04971,Female,0,Yes,Yes,71,Yes,DSL,No,Yes,Yes,Yes,No,Month-to-month,Yes,Electronic check,88.42,6344.32,Yes
CUST04972,Male,1,No,No,2,Yes,No,No internet service,No internet service,No internet service,No internet service,No internet service,Month-to-month,Yes,Bank transfer,110.85,148.47,Yes
CUST04973,Female,0,Yes,Yes,3,Yes,DSL,Yes,Yes,Yes,No,Yes,One year,No,Electronic check,68.57,127.72,No
CUST04974,Female,0,No,No,11,Yes,Fiber optic,Yes,Yes,Yes,Yes,Yes,Month-to-month,Yes,Mailed check,102.94,1222.99,No
CUST04975,Female,0,No,No,10,Yes,Fiber optic,No,No,Yes,No,No,Month-to-month,No,Bank transfer,92.35,896.67,Yes
CUST04976,Female,1,Yes,No,36,Yes,Fiber optic,Yes,Yes,No,Yes,No,One year,No,Mailed check,113.33,3961.94,No
CUST04977,Female,0,No,Yes,5,Yes,Fiber optic,No,Yes,Yes,Yes,Yes,Month-to-month,Yes,Credit card,88.55,428.32,No
CUST04978,Male,0,Yes,No,13,Yes,Fiber optic,No,Yes,No,No,Yes,Month-to-month,Yes,Electronic check,60.78,780.22,No
CUST04979,Female,0,No,No,37,Yes,Fiber optic,No,Yes,Yes,No,No,Month-to-month,No,Mailed check,21.93,829.79,Yes
CUST04980,Female,0,No,No,65,Yes,DSL,Yes,Yes,No,Yes,No,Month-to-month,Yes,Credit card,54.2,3491.04,Yes
CUST04981,Female,0,Yes,No,58,Yes,DSL,No,No,No,No,Yes,One year,Yes,Mailed check,61.44,3701.39,No
CUST04982,Female,0,No,No,15,Yes,DSL,No,Yes,Yes,Yes,Yes,Month-to-month,Yes,Electronic check,98.82,1409.52,No
CUST04983,Male,0,Yes,Yes,4,Yes,Fiber optic,No,Yes,No,No,No,One year,Yes,Bank transfer,104.35,260.99,No
CUST04984,Male,0,No,No,53,Yes,DSL,No,No,Yes,No,Yes,Month-to-month,Yes,Credit card,46.6,2351.3,No
CUST04985,Male,0,No,Yes,56,Yes,Fiber optic,Yes,No,Yes,No,No,Month-to-month,Yes,Credit card,104.57,5795.85,Yes
CUST04986,Male,0,No,No,67,Yes,DSL,Yes,No,No,Yes,Yes,Month-to-month,Yes,Credit card,54.66,3699.1,No
CUST04987,Female,1,Yes,No,31,Yes,Fiber optic,No,Yes,Yes,Yes,No,One year,No,Mailed check,53.17,1630.63,No
CUST04988,Female,1,No,Yes,4,Yes,DSL,No,Yes,No,Yes,No,Month-to-month,No,Credit card,39.41,184.12,Yes
CUST04989,Female,0,No,Yes,68,Yes,Fiber optic,Yes,Yes,Yes,No,No,One year,No,Electronic check,82.44,5550.95,No
CUST04990,Female,0,No,No,20,Yes,No,No internet service,No internet service,No internet service,No internet service,No internet service,Month-to-month,Yes,Electronic check,59.36,1218.76,Yes
CUST04991,Female,0,No,No,27,Yes,DSL,No,Yes,Yes,Yes,No,Two year,No,Credit card,106.83,2756.3,No
CUST04992,Female,1,No,No,30,Yes,Fiber optic,No,Yes,Yes,No,No,Month-to-month,No,Electronic check,51.3,1550.29,Yes
CUST04993,Female,0,Yes,No,71,Yes,Fiber optic,No,No,No,No,No,Two year,Yes,Bank transfer,92.31,6600.29,No
CUST04994,Female,0,Yes,No,26,Yes,DSL,Yes,No,No,Yes,Yes,Month-to-month,Yes,Bank transfer,43.69,1060.55,No
CUST04995,Female,1,No,No,40,Yes,DSL,No,No,Yes,No,Yes,Two year,Yes,Electronic check,99.8,,No
CUST04996,Male,0,Yes,No,36,Yes,DSL,Yes,No,Yes,No,No,Two year,Yes,Electronic check,76.93,2617.79,No
CUST04997,Female,0,No,Yes,72,Yes,Fiber optic,No,Yes,Yes,No,No,Month-to-month,No,Electronic check,81.32,5909.46,Yes
CUST04998,Female,0,No,No,69,No,DSL,No,Yes,No,Yes,Yes,One year,Yes,Credit card,65.04,4552.89,No
CUST04999,Female,0,No,Yes,46,Yes,No,No internet service,No internet service,No internet service,No internet service,No internet service,Month-to-month,Yes,Electronic check,63.62,2855.58,Yes
CUST05000,Male,0,No,No,7,Yes,Fiber optic,No,No,Yes,Yes,Yes,Two year,No,Bank transfer,86.42,628.54,Yes
CUST05001,Male,1,No,No,25,Yes,Fiber optic,No,No,No,Yes,No,Month-to-month,No,Credit card,119.21,2909.79,Yes
CUST05002,Male,0,No,Yes,48,Yes,No,No internet service,No internet service,No internet service,No internet service,No internet service,Month-to-month,Yes,Credit card,47.76,2314.17,No
CUST05003,Female,0,No,No,58,Yes,DSL,No,No,No,Yes,No,Month-to-month,Yes,Mailed check,65.48,3778.25,No
CUST05004,Female,0,Yes,Yes,54,Yes,Fiber optic,No,Yes,Yes,Yes,No,Two year,No,Credit card,58.68,3166.98,No
CUST05005,Female,0,Yes,No,35,Yes,DSL,Yes,Yes,Yes,No,Yes,Two year,Yes,Mailed check,36.21,1218.73,No
CUST05006,Female,0,Yes,No,48,Yes,Fiber optic,Yes,No,Yes,No,No,Month-to-month,Yes,Credit card,35.89,1674.53,No
CUST05007,Male,0,No,No,22,Yes,DSL,Yes,Yes,No,No,No,Month-to-month,No,Mailed check,55.69,1161.46,No
CUST05008,Female,0,Yes,No,46,Yes,No,No internet service,No internet service,No internet service,No internet service,No internet service,One year,No,Electronic check,64.1,2998.16,No
CUST05009,Female,0,No,No,34,Yes,Fiber optic,No,Yes,No,No,No,Month-to-month,Yes,Bank transfer,109.4,3851.2,Yes
CUST05010,Male,0,No,No,49,Yes,Fiber optic,No,Yes,Yes,Yes,Yes,Two year,No,Credit card,98.73,5018.11,Yes
CUST05011,Female,0,Yes,Yes,63,Yes,No,No internet service,No internet service,No internet service,No internet service,No internet service,Month-to-month,Yes,Bank transfer,53.49,3442.88,Yes
CUST05012,Male,1,No,No,59,Yes,DSL,No,No,No,No,No,One year,Yes,Electronic check,93.32,5503.68,Yes
CUST05013,Female,0,Yes,No,53,Yes,No,No internet service,No internet service,No internet service,No internet service,No internet service,Month-to-month,No,Credit card,54.02,2941.08,No
CUST05014,Female,0,No,Yes,56,Yes,Fiber optic,No,Yes,No,No,No,Two year,Yes,Credit card,71.8,4047.2,No
CUST05015,Female,0,Yes,Yes,12,Yes,No,No internet service,No internet service,No internet service,No internet service,No internet service,One year,Yes,Credit card,82.09,955.96,No
CUST05016,Female,1,Yes,Yes,13,No,Fiber optic,Yes,No,No,Yes,Yes,Two year,Yes,Bank transfer,126.75,1803.95,No
CUST05017,Male,0,Yes,Yes,61,Yes,No,No internet service,No internet service,No internet service,No internet service,No internet service,Month-to-month,Yes,Mailed check,80.72,5000.64,No
CUST05018,Female,0,No,Yes,39,Yes,No,No internet service,No internet service,No internet service,No internet service,No internet service,Month-to-month,Yes,Electronic check,37.05,1384.1,No
CUST05019,Female,0,Yes,No,31,Yes,Fiber optic,No,No,Yes,No,No,Month-to-month,No,Credit card,92.6,2946.31,No
CUST05020,Female,0,No,No,48,Yes,Fiber optic,Yes,Yes,No,Yes,No,Two year,No,Mailed check,102.43,4961.51,No
CUST05021,Female,0,No,No,6,Yes,No,No internet service,No internet service,No internet service,No internet service,No internet service,Month-to-month,No,Bank transfer,96.21,501.09,Yes
CUST05022,Male,1,Yes,Yes,12,Yes,Fiber optic,Yes,No,Yes,No,No,Month-to-month,No,Bank transfer,49.14,594.52,No
CUST05023,Female,0,Yes,No,10,No,No,No internet service,No internet service,No internet service,No internet service,No internet service,One year,No,Credit card,77.11,765.46,Yes
CUST05024,Male,0,Yes,No,41,Yes,Fiber optic,Yes,Yes,Yes,Yes,Yes,Month-to-month,Yes,Mailed check,73.55,2806.78,No
CUST05025,Female,0,No,Yes,4,Yes,DSL,Yes,No,No,Yes,Yes,Two year,Yes,Credit card,118.24,359.23,No
CUST05026,Male,0,No,No,3,Yes,No,No internet service,No internet service,No internet service,No internet service,No internet service,Two year,No,Bank transfer,89.42,354.64,No
CUST05027,Male,0,Yes,No,49,Yes,Fiber optic,No,No,No,No,Yes,Month-to-month,No,Electronic check,116.92,5670.85,No
CUST05028,Male,0,No,Yes,53,Yes,DSL,No,No,No,Yes,No,One year,No,Electronic check,56.27,3028.86,No
CUST05029,Female,0,No,No,18,Yes,DSL,Yes,No,No,No,Yes,Month-to-month,No,Bank transfer,68.58,1335.47,No
CUST05030,Male,0,No,No,50,Yes,DSL,No,No,Yes,No,Yes,Month-to-month,No,Mailed check,60.56,2862.12,No
CUST05031,Male,0,Yes,No,7,Yes,Fiber optic,Yes,Yes,No,No,No,Two year,Yes,Electronic check,98.47,818.01,Yes
CUST05032,Female,0,Yes,No,29,Yes,No,No internet service,No internet service,No internet service,No internet service,No internet service,Month-to-month,Yes,Bank transfer,102.49,2958.35,Yes
CUST05033,Male,0,Yes,No,26,Yes,No,No internet service,No internet service,No internet service,No internet service,No internet service,Two year,Yes,Credit card,83.77,2208.89,No
CUST05034,Male,0,No,No,25,Yes,DSL,Yes,Yes,No,No,No,Month-to-month,No,Electronic check,76.37,2064.21,Yes
CUST05035,Male,0,No,No,63,Yes,DSL,No,No,Yes,No,No,Month-to-month,Yes,Credit card,84.45,5397.41,Yes
CUST05036,Male,0,Yes,No,5,Yes,DSL,Yes,No,Yes,No,No,Month-to-month,Yes,Bank transfer,39.44,182.92,No
CUST05037,Female,0,Yes,No,45,No,Fiber optic,Yes,No,Yes,No,Yes,Month-to-month,Yes,Credit card,63.72,2824.66,Yes
CUST05038,Female,1,No,No,19,Yes,No,No internet service,No internet service,No internet service,No internet service,No internet service,Two year,Yes,Bank transfer,65.73,1212.9,No
CUST05039,Female,0,Yes,No,35,Yes,No,No internet service,No internet service,No internet service,No internet service,No internet service,One year,Yes,Mailed check,73.66,2532.83,No
CUST05040,Male,0,No,Yes,14,Yes,DSL,Yes,No,Yes,Yes,Yes,One year,No,Credit card,57.7,908.78,No
CUST05041,Male,1,Yes,Yes,53,Yes,Fiber optic,Yes,Yes,No,Yes,No,Two year,No,Bank transfer,52.77,2839.99,No
CUST05042,Male,0,Yes,Yes,4,Yes,Fiber optic,No,No,Yes,Yes,No,Month-to-month,Yes,Credit card,34.05,152.96,Yes
CUST05043,Male,0,No,No,5,Yes,No,No internet service,No internet service,No internet service,No internet service,No internet service,Month-to-month,Yes,Mailed check,84.8,406.46,Yes
CUST05044,Female,0,Yes,No,24,Yes,Fiber optic,No,No,Yes,No,No,Two year,Yes,Bank transfer,39.71,1011.29,No
CUST05045,Female,1,No,No,64,Yes,Fiber optic,Yes,Yes,Yes,No,No,One year,Yes,Bank transfer,98.99,6184.59,No
CUST05046,Male,0,Yes,No,1,Yes,No,No internet service,No internet service,No internet service,No internet service,No internet service,Month-to-month,No,Bank transfer,82.1,231.11,Yes
CUST05047,Female,0,Yes,No,12,Yes,DSL,Yes,Yes,No,No,No,One year,No,Credit card,96.16,1132.48,No
CUST05048,Female,0,No,No,35,Yes,No,No internet service,No internet service,No internet service,No internet service,No internet service,Month-to-month,Yes,Bank transfer,51.71,1733.67,No
CUST05049,Male,0,Yes,Yes,1,Yes,No,No internet service,No internet service,No internet service,No internet service,No internet service,One year,Yes,Credit card,120.59,212.31,No
CUST05050,Female,1,No,No,39,No,No,No internet service,No internet service,No internet service,No internet service,No internet service,Two year,No,Mailed check,129.49,5139.97,No
CUST05051,Male,0,No,No,26,Yes,DSL,No,Yes,No,No,No,Month-to-month,Yes,Electronic check,74.75,1937.57,Yes
CUST05052,Male,0,No,No,47,Yes,No,No internet service,No internet service,No internet service,No internet service,No internet service,Two year,No,Credit card,83.84,4046.68,No
CUST05053,Female,1,Yes,No,4,Yes,DSL,Yes,No,No,No,Yes,Two year,Yes,Bank transfer,73.68,374.95,Yes
CUST05054,Female,0,Yes,No,12,Yes,Fiber optic,Yes,Yes,No,No,Yes,Month-to-month,Yes,Mailed check,99.18,1220.55,Yes
CUST05055,Male,0,Yes,No,12,No,No,No internet service,No internet service,No internet service,No internet service,No internet service,Month-to-month,Yes,Electronic check,93.82,994.62,Yes
CUST05056,Female,0,No,No,53,Yes,DSL,No,No,Yes,No,No,Two year,Yes,Electronic check,29.62,1579.97,No
CUST05057,Female,0,Yes,Yes,53,Yes,Fiber optic,Yes,Yes,Yes,Yes,No,Month-to-month,Yes,Mailed check,53.33,2827.2,Yes
CUST05058,Female,0,Yes,No,8,Yes,Fiber optic,Yes,No,No,Yes,No,Month-to-month,Yes,Mailed check,83.82,650.66,Yes
CUST05059,Male,0,No,No,29,Yes,No,No internet service,No internet service,No internet service,No internet service,No internet service,Month-to-month,Yes,Bank transfer,93.34,2677.21,Yes
CUST05060,Female,0,Yes,No,51,No,DSL,No,No,No,No,Yes,Month-to-month,Yes,Mailed check,77.73,4024.36,No
CUST05061,Female,0,No,No,0,No,No,No internet service,No internet service,No internet service,No internet service,No internet service,Month-to-month,Yes,Electronic check,31.58,0.0,Yes
CUST05062,Female,0,Yes,No,7,Yes,No,No internet service,No internet service,No internet service,No internet service,No internet service,Two year,Yes,Credit card,87.91,710.89,No
CUST05063,Female,1,No,No,46,Yes,Fiber optic,Yes,No,Yes,No,Yes,Month-to-month,Yes,Mailed check,119.62,5498.49,Yes
CUST05064,Female,0,No,No,41,Yes,Fiber optic,No,No,Yes,Yes,Yes,Month-to-month,No,Mailed check,18.0,670.63,Yes
CUST05065,Female,0,Yes,Yes,51,Yes,Fiber optic,Yes,Yes,No,Yes,No,Two year,No,Credit card,97.48,4948.27,No
CUST05066,Female,0,No,No,34,Yes,DSL,No,Yes,Yes,Yes,Yes,Month-to-month,Yes,Mailed check,119.8,4089.12,No
CUST05067,Female,0,No,Yes,65,No,Fiber optic,Yes,No,Yes,Yes,No,Month-to-month,No,Mailed check,97.59,6458.73,Yes
CUST05068,Male,0,Yes,No,9,Yes,DSL,Yes,No,Yes,Yes,No,Two year,Yes,Mailed check,71.98,704.64,No
CUST05069,Male,0,No,No,11,Yes,DSL,No,No,No,No,No,Month-to-month,No,Credit card,96.42,1155.12,Yes
CUST05070,Female,0,No,No,46,Yes,DSL,No,Yes,No,Yes,Yes,Month-to-month,Yes,Bank transfer,71.83,3299.13,No
CUST05071,Female,1,No,No,62,Yes,Fiber optic,No,Yes,No,Yes,No,Two year,No,Mailed check,87.55,5411.12,No
CUST05072,Female,0,No,No,1,Yes,Fiber optic,Yes,Yes,No,No,Yes,Month-to-month,Yes,Mailed check,76.08,224.63,Yes
CUST05073,Male,0,Yes,No,51,Yes,Fiber optic,Yes,No,Yes,No,No,Month-to-month,No,Mailed check,76.78,3904.76,No
CUST05074,Female,0,Yes,No,70,Yes,DSL,Yes,Yes,No,No,Yes,Two year,No,Bank transfer,54.95,3802.68,No
CUST05075,Male,0,Yes,No,41,Yes,Fiber optic,No,No,Yes,No,Yes,Month-to-month,Yes,Electronic check,62.42,2507.23,Yes
CUST05076,Male,0,Yes,Yes,60,No,Fiber optic,No,No,No,No,No,Two year,Yes,Credit card,114.62,6900.79,No
CUST05077,Male,0,Yes,No,19,Yes,Fiber optic,No,Yes,Yes,Yes,No,Month-to-month,Yes,Mailed check,58.5,1024.77,No
CUST05078,Male,0,Yes,No,58,No,DSL,No,No,No,No,No,Two year,Yes,Bank transfer,25.11,1471.03,No
CUST05079,Female,0,Yes,No,33,Yes,Fiber optic,Yes,Yes,Yes,No,No,Month-to-month,Yes,Credit card,150.0,4963.11,Yes
CUST05080,Female,0,No,No,21,Yes,Fiber optic,No,No,No,No,Yes,Month-to-month,Yes,Mailed check,63.09,1372.18,No
CUST05081,Male,0,Yes,Yes,14,Yes,No,No internet service,No internet service,No internet service,No internet service,No internet service,One year,Yes,Bank transfer,67.29,802.08,Yes
CUST05082,Female,1,No,No,62,Yes,Fiber optic,Yes,No,Yes,Yes,Yes,Month-to-month,Yes,Bank transfer,63.95,3805.02,Yes
CUST05083,Male,0,No,No,52,Yes,DSL,No,Yes,No,No,No,Month-to-month,Yes,Bank transfer,74.4,3833.78,Yes
CUST05084,Male,0,No,No,57,No,DSL,Yes,No,No,Yes,No,One year,Yes,Mailed check,55.02,3124.98,No
CUST05085,Female,0,Yes,No,51,Yes,DSL,No,No,No,No,No,Two year,Yes,Bank transfer,111.24,5583.87,No
CUST05086,Male,0,No,Yes,18,Yes,DSL,No,Yes,No,No,Yes,Month-to-month,Yes,Bank transfer,69.01,1132.71,Yes
CUST05087,Female,0,No,No,13,Yes,No,No internet service,No internet service,No internet service,No internet service,No internet service,One year,Yes,Mailed check,47.86,656.77,No
CUST05088,Male,0,No,No,47,Yes,Fiber optic,Yes,No,Yes,No,No,Month-to-month,No,Credit card,18.0,821.05,No
CUST05089,Male,0,Yes,No,18,Yes,DSL,No,Yes,Yes,No,Yes,One year,No,Electronic check,101.37,1889.35,No
CUST05090,Female,0,Yes,Yes,47,Yes,No,No internet service,No internet service,No internet service,No internet service,No internet service,Month-to-month,No,Credit card,62.98,2849.99,No
CUST05091,Female,0,No,Yes,65,Yes,DSL,No,Yes,Yes,No,No,One year,Yes,Mailed check,83.39,5411.69,No
CUST05092,Male,0,Yes,No,54,Yes,No,No internet service,No internet service,No internet service,No internet service,No internet service,Month-to-month,Yes,Credit card,50.77,2875.38,Yes
CUST05093,Male,0,No,No,34,Yes,DSL,No,No,No,Yes,No,Month-to-month,Yes,Electronic check,76.35,2572.11,Yes
CUST05094,Female,0,No,No,66,Yes,Fiber optic,Yes,Yes,Yes,Yes,Yes,Month-to-month,Yes,Mailed check,73.32,4792.45,No
CUST05095,Male,0,No,Yes,40,Yes,Fiber optic,No,No,Yes,No,Yes,Month-to-month,No,Electronic check,97.02,3953.77,No
CUST05096,Male,0,No,No,34,Yes,DSL,No,Yes,Yes,No,Yes,One year,No,Credit card,78.14,2754.25,Yes
CUST05097,Female,0,No,No,69,Yes,DSL,Yes,No,Yes,No,No,Month-to-month,No,Bank transfer,45.93,,No
CUST05098,Male,0,No,No,24,Yes,No,No internet service,No internet service,No internet service,No internet service,No internet service,Month-to-month,No,Mailed check,134.06,3172.5,No
CUST05099,Female,1,No,No,15,No,Fiber optic,No,Yes,Yes,Yes,Yes,Month-to-month,Yes,Bank transfer,84.86,1342.13,Yes
CUST05100,Male,0,Yes,Yes,10,Yes,No,No internet service,No internet service,No internet service,No internet service,No internet service,Month-to-month,Yes,Electronic check,50.38,527.8,Yes
CUST05101,Female,0,No,Yes,45,Yes,Fiber optic,No,Yes,No,No,No,Month-to-month,Yes,Bank transfer,78.73,3568.66,No
CUST05102,Female,0,No,Yes,37,Yes,DSL,Yes,No,Yes,Yes,Yes,Two year,No,Bank transfer,83.78,3118.79,No
CUST05103,Male,0,No,No,56,Yes,Fiber optic,Yes,No,No,No,No,Month-to-month,Yes,Credit card,86.1,4817.55,Yes
CUST05104,Male,0,Yes,No,10,Yes,No,No internet service,No internet service,No internet service,No internet service,No internet service,Month-to-month,Yes,Bank transfer,83.08,911.01,Yes
CUST05105,Male,0,Yes,Yes,23,Yes,DSL,No,No,No,Yes,No,Month-to-month,No,Mailed check,,1954.07,No
CUST05106,Female,1,No,No,8,No,DSL,No,No,Yes,No,No,One year,No,Credit card,96.94,693.14,No
CUST05107,Female,0,Yes,No,22,Yes,Fiber optic,No,Yes,Yes,No,Yes,One year,No,Credit card,92.2,2099.37,No
CUST05108,Female,1,No,No,70,Yes,No,No internet service,No internet service,No internet service,No internet service,No internet service,Month-to-month,Yes,Credit card,92.66,6482.69,Yes
CUST05109,Male,0,No,No,65,Yes,Fiber optic,No,Yes,Yes,Yes,Yes,Month-to-month,No,Bank transfer,29.59,1820.47,No
CUST05110,Male,0,Yes,No,36,Yes,Fiber optic,No,No,No,Yes,No,Two year,No,Credit card,30.64,1029.1,No
CUST05111,Female,0,Yes,Yes,7,Yes,DSL,No,Yes,Yes,No,Yes,Month-to-month,Yes,Bank transfer,54.17,346.43,Yes
CUST05112,Female,0,No,No,72,Yes,Fiber optic,Yes,No,No,Yes,Yes,Two year,Yes,Bank transfer,67.79,4965.53,No
CUST05113,Female,0,Yes,No,11,Yes,Fiber optic,No,Yes,Yes,No,No,Month-to-month,Yes,Credit card,55.0,522.26,Yes
CUST05114,Male,0,No,No,7,Yes,DSL,Yes,Yes,No,Yes,Yes,Two year,Yes,Bank transfer,48.6,196.15,No
CUST05115,Male,0,No,Yes,29,Yes,Fiber optic,Yes,No,No,No,Yes,Two year,No,Bank transfer,79.97,2297.95,No
CUST05116,Male,0,No,No,68,Yes,Fiber optic,Yes,No,No,No,Yes,Month-to-month,No,Electronic check,52.18,3510.05,Yes
CUST05117,Male,0,Yes,No,58,Yes,Fiber optic,No,No,Yes,No,No,Month-to-month,No,Electronic check,18.0,1129.65,Yes
CUST05118,Male,0,Yes,No,26,Yes,No,No internet service,No internet service,No internet service,No internet service,No internet service,Month-to-month,Yes,Electronic check,40.04,1061.59,Yes
CUST05119,Female,0,No,Yes,33,Yes,No,No internet service,No internet service,No internet service,No internet service,No internet service,Two year,No,Mailed check,58.76,1996.08,No
CUST05120,Male,1,Yes,No,4,Yes,Fiber optic,No,No,Yes,Yes,No,Month-to-month,Yes,Electronic check,67.54,238.69,Yes
CUST05121,Female,0,Yes,Yes,19,Yes,No,No internet service,No internet service,No internet service,No internet service,No internet service,Month-to-month,Yes,Bank transfer,96.47,1735.51,No
CUST05122,Female,0,No,No,48,Yes,No,No internet service,No internet service,No internet service,No internet service,No internet service,One year,No,Mailed check,84.86,4178.25,No
CUST05123,Female,0,Yes,Yes,30,Yes,Fiber optic,No,No,Yes,Yes,Yes,One year,No,Electronic check,23.87,668.91,No
CUST05124,Female,0,Yes,No,71,Yes,Fiber optic,Yes,Yes,No,No,Yes,Month-to-month,No,Credit card,110.31,7883.8,No
CUST05125,Male,0,No,Yes,32,Yes,DSL,No,No,Yes,Yes,Yes,Month-to-month,Yes,Mailed check,69.02,2179.2,Yes
CUST05126,Female,0,Yes,No,61,Yes,No,No internet service,No internet service,No internet service,No internet service,No internet service,Month-to-month,No,Bank transfer,75.73,4672.14,No
CUST05127,Male,0,Yes,No,53,Yes,DSL,No,Yes,No,No,Yes,Month-to-month,Yes,Electronic check,77.03,4106.75,Yes
CUST05128,Female,0,Yes,No,37,Yes,DSL,Yes,No,Yes,No,No,Month-to-month,No,Bank transfer,52.68,1959.41,No
CUST05129,Female,0,No,Yes,63,No,Fiber optic,Yes,No,Yes,No,Yes,Two year,Yes,Credit card,88.09,5582.73,No
CUST05130,Female,1,No,Yes,63,Yes,DSL,No,Yes,No,Yes,No,Two year,Yes,Electronic check,25.29,,No
CUST05131,Male,1,No,Yes,23,Yes,DSL,No,No,No,Yes,No,Two year,No,Electronic check,107.5,2336.11,No
CUST05132,Male,0,No,Yes,20,No,Fiber optic,No,No,Yes,No,Yes,Month-to-month,Yes,Bank transfer,78.69,1596.91,Yes
CUST05133,Male,0,Yes,No,51,Yes,DSL,Yes,No,No,Yes,No,Month-to-month,No,Bank transfer,83.08,4328.72,No
CUST05134,Male,0,No,No,1,Yes,No,No internet service,No internet service,No internet service,No internet service,No internet service,Month-to-month,Yes,Bank transfer,87.17,83.62,Yes
CUST05135,Female,0,Yes,No,51,Yes,No,No internet service,No internet service,No internet service,No internet service,No internet service,Month-to-month,No,Mailed check,62.96,3185.87,No
CUST05136,Male,0,No,No,31,Yes,Fiber optic,Yes,Yes,Yes,Yes,No,Two year,No,Mailed check,105.78,3300.07,No
CUST05137,Male,0,No,No,55,No,DSL,No,No,Yes,Yes,Yes,Two year,Yes,Electronic check,55.87,3151.19,No
CUST05138,Female,0,Yes,No,9,No,Fiber optic,No,Yes,No,Yes,Yes,Two year,Yes,Electronic check,48.99,418.43,Yes
CUST05139,Male,0,No,No,41,Yes,DSL,No,No,No,No,Yes,Two year,No,Bank transfer,77.73,3067.36,Yes
CUST05140,Female,0,No,No,39,Yes,Fiber optic,Yes,No,Yes,Yes,No,Month-to-month,Yes,Bank transfer,39.56,1555.48,Yes
CUST05141,Male,1,Yes,No,1,Yes,DSL,Yes,No,Yes,No,Yes,Month-to-month,Yes,Bank transfer,59.84,89.01,Yes
CUST05142,Male,1,No,Yes,38,Yes,Fiber optic,No,No,No,No,No,Two year,Yes,Electronic check,80.52,3073.69,No
CUST05143,Female,0,No,No,47,Yes,DSL,Yes,Yes,Yes,Yes,Yes,One year,Yes,Credit card,92.38,4302.29,No
CUST05144,Female,0,Yes,No,29,Yes,No,No internet service,No internet service,No internet service,No internet service,No internet service,Two year,Yes,Bank transfer,73.06,2145.5,No
CUST05145,Female,0,Yes,No,44,No,DSL,,No,Yes,Yes,Yes,Month-to-month,Yes,Electronic check,51.39,2242.69,Yes
CUST05146,Female,0,No,No,23,Yes,Fiber optic,Yes,Yes,Yes,Yes,Yes,Month-to-month,Yes,Credit card,65.57,1473.14,Yes
CUST05147,Male,0,Yes,Yes,44,Yes,DSL,No,No,Yes,Yes,Yes,Month-to-month,No,Bank transfer,57.3,2498.34,No
CUST05148,Female,1,Yes,No,17,Yes,Fiber optic,Yes,No,No,No,Yes,Month-to-month,Yes,Electronic check,71.56,1230.36,No
CUST05149,Male,0,No,No,20,No,No,No internet service,No internet service,No internet service,No internet service,No internet service,Month-to-month,Yes,Mailed check,58.49,1192.26,No
CUST05150,Female,0,No,No,5,Yes,DSL,Yes,No,Yes,No,Yes,Month-to-month,No,Electronic check,49.57,206.76,No
CUST05151,Male,1,Yes,No,7,Yes,DSL,Yes,Yes,No,No,Yes,Month-to-month,No,Electronic check,46.45,341.07,Yes
CUST05152,Female,0,Yes,No,9,Yes,DSL,Yes,Yes,No,Yes,No,Month-to-month,Yes,Bank transfer,28.04,282.91,No
CUST05153,Male,0,No,No,13,Yes,Fiber optic,No,Yes,Yes,No,No,Month-to-month,Yes,Electronic check,101.03,1357.98,Yes
CUST05154,Female,0,No,No,52,Yes,Fiber optic,Yes,No,Yes,No,No,One year,Yes,Electronic check,91.89,4816.83,No
CUST05155,Female,0,No,No,15,Yes,No,No internet service,No internet service,No internet service,No internet service,No internet service,Month-to-month,No,Mailed check,43.29,753.56,No
CUST05156,Female,0,No,No,25,No,No,No internet service,No internet service,No internet service,No internet service,No internet service,One year,No,Bank transfer,90.27,2311.64,No
CUST05157,Female,0,Yes,No,12,Yes,DSL,Yes,Yes,Yes,No,Yes,Month-to-month,Yes,Mailed check,75.06,1061.05,Yes
CUST05158,Male,0,No,No,30,Yes,No,No internet service,No internet service,No internet service,No internet service,No internet service,One year,Yes,Electronic check,41.7,1333.52,No
CUST05159,Male,0,No,No,17,Yes,No,No internet service,No internet service,No internet service,No internet service,No internet service,Month-to-month,No,Bank transfer,47.74,891.56,No
CUST05160,Female,0,No,No,24,Yes,Fiber optic,No,No,No,No,Yes,Two year,No,Electronic check,70.27,1588.38,No
CUST05161,Male,0,Yes,No,5,Yes,Fiber optic,No,No,Yes,No,No,One year,Yes,Electronic check,92.53,523.15,Yes
CUST05162,Male,1,Yes,No,36,Yes,Fiber optic,Yes,No,No,No,Yes,Month-to-month,No,Bank transfer,,3266.68,No
CUST05163,Male,0,No,Yes,19,Yes,Fiber optic,Yes,Yes,No,Yes,No,One year,No,Electronic check,60.53,1146.53,No
CUST05164,Female,0,No,Yes,47,Yes,Fiber optic,Yes,Yes,Yes,Yes,Yes,Month-to-month,Yes,Credit card,85.48,3853.74,Yes
CUST05165,Male,0,No,Yes,72,No,DSL,Yes,Yes,No,No,No,Month-to-month,Yes,Credit card,69.93,4848.62,No
CUST05166,Male,0,Yes,Yes,35,No,Fiber optic,No,Yes,Yes,Yes,No,Month-to-month,Yes,Mailed check,55.63,1924.69,No
CUST05167,Female,0,No,No,37,Yes,Fiber optic,No,No,Yes,No,Yes,One year,No,Bank transfer,98.01,3583.33,No
CUST05168,Male,0,Yes,No,60,No,DSL,No,Yes,Yes,Yes,Yes,One year,Yes,Electronic check,77.89,4554.09,No
CUST05169,Male,0,No,No,25,Yes,No,No internet service,No internet service,No internet service,No internet service,No internet service,Two year,No,Credit card,86.77,2200.22,No
CUST05170,Male,0,No,No,10,Yes,DSL,No,Yes,No,Yes,No,Month-to-month,No,Mailed check,46.56,374.92,No
CUST05171,Female,0,No,Yes,52,Yes,DSL,Yes,No,No,No,No,Month-to-month,No,Credit card,61.01,3039.26,No
CUST05172,Male,0,Yes,No,47,Yes,Fiber optic,No,Yes,No,No,No,Month-to-month,Yes,Electronic check,94.5,4606.57,Yes
CUST05173,Female,0,No,Yes,34,Yes,Fiber optic,Yes,No,No,No,Yes,One year,Yes,Electronic check,66.98,2317.69,No
CUST05174,Male,0,Yes,Yes,28,Yes,DSL,Yes,No,No,No,No,Month-to-month,Yes,Electronic check,68.43,1881.97,Yes
CUST05175,Male,0,No,No,2,Yes,Fiber optic,No,No,No,No,No,Month-to-month,Yes,Bank transfer,47.47,0.0,No
CUST05176,Male,0,No,Yes,40,Yes,Fiber optic,Yes,Yes,Yes,No,Yes,Two year,No,Mailed check,78.92,3085.95,No
CUST05177,Male,0,No,No,39,Yes,DSL,No,Yes,Yes,Yes,No,Month-to-month,Yes,Electronic check,47.02,1783.98,Yes
CUST05178,Male,0,No,No,37,Yes,DSL,Yes,No,Yes,No,No,Month-to-month,Yes,Credit card,83.14,3032.69,Yes
CUST05179,Male,0,No,No,22,Yes,Fiber optic,Yes,No,Yes,Yes,Yes,Month-to-month,No,Mailed check,49.18,1056.15,No
CUST05180,Male,0,Yes,No,11,Yes,Fiber optic,No,No,No,Yes,No,Month-to-month,Yes,Credit card,68.76,661.88,Yes
CUST05181,Female,0,Yes,No,41,Yes,DSL,No,Yes,Yes,No,Yes,Month-to-month,No,Mailed check,113.38,4578.7,Yes
CUST05182,Female,0,No,No,45,Yes,Fiber optic,No,Yes,Yes,Yes,No,Month-to-month,No,Bank transfer,83.14,3604.41,No
CUST05183,Female,0,No,No,12,Yes,Fiber optic,Yes,Yes,No,Yes,No,Month-to-month,Yes,Credit card,65.34,625.69,Yes
CUST05184,Female,0,No,No,8,No,No,No internet service,No internet service,No internet service,No internet service,No internet service,Month-to-month,No,Credit card,95.42,640.52,Yes
CUST05185,Female,0,Yes,Yes,35,No,Fiber optic,Yes,Yes,No,No,No,Month-to-month,Yes,Bank transfer,55.91,1908.07,Yes
CUST05186,Female,0,Yes,No,3,No,DSL,No,Yes,No,No,Yes,Month-to-month,Yes,Bank transfer,49.34,123.38,Yes
CUST05187,Female,0,No,Yes,14,Yes,Fiber optic,Yes,Yes,Yes,No,Yes,Two year,Yes,Credit card,64.88,945.55,No
CUST05188,Male,0,No,Yes,46,Yes,DSL,No,No,No,Yes,Yes,Month-to-month,Yes,Credit card,101.47,4700.84,No
CUST05189,Female,0,No,No,21,Yes,Fiber optic,No,Yes,Yes,No,No,Month-to-month,No,Mailed check,100.06,2151.16,No
CUST05190,Male,0,Yes,No,33,Yes,DSL,No,No,Yes,Yes,No,Two year,No,Credit card,61.58,2007.74,No
CUST05191,Female,0,Yes,Yes,50,Yes,No,No internet service,No internet service,No internet service,No internet service,No internet service,Two year,No,Electronic check,66.9,3397.43,No
CUST05192,Female,0,Yes,No,12,Yes,Fiber optic,No,No,No,No,Yes,One year,Yes,Bank transfer,84.51,842.66,No
CUST05193,Male,0,Yes,Yes,16,Yes,No,No internet service,No internet service,No internet service,No internet service,No internet service,Month-to-month,Yes,Credit card,134.7,2203.5,Yes
CUST05194,Male,0,No,No,21,Yes,Fiber optic,Yes,Yes,Yes,No,Yes,Two year,Yes,Electronic check,68.06,1426.08,No
CUST05195,Male,0,Yes,No,30,Yes,Fiber optic,No,No,No,No,Yes,One year,Yes,Credit card,108.56,3333.74,No
CUST05196,Male,0,Yes,No,40,No,DSL,Yes,No,Yes,No,Yes,Month-to-month,No,Credit card,80.24,2995.2,No
CUST05197,Female,0,No,Yes,5,Yes,DSL,Yes,No,Yes,Yes,No,Month-to-month,Yes,Electronic check,95.33,549.62,Yes
CUST05198,Female,0,Yes,No,34,Yes,No,No internet service,No internet service,No internet service,No internet service,No internet service,Month-to-month,Yes,Credit card,99.34,3247.46,No
CUST05199,Female,0,No,No,50,Yes,No,No internet service,No internet service,No internet service,No internet service,No internet service,Month-to-month,No,Bank transfer,78.4,4009.53,No
CUST05200,Female,0,Yes,No,62,Yes,DSL,Yes,No,Yes,Yes,Yes,Month-to-month,No,Mailed check,73.29,4476.53,No
CUST05201,Male,0,Yes,Yes,39,No,Fiber optic,Yes,Yes,Yes,No,Yes,Month-to-month,No,Mailed check,68.82,2717.22,Yes
CUST05202,Male,0,Yes,No,45,Yes,DSL,No,No,Yes,Yes,Yes,Two year,No,Mailed check,82.77,3717.76,No
CUST05203,Female,0,No,No,59,Yes,Fiber optic,Yes,No,Yes,Yes,Yes,Two year,Yes,Mailed check,,6199.49,No
CUST05204,Female,1,Yes,No,53,Yes,No,No internet service,No internet service,No internet service,No internet service,No internet service,Month-to-month,No,Mailed check,107.07,5686.81,Yes
CUST05205,Female,1,No,No,39,Yes,DSL,Yes,No,No,Yes,Yes,Month-to-month,No,Mailed check,104.26,4191.77,No
CUST05206,Male,0,No,No,41,Yes,DSL,Yes,No,Yes,No,No,One year,No,Credit card,62.35,2498.75,No
CUST05207,Female,0,Yes,No,72,Yes,Fiber optic,No,Yes,Yes,Yes,Yes,Month-to-month,No,Electronic check,59.8,4222.81,No
CUST05208,Female,0,No,No,55,Yes,DSL,Yes,No,Yes,No,No,Two year,No,Credit card,53.3,2879.21,No
CUST05209,Male,0,Yes,Yes,17,Yes,DSL,Yes,Yes,No,Yes,Yes,Two year,Yes,Mailed check,77.85,1374.12,No
CUST05210,Male,0,Yes,No,33,Yes,Fiber optic,Yes,No,No,No,No,Month-to-month,No,Mailed check,97.32,3265.54,No
CUST05211,Male,0,No,No,54,Yes,Fiber optic,Yes,No,No,Yes,No,Month-to-month,Yes,Mailed check,59.87,3130.01,Yes
CUST05212,Male,0,Yes,No,38,Yes,No,No internet service,No internet service,No internet service,No internet service,No internet service,Two year,No,Electronic check,69.43,2570.5,No
CUST05213,Male,0,No,No,31,Yes,No,No internet service,No internet service,No internet service,No internet service,No internet service,Month-to-month,Yes,Bank transfer,90.17,2818.34,No
CUST05214,Female,0,No,No,44,Yes,Fiber optic,Yes,Yes,No,Yes,Yes,Month-to-month,Yes,Electronic check,65.97,3002.31,Yes
CUST05215,Female,0,Yes,No,27,Yes,Fiber optic,No,Yes,Yes,Yes,Yes,One year,No,Credit card,69.24,1813.29,No
CUST05216,Male,0,Yes,No,49,No,Fiber optic,No,No,Yes,No,No,Month-to-month,Yes,Credit card,101.86,4877.02,No
CUST05217,Female,0,No,No,53,Yes,Fiber optic,Yes,Yes,Yes,No,No,Month-to-month,Yes,Mailed check,74.59,4033.52,Yes
CUST05218,Female,0,No,No,65,No,DSL,Yes,No,No,No,No,One year,No,Mailed check,55.99,3499.49,No
CUST05219,Male,0,Yes,No,69,Yes,DSL,Yes,Yes,No,No,Yes,Month-to-month,Yes,Mailed check,76.41,5315.49,No
CUST05220,Male,0,No,Yes,51,Yes,Fiber optic,No,Yes,No,No,No,Month-to-month,No,Credit card,84.83,4152.84,Yes
CUST05221,Male,0,Yes,No,55,Yes,No,No internet service,No internet service,No internet service,No internet service,No internet service,Month-to-month,No,Credit card,136.61,7503.92,No
CUST05222,Female,0,No,Yes,56,Yes,Fiber optic,Yes,No,No,Yes,Yes,Month-to-month,Yes,Electronic check,111.98,6242.62,No
CUST05223,Female,0,Yes,No,24,Yes,No,No internet service,No internet service,No internet service,No internet service,No internet service,Two year,No,Electronic check,150.0,3537.4,No
CUST05224,Female,0,No,No,66,Yes,DSL,No,Yes,No,No,No,Two year,Yes,Electronic check,47.37,3241.58,No
CUST05225,Female,0,No,Yes,37,Yes,DSL,Yes,No,No,Yes,Yes,Two year,No,Mailed check,108.78,4018.19,No
CUST05226,Male,1,No,No,63,Yes,No,No internet service,No internet service,No internet service,No internet service,No internet service,Month-to-month,Yes,Mailed check,112.82,7094.2,No
CUST05227,Male,0,No,No,15,Yes,DSL,Yes,No,No,Yes,Yes,Two year,Yes,Mailed check,74.76,1100.85,No
CUST05228,Female,0,No,Yes,22,Yes,Fiber optic,Yes,Yes,Yes,Yes,No,Month-to-month,No,Mailed check,64.19,1350.74,No
CUST05229,Male,0,Yes,No,45,Yes,DSL,No,Yes,Yes,Yes,Yes,Month-to-month,Yes,Bank transfer,92.43,4305.56,No
CUST05230,Male,0,Yes,Yes,42,Yes,No,No internet service,No internet service,No internet service,No internet service,No internet service,Month-to-month,No,Credit card,65.85,2735.55,No
CUST05231,Male,0,No,Yes,29,Yes,DSL,Yes,No,No,No,No,Two year,Yes,Credit card,45.4,1464.98,No
CUST05232,Male,0,Yes,No,16,Yes,No,No internet service,No internet service,No internet service,No internet service,No internet service,Month-to-month,No,Electronic check,38.57,551.07,Yes
CUST05233,Male,0,No,Yes,16,Yes,DSL,No,Yes,Yes,No,Yes,One year,No,Credit card,36.58,586.74,No
CUST05234,Male,0,Yes,No,53,Yes,DSL,No,No,No,Yes,Yes,Two year,No,Bank transfer,79.83,4192.73,No
CUST05235,Male,0,No,No,1,Yes,No,No internet service,No internet service,No internet service,No internet service,No internet service,Month-to-month,Yes,Credit card,90.78,26.5,Yes
CUST05236,Female,0,No,No,8,Yes,Fiber optic,No,No,Yes,No,Yes,Two year,No,Credit card,49.63,381.92,No
CUST05237,Female,0,No,No,67,Yes,DSL,Yes,No,Yes,No,Yes,Month-to-month,Yes,Electronic check,86.09,5901.21,Yes
CUST05238,Female,0,Yes,No,71,No,Fiber optic,Yes,Yes,Yes,No,No,Month-to-month,No,Credit card,85.92,6203.33,Yes
CUST05239,Female,0,No,No,5,Yes,DSL,No,No,Yes,Yes,No,Month-to-month,No,Credit card,82.67,415.31,Yes
CUST05240,Female,0,No,No,10,Yes,DSL,No,No,No,No,No,One year,No,Credit card,91.0,800.66,Yes
CUST05241,Male,0,No,No,24,Yes,DSL,No,No,No,No,No,Month-to-month,Yes,Credit card,79.39,1931.12,No
CUST05242,Female,0,No,No,42,Yes,Fiber optic,No,No,No,Yes,No,Two year,No,Electronic check,107.32,4465.12,No
CUST05243,Female,0,Yes,No,13,No,DSL,Yes,No,No,Yes,Yes,Month-to-month,No,Mailed check,89.59,1087.46,No
CUST05244,Female,0,Yes,No,71,Yes,No,No internet service,No internet service,No internet service,No internet service,No internet service,One year,No,Bank transfer,42.64,3078.53,No
CUST05245,Male,0,Yes,No,36,Yes,Fiber optic,No,No,Yes,Yes,No,Month-to-month,No,Mailed check,120.0,4217.54,Yes
CUST05246,Male,1,No,No,39,Yes,DSL,Yes,Yes,Yes,Yes,Yes,Month-to-month,Yes,Bank transfer,49.98,1957.53,No
CUST05247,Female,0,No,No,14,Yes,Fiber optic,No,Yes,No,No,Yes,Month-to-month,Yes,Bank transfer,73.6,1066.12,Yes
CUST05248,Female,0,Yes,No,22,Yes,Fiber optic,Yes,No,No,Yes,Yes,Month-to-month,Yes,Credit card,137.8,3084.32,No
CUST05249,Female,0,No,Yes,53,Yes,Fiber optic,No,No,Yes,Yes,Yes,Month-to-month,No,Electronic check,86.24,4468.11,No
CUST05250,Female,1,Yes,No,46,Yes,Fiber optic,No,Yes,No,No,Yes,Month-to-month,Yes,Bank transfer,53.44,2591.99,Yes
CUST05251,Male,0,No,No,16,Yes,Fiber optic,No,No,Yes,Yes,Yes,Month-to-month,No,Credit card,82.42,1340.05,Yes
CUST05252,Male,0,No,No,32,No,DSL,No,No,Yes,Yes,Yes,Month-to-month,Yes,Credit card,87.06,2783.77,Yes
CUST05253,Female,0,Yes,No,13,Yes,Fiber optic,No,Yes,No,Yes,No,Month-to-month,No,Electronic check,79.03,919.16,Yes
CUST05254,Female,0,Yes,No,29,Yes,DSL,Yes,Yes,Yes,Yes,No,Two year,Yes,Mailed check,61.33,1710.45,No
CUST05255,Male,0,No,No,15,Yes,No,No internet service,No internet service,No internet service,No internet service,No internet service,Month-to-month,Yes,Bank transfer,42.0,599.13,Yes
CUST05256,Male,0,No,Yes,71,Yes,Fiber optic,No,No,No,Yes,No,Month-to-month,Yes,Bank transfer,44.88,3181.89,No
CUST05257,Male,1,Yes,No,21,Yes,Fiber optic,No,No,Yes,No,Yes,Month-to-month,No,Credit card,54.52,1170.06,Yes
CUST05258,Male,0,No,No,34,Yes,Fiber optic,No,No,Yes,No,No,One year,Yes,Credit card,106.37,3585.93,No
CUST05259,Female,0,No,No,46,Yes,DSL,No,No,Yes,Yes,No,Month-to-month,No,Credit card,43.53,2115.83,No
CUST05260,Male,0,Yes,No,2,Yes,DSL,Yes,Yes,No,No,No,Month-to-month,Yes,Electronic check,77.89,123.08,Yes
CUST05261,Female,1,No,No,15,Yes,DSL,Yes,Yes,Yes,No,No,Two year,No,Bank transfer,108.96,1647.47,No
CUST05262,Male,0,Yes,No,72,Yes,Fiber optic,Yes,No,Yes,No,Yes,Two year,Yes,Electronic check,90.27,6587.98,No
CUST05263,Female,0,No,No,50,Yes,Fiber optic,No,Yes,Yes,No,No,Month-to-month,Yes,Electronic check,109.53,5430.15,Yes
CUST05264,Male,0,No,No,17,Yes,DSL,Yes,Yes,No,Yes,No,One year,No,Mailed check,59.34,897.01,No
CUST05265,Female,0,Yes,No,31,No,Fiber optic,Yes,Yes,No,No,No,Two year,No,Bank transfer,89.7,2745.12,No
CUST05266,Female,0,No,No,62,Yes,Fiber optic,Yes,No,Yes,Yes,No,Two year,Yes,Credit card,102.77,6442.33,No
CUST05267,Female,0,Yes,No,14,Yes,Fiber optic,No,Yes,No,Yes,Yes,Month-to-month,Yes,Bank transfer,97.53,1368.49,Yes
CUST05268,Female,0,No,No,21,No,DSL,Yes,No,Yes,No,No,Two year,No,Mailed check,96.25,2072.94,No
CUST05269,Female,1,No,Yes,17,Yes,No,No internet service,No internet service,No internet service,No internet service,No internet service,Month-to-month,No,Electronic check,44.13,642.8,Yes
CUST05270,Female,1,Yes,Yes,48,No,Fiber optic,Yes,Yes,No,No,No,One year,Yes,Mailed check,90.68,4221.14,No
CUST05271,Male,0,No,No,38,Yes,Fiber optic,Yes,Yes,No,No,Yes,Month-to-month,No,Bank transfer,86.19,3319.27,Yes
CUST05272,Male,0,Yes,No,36,Yes,Fiber optic,Yes,No,Yes,No,Yes,One year,Yes,Credit card,70.24,2554.29,No
CUST05273,Male,0,No,No,27,Yes,No,No internet service,No internet service,No internet service,No internet service,No internet service,Two year,Yes,Electronic check,58.88,1514.22,No
CUST05274,Male,0,No,No,23,Yes,Fiber optic,No,No,Yes,No,Yes,Month-to-month,Yes,Electronic check,85.26,1866.98,Yes
CUST05275,Female,0,No,No,37,Yes,DSL,Yes,Yes,Yes,Yes,No,Month-to-month,No,Bank transfer,49.32,1809.35,No
CUST05276,Male,0,No,Yes,58,Yes,DSL,Yes,No,Yes,No,No,One year,Yes,Credit card,63.22,3660.86,No
CUST05277,Male,0,No,Yes,59,Yes,DSL,No,No,Yes,No,No,Month-to-month,No,Electronic check,97.55,5655.61,No
CUST05278,Female,0,Yes,No,57,Yes,Fiber optic,No,No,Yes,No,No,One year,Yes,Credit card,100.05,5695.02,No
CUST05279,Male,0,Yes,Yes,3,Yes,Fiber optic,Yes,No,No,No,No,Two year,Yes,Credit card,86.05,139.85,Yes
CUST05280,Male,0,No,Yes,35,Yes,DSL,Yes,Yes,No,No,No,One year,Yes,Bank transfer,62.51,2134.65,No
CUST05281,Female,0,Yes,No,28,Yes,DSL,No,Yes,No,No,No,Two year,Yes,Bank transfer,46.21,,No
CUST05282,Female,0,Yes,No,68,Yes,Fiber optic,No,Yes,No,No,No,Month-to-month,Yes,Mailed check,54.51,3695.75,Yes
CUST05283,Female,0,Yes,No,30,Yes,Fiber optic,Yes,Yes,Yes,No,No,Month-to-month,No,Bank transfer,106.14,3130.81,No
CUST05284,Female,0,No,Yes,18,Yes,Fiber optic,Yes,No,No,Yes,Yes,Two year,Yes,Mailed check,78.86,1525.27,Yes
CUST05285,Female,0,No,No,18,Yes,Fiber optic,Yes,Yes,No,Yes,Yes,Month-to-month,No,Credit card,71.45,1308.31,Yes
CUST05286,Female,0,Yes,No,14,Yes,DSL,No,Yes,Yes,Yes,Yes,One year,No,Mailed check,78.09,986.09,No
CUST05287,Male,1,Yes,No,32,Yes,Fiber optic,No,Yes,No,No,No,Month-to-month,Yes,Bank transfer,91.11,2986.23,Yes
CUST05288,Female,1,No,No,19,No,Fiber optic,No,No,Yes,No,No,One year,No,Electronic check,48.34,900.46,Yes
CUST05289,Male,0,Yes,No,41,Yes,Fiber optic,No,Yes,Yes,Yes,No,Month-to-month,Yes,Bank transfer,61.84,2593.73,Yes
CUST05290,Male,1,No,Yes,16,Yes,Fiber optic,No,No,No,No,Yes,Two year,Yes,Bank transfer,90.15,1336.72,No
CUST05291,Female,0,No,Yes,42,Yes,No,No internet service,No internet service,No internet service,No internet service,No internet service,Month-to-month,No,Mailed check,79.99,3405.46,No
CUST05292,Female,1,No,No,44,Yes,DSL,Yes,No,No,Yes,Yes,Month-to-month,No,Electronic check,101.65,4634.39,Yes
CUST05293,Male,1,Yes,Yes,48,Yes,DSL,No,No,Yes,No,Yes,Month-to-month,Yes,Credit card,92.84,4500.85,No
CUST05294,Female,0,No,Yes,64,Yes,DSL,Yes,No,No,Yes,No,Month-to-month,Yes,Credit card,54.7,3451.18,No
CUST05295,Female,1,No,Yes,5,Yes,No,No internet service,No internet service,No internet service,No internet service,No internet service,Two year,No,Mailed check,18.0,179.81,No
CUST05296,Female,0,Yes,No,3,Yes,Fiber optic,Yes,No,No,Yes,Yes,Month-to-month,Yes,Bank transfer,79.11,180.45,No
CUST05297,Male,0,No,No,33,Yes,DSL,No,No,Yes,No,No,Month-to-month,No,Bank transfer,47.87,1616.2,No
CUST05298,Female,1,Yes,No,37,Yes,DSL,Yes,Yes,No,No,No,Month-to-month,Yes,Electronic check,86.69,3385.12,Yes
CUST05299,Male,0,No,No,55,Yes,DSL,Yes,Yes,No,Yes,No,Month-to-month,No,Electronic check,113.76,6208.4,No
CUST05300,Female,0,No,No,16,Yes,Fiber optic,Yes,Yes,Yes,Yes,Yes,Month-to-month,Yes,Bank transfer,48.26,811.03,Yes
CUST05301,Male,0,Yes,Yes,33,Yes,Fiber optic,Yes,Yes,Yes,No,Yes,One year,No,Bank transfer,90.16,3133.64,No
CUST05302,Female,0,Yes,No,44,Yes,Fiber optic,No,No,No,No,Yes,Two year,No,Mailed check,95.76,4290.11,No
CUST05303,Male,1,Yes,No,47,Yes,Fiber optic,No,No,No,Yes,Yes,Month-to-month,No,Bank transfer,82.64,3939.11,No
CUST05304,Male,1,Yes,No,39,Yes,No,No internet service,No internet service,No internet service,No internet service,No internet service,Two year,Yes,Electronic check,82.2,3046.6,No
CUST05305,Male,0,No,Yes,43,Yes,Fiber optic,No,No,No,No,Yes,Two year,Yes,Bank transfer,22.09,870.8,No
CUST05306,Female,1,Yes,No,11,Yes,No,No internet service,No internet service,No internet service,No internet service,No internet service,Two year,Yes,Mailed check,75.64,899.36,No
CUST05307,Male,0,No,No,33,Yes,Fiber optic,Yes,No,Yes,No,Yes,One year,No,Credit card,73.78,2407.92,No
CUST05308,Female,1,Yes,Yes,39,Yes,Fiber optic,Yes,Yes,No,Yes,Yes,Two year,Yes,Mailed check,100.24,3867.77,No
CUST05309,Male,0,No,No,5,Yes,Fiber optic,Yes,No,Yes,No,Yes,Month-to-month,Yes,Electronic check,98.0,582.09,Yes
CUST05310,Male,0,No,Yes,70,No,No,No internet service,No internet service,No internet service,No internet service,No internet service,One year,Yes,Bank transfer,61.24,4337.69,No
CUST05311,Female,0,No,Yes,46,Yes,Fiber optic,Yes,Yes,Yes,Yes,Yes,One year,No,Electronic check,26.5,1151.21,No
CUST05312,Female,0,No,Yes,52,No,Fiber optic,Yes,Yes,Yes,No,Yes,Month-to-month,No,Mailed check,34.1,1832.09,No
CUST05313,Male,0,No,No,39,Yes,Fiber optic,No,No,Yes,Yes,No,Month-to-month,Yes,Bank transfer,109.22,4180.57,Yes
CUST05314,Male,0,No,Yes,67,Yes,No,No internet service,No internet service,No internet service,No internet service,No internet service,Month-to-month,No,Electronic check,72.07,4699.35,No
CUST05315,Male,0,No,No,0,Yes,DSL,Yes,Yes,Yes,No,No,Month-to-month,Yes,Electronic check,37.83,23.08,Yes
CUST05316,Female,0,Yes,No,69,Yes,Fiber optic,Yes,No,Yes,No,No,Month-to-month,No,Credit card,40.94,2723.3,No
CUST05317,Female,0,Yes,No,15,Yes,DSL,Yes,No,No,Yes,Yes,Two year,No,Mailed check,79.77,1093.62,No
CUST05318,Male,0,Yes,No,64,Yes,No,No internet service,No internet service,No internet service,No internet service,No internet service,One year,Yes,Mailed check,77.02,4845.03,No
CUST05319,Female,0,No,Yes,4,Yes,No,No internet service,No internet service,No internet service,No internet service,No internet service,One year,Yes,Mailed check,115.4,471.97,No
CUST05320,Male,0,No,No,22,Yes,Fiber optic,Yes,Yes,Yes,No,Yes,One year,No,Mailed check,71.99,1643.74,No
CUST05321,Male,0,No,No,41,Yes,Fiber optic,No,Yes,Yes,Yes,Yes,Month-to-month,No,Credit card,83.65,3403.18,No
CUST05322,Female,0,No,No,48,Yes,Fiber optic,No,No,Yes,Yes,Yes,Month-to-month,No,Mailed check,72.95,3402.15,No
CUST05323,Female,0,Yes,Yes,1,Yes,Fiber optic,No,No,Yes,No,Yes,Month-to-month,Yes,Electronic check,94.47,1.18,Yes
CUST05324,Male,0,No,No,26,Yes,DSL,Yes,No,No,No,Yes,Two year,Yes,Credit card,118.0,2940.48,No
CUST05325,Female,0,Yes,No,61,Yes,No,No internet service,No internet service,No internet service,No internet service,No internet service,Two year,Yes,Electronic check,97.61,6008.27,No
CUST05326,Male,0,Yes,No,13,Yes,Fiber optic,Yes,No,No,No,Yes,One year,Yes,Bank transfer,123.28,1527.09,No
CUST05327,Female,0,No,No,69,Yes,DSL,No,Yes,Yes,No,Yes,Month-to-month,No,Mailed check,87.52,6053.58,No
CUST05328,Male,1,Yes,No,51,Yes,Fiber optic,No,Yes,Yes,Yes,Yes,Two year,No,Electronic check,34.35,1603.88,No
CUST05329,Male,0,No,No,71,Yes,DSL,No,No,Yes,No,Yes,Month-to-month,Yes,Electronic check,53.4,3889.54,Yes
CUST05330,Male,0,No,Yes,65,Yes,Fiber optic,No,Yes,No,No,No,Month-to-month,Yes,Mailed check,94.52,6139.23,Yes
CUST05331,Female,0,No,No,16,Yes,Fiber optic,No,Yes,Yes,Yes,No,One year,Yes,Electronic check,67.97,958.4,No
CUST05332,Female,0,Yes,Yes,68,Yes,Fiber optic,Yes,Yes,No,Yes,Yes,Month-to-month,Yes,Credit card,74.05,4983.38,Yes
CUST05333,Male,0,Yes,Yes,36,Yes,DSL,Yes,No,Yes,Yes,Yes,Two year,No,Credit card,53.75,1945.94,No
CUST05334,Female,0,Yes,Yes,18,Yes,Fiber optic,Yes,No,No,No,Yes,Two year,No,Electronic check,110.11,1907.47,No
CUST05335,Female,1,No,Yes,65,Yes,Fiber optic,No,Yes,Yes,No,Yes,Two year,No,Mailed check,112.29,7324.22,No
CUST05336,Male,1,Yes,No,34,Yes,Fiber optic,No,Yes,No,No,No,One year,Yes,Electronic check,68.28,2420.07,No
CUST05337,Female,0,Yes,No,50,Yes,Fiber optic,No,Yes,No,Yes,No,Two year,No,Electronic check,68.52,3495.4,No
CUST05338,Female,0,No,No,44,Yes,Fiber optic,,Yes,No,No,Yes,One year,No,Bank transfer,105.89,4653.41,Yes
CUST05339,Male,0,No,No,21,Yes,Fiber optic,No,Yes,Yes,No,No,Month-to-month,No,Mailed check,100.15,2213.63,Yes
CUST05340,Male,0,No,No,71,Yes,DSL,No,No,No,Yes,No,One year,No,Bank transfer,33.23,2371.12,No
CUST05341,Male,1,Yes,No,60,Yes,DSL,No,Yes,Yes,No,No,Two year,No,Mailed check,90.99,5445.41,No
CUST05342,Female,0,No,No,38,Yes,Fiber optic,No,No,No,Yes,Yes,Month-to-month,Yes,Electronic check,86.39,3270.95,Yes
CUST05343,Female,0,Yes,No,41,Yes,No,No internet service,No internet service,No internet service,No internet service,No internet service,One year,Yes,Credit card,78.67,3228.59,No
CUST05344,Male,0,Yes,No,5,Yes,DSL,Yes,No,No,No,Yes,Month-to-month,Yes,Bank transfer,52.06,291.16,No
CUST05345,Male,0,Yes,No,53,Yes,Fiber optic,Yes,Yes,No,No,Yes,One year,No,Credit card,52.6,2712.29,No
CUST05346,Male,0,No,No,66,Yes,Fiber optic,No,No,Yes,Yes,Yes,One year,Yes,Electronic check,18.0,1274.69,No
CUST05347,Male,0,No,No,70,Yes,Fiber optic,Yes,No,No,No,Yes,Month-to-month,Yes,Electronic check,57.59,4131.12,Yes
CUST05348,Male,0,Yes,No,40,Yes,DSL,Yes,Yes,No,No,Yes,One year,Yes,Mailed check,24.73,1182.93,No
CUST05349,Male,0,No,No,72,Yes,Fiber optic,Yes,Yes,Yes,No,Yes,Month-to-month,No,Credit card,60.48,4213.31,No
CUST05350,Female,1,No,Yes,58,Yes,Fiber optic,Yes,Yes,Yes,No,No,Month-to-month,Yes,Credit card,84.05,4873.71,No
CUST05351,Male,0,Yes,No,36,Yes,DSL,No,No,Yes,No,No,One year,Yes,Bank transfer,44.81,1545.14,No
CUST05352,Female,0,No,No,58,Yes,No,No internet service,No internet service,No internet service,No internet service,No internet service,Month-to-month,Yes,Electronic check,107.3,6271.42,Yes
CUST05353,Male,0,Yes,No,11,Yes,No,No internet service,No internet service,No internet service,No internet service,No internet service,Two year,Yes,Credit card,122.9,1445.93,No
CUST05354,Male,0,Yes,Yes,49,Yes,DSL,No,Yes,No,Yes,Yes,Two year,No,Bank transfer,79.92,3915.57,No
CUST05355,Female,1,No,No,45,Yes,DSL,Yes,No,No,Yes,No,Month-to-month,No,Credit card,89.21,3986.37,Yes
CUST05356,Female,0,Yes,Yes,36,Yes,Fiber optic,Yes,Yes,Yes,No,Yes,Month-to-month,No,Mailed check,33.54,1165.48,Yes
CUST05357,Female,0,No,No,47,No,No,No internet service,No internet service,No internet service,No internet service,No internet service,Month-to-month,Yes,Credit card,78.59,3675.13,No
CUST05358,Female,0,Yes,No,62,Yes,No,No internet service,No internet service,No internet service,No internet service,No internet service,Two year,No,Credit card,38.87,2436.95,No
CUST05359,Male,0,No,No,41,Yes,No,No internet service,No internet service,No internet service,No internet service,No internet service,Month-to-month,Yes,Mailed check,30.9,1293.4,No
CUST05360,Male,1,No,No,27,Yes,Fiber optic,No,Yes,Yes,No,No,Month-to-month,No,Bank transfer,42.35,1260.2,Yes
CUST05361,Female,0,No,Yes,30,Yes,No,No internet service,No internet service,No internet service,No internet service,No internet service,Month-to-month,Yes,Credit card,70.14,2088.57,Yes
CUST05362,Female,0,No,No,41,Yes,Fiber optic,No,No,Yes,No,Yes,One year,Yes,Mailed check,72.98,3062.6,No
CUST05363,Female,0,No,Yes,42,Yes,DSL,No,Yes,No,No,No,One year,Yes,Bank transfer,72.18,2958.15,No
CUST05364,Female,0,Yes,No,22,Yes,Fiber optic,Yes,No,Yes,Yes,No,Month-to-month,Yes,Mailed check,44.91,884.6,Yes
CUST05365,Male,0,Yes,No,38,Yes,Fiber optic,No,Yes,Yes,No,No,Month-to-month,No,Bank transfer,76.65,2991.33,No
CUST05366,Male,0,No,Yes,20,Yes,No,No internet service,No internet service,No internet service,No internet service,No internet service,Two year,No,Bank transfer,56.62,1163.84,No
CUST05367,Male,0,No,No,68,No,Fiber optic,Yes,Yes,Yes,No,Yes,Month-to-month,No,Electronic check,77.22,5207.75,Yes
CUST05368,Female,0,Yes,No,39,Yes,No,No internet service,No internet service,No internet service,No internet service,No internet service,Month-to-month,No,Credit card,,2581.36,No
CUST05369,Female,0,No,Yes,61,No,Fiber optic,No,No,Yes,No,No,Month-to-month,Yes,Mailed check,28.93,1725.86,No
CUST05370,Male,0,Yes,No,27,Yes,DSL,Yes,Yes,Yes,Yes,No,Month-to-month,Yes,Bank transfer,57.02,1556.18,No
CUST05371,Female,0,Yes,Yes,28,Yes,Fiber optic,Yes,Yes,Yes,No,No,Month-to-month,No,Credit card,87.61,2464.92,Yes
CUST05372,Female,0,No,Yes,21,Yes,Fiber optic,Yes,Yes,Yes,Yes,No,One year,Yes,Bank transfer,94.97,1877.99,Yes
CUST05373,Male,0,No,No,41,Yes,DSL,No,No,Yes,Yes,Yes,One year,Yes,Electronic check,43.2,1668.96,No
CUST05374,Male,0,No,No,44,Yes,Fiber optic,,No,Yes,Yes,No,Two year,Yes,Credit card,54.9,2426.03,No
CUST05375,Female,0,Yes,No,41,Yes,No,No internet service,No internet service,No internet service,No internet service,No internet service,Month-to-month,No,Bank transfer,62.82,2621.96,No
CUST05376,Female,0,Yes,No,61,Yes,No,No internet service,No internet service,No internet service,No internet service,No internet service,Month-to-month,No,Electronic check,103.29,6237.19,No
CUST05377,Male,0,No,No,37,Yes,Fiber optic,Yes,Yes,No,Yes,No,One year,Yes,Bank transfer,85.73,3058.0,No
CUST05378,Male,0,Yes,No,59,No,Fiber optic,Yes,No,Yes,No,No,Month-to-month,No,Mailed check,42.0,2480.33,No
CUST05379,Male,0,No,Yes,4,Yes,No,No internet service,No internet service,No internet service,No internet service,No internet service,Month-to-month,No,Bank transfer,86.3,168.57,Yes
CUST05380,Female,1,Yes,Yes,26,Yes,DSL,No,Yes,Yes,No,No,Month-to-month,No,Credit card,105.72,2717.49,No
CUST05381,Male,0,Yes,No,52,Yes,Fiber optic,Yes,No,No,No,No,Month-to-month,Yes,Mailed check,79.41,4176.81,Yes
CUST05382,Female,0,Yes,No,27,Yes,Fiber optic,Yes,Yes,No,No,No,Month-to-month,No,Credit card,54.62,1455.01,Yes
CUST05383,Male,1,Yes,No,53,Yes,No,No internet service,No internet service,No internet service,No internet service,No internet service,Month-to-month,Yes,Credit card,95.2,4920.17,Yes
CUST05384,Male,0,Yes,Yes,43,Yes,DSL,,No,No,No,No,Month-to-month,Yes,Electronic check,78.62,3501.14,Yes
CUST05385,Male,0,No,No,35,Yes,No,No internet service,No internet service,No internet service,No internet service,No internet service,Two year,No,Mailed check,67.76,2372.05,No
CUST05386,Female,0,No,Yes,40,Yes,Fiber optic,No,Yes,Yes,Yes,No,Month-to-month,No,Mailed check,96.33,3869.86,Yes
CUST05387,Male,0,Yes,No,65,Yes,DSL,Yes,No,No,No,Yes,Month-to-month,Yes,Mailed check,73.9,4873.74,No
CUST05388,Female,0,No,No,49,Yes,Fiber optic,No,Yes,No,Yes,Yes,One year,Yes,Electronic check,76.02,3710.45,No
CUST05389,Male,0,Yes,Yes,71,Yes,DSL,Yes,Yes,Yes,No,Yes,Two year,Yes,Bank transfer,95.5,6758.46,No
CUST05390,Female,0,Yes,No,6,Yes,Fiber optic,No,Yes,Yes,Yes,Yes,Month-to-month,Yes,Bank transfer,61.48,,Yes
CUST05391,Male,0,No,No,59,Yes,Fiber optic,Yes,No,No,No,Yes,One year,No,Bank transfer,45.09,2594.84,No
CUST05392,Male,0,No,No,65,Yes,Fiber optic,Yes,Yes,Yes,Yes,No,Month-to-month,Yes,Bank transfer,82.13,5411.62,No
CUST05393,Female,0,No,No,67,Yes,Fiber optic,Yes,No,No,Yes,Yes,Month-to-month,Yes,Electronic check,112.92,7475.2,Yes
CUST05394,Female,0,Yes,Yes,39,Yes,No,No internet service,No internet service,No internet service,No internet service,No internet service,Two year,No,Bank transfer,18.0,643.72,Yes
CUST05395,Female,0,Yes,Yes,35,Yes,Fiber optic,Yes,No,Yes,No,No,One year,No,Bank transfer,92.33,3254.85,No
CUST05396,Male,0,No,Yes,42,Yes,No,No internet service,No internet service,No internet service,No internet service,No internet service,One year,No,Credit card,74.87,3258.81,Yes
CUST05397,Female,1,No,Yes,66,Yes,No,No internet service,No internet service,No internet service,No internet service,No internet service,Month-to-month,Yes,Credit card,60.65,4014.69,No
CUST05398,Male,0,No,No,63,Yes,Fiber optic,Yes,No,Yes,No,No,One year,No,Electronic check,57.84,3531.91,No
CUST05399,Female,0,No,No,68,Yes,DSL,Yes,No,Yes,Yes,No,Month-to-month,Yes,Bank transfer,96.57,6623.65,Yes
CUST05400,Female,0,Yes,No,70,Yes,No,No internet service,No internet service,No internet service,No internet service,No internet service,Month-to-month,Yes,Credit card,91.0,6306.46,Yes
CUST05401,Female,0,No,No,45,Yes,No,No internet service,No internet service,No internet service,No internet service,No internet service,One year,Yes,Bank transfer,48.07,2213.79,No
CUST05402,Female,0,No,No,18,Yes,No,No internet service,No internet service,No internet service,No internet service,No internet service,One year,No,Mailed check,81.62,1492.16,No
CUST05403,Female,0,Yes,Yes,11,Yes,DSL,Yes,No,No,Yes,Yes,One year,Yes,Bank transfer,108.31,1071.31,Yes
CUST05404,Female,0,Yes,Yes,65,No,No,No internet service,No internet service,No internet service,No internet service,No internet service,Month-to-month,No,Electronic check,91.44,5972.42,No
CUST05405,Male,0,No,No,11,Yes,DSL,Yes,No,Yes,Yes,No,One year,No,Mailed check,32.3,256.51,No
CUST05406,Male,1,Yes,No,5,Yes,Fiber optic,Yes,Yes,No,Yes,No,Two year,No,Credit card,90.15,558.92,Yes
CUST05407,Female,0,No,Yes,34,Yes,Fiber optic,Yes,No,Yes,Yes,No,Two year,Yes,Mailed check,42.81,1329.73,No
CUST05408,Female,0,No,No,54,Yes,Fiber optic,Yes,Yes,Yes,No,No,Month-to-month,Yes,Credit card,79.45,4277.55,Yes
CUST05409,Female,0,Yes,Yes,53,Yes,DSL,Yes,No,No,Yes,Yes,Month-to-month,Yes,Credit card,55.31,2855.74,No
CUST05410,Female,0,No,No,18,Yes,Fiber optic,No,No,Yes,Yes,No,Month-to-month,Yes,Credit card,84.06,1625.95,Yes
CUST05411,Male,0,No,No,36,Yes,DSL,Yes,Yes,Yes,Yes,Yes,Month-to-month,Yes,Electronic check,57.26,1937.46,Yes
CUST05412,Male,1,Yes,Yes,65,Yes,Fiber optic,Yes,Yes,No,Yes,No,Two year,No,Credit card,47.84,3296.04,No
CUST05413,Female,0,No,No,58,Yes,DSL,No,Yes,Yes,No,No,Month-to-month,No,Electronic check,81.87,4719.56,No
CUST05414,Female,1,Yes,No,66,Yes,Fiber optic,No,Yes,No,No,No,Month-to-month,No,Mailed check,76.88,5028.94,No
CUST05415,Male,0,No,No,56,Yes,Fiber optic,Yes,No,Yes,Yes,Yes,Month-to-month,Yes,Electronic check,94.54,5356.05,No
CUST05416,Male,0,Yes,No,6,Yes,No,No internet service,No internet service,No internet service,No internet service,No internet service,Two year,Yes,Mailed check,60.74,361.7,No
CUST05417,Male,0,Yes,No,14,Yes,Fiber optic,No,Yes,No,No,No,Month-to-month,Yes,Bank transfer,36.15,438.09,Yes
CUST05418,Male,1,No,Yes,12,Yes,Fiber optic,Yes,Yes,No,Yes,No,Two year,No,Mailed check,90.9,1029.68,No
CUST05419,Female,0,Yes,Yes,9,Yes,No,No internet service,No internet service,No internet service,No internet service,No internet service,Two year,Yes,Electronic check,110.17,951.76,No
CUST05420,Female,0,Yes,No,62,Yes,No,No internet service,No internet service,No internet service,No internet service,No internet service,Month-to-month,Yes,Electronic check,59.55,3636.66,Yes
CUST05421,Female,0,Yes,No,51,Yes,Fiber optic,Yes,Yes,No,Yes,No,Two year,Yes,Electronic check,86.15,4458.48,No
CUST05422,Female,0,No,Yes,66,Yes,Fiber optic,Yes,Yes,No,Yes,Yes,Month-to-month,No,Credit card,66.21,4376.74,No
CUST05423,Male,0,No,No,23,Yes,DSL,Yes,No,No,No,Yes,Month-to-month,Yes,Credit card,122.31,2850.15,No
CUST05424,Male,0,Yes,No,71,Yes,Fiber optic,Yes,Yes,No,No,No,Month-to-month,No,Bank transfer,60.85,4286.86,Yes
CUST05425,Male,0,Yes,Yes,67,Yes,No,No internet service,No internet service,No internet service,No internet service,No internet service,Two year,No,Credit card,72.85,4932.5,No
CUST05426,Male,0,Yes,Yes,7,Yes,No,No internet service,No internet service,No internet service,No internet service,No internet service,Month-to-month,No,Mailed check,23.45,108.64,Yes
CUST05427,Female,0,No,No,63,Yes,DSL,No,No,No,No,Yes,Month-to-month,Yes,Credit card,113.33,7066.11,No
CUST05428,Male,0,Yes,Yes,8,Yes,DSL,Yes,No,Yes,No,No,Month-to-month,No,Credit card,60.64,444.37,Yes
CUST05429,Male,0,No,No,32,Yes,No,No internet service,No internet service,No internet service,No internet service,No internet service,Month-to-month,Yes,Mailed check,106.46,3520.69,No
CUST05430,Female,0,No,No,13,No,No,No internet service,No internet service,No internet service,No internet service,No internet service,Month-to-month,Yes,Bank transfer,57.25,698.17,No
CUST05431,Female,0,No,Yes,42,Yes,Fiber optic,Yes,Yes,Yes,No,Yes,Month-to-month,Yes,Credit card,72.03,2982.79,No
CUST05432,Male,1,No,No,1,Yes,DSL,Yes,Yes,Yes,No,Yes,Month-to-month,No,Mailed check,54.47,71.95,Yes
CUST05433,Male,0,Yes,Yes,61,Yes,Fiber optic,Yes,No,No,No,No,Month-to-month,Yes,Electronic check,50.63,3077.98,Yes
CUST05434,Female,0,No,No,34,Yes,Fiber optic,Yes,No,No,No,Yes,One year,Yes,Credit card,66.67,2179.79,No
CUST05435,Female,0,Yes,Yes,63,Yes,Fiber optic,Yes,No,Yes,Yes,Yes,One year,No,Mailed check,70.54,4349.51,No
CUST05436,Female,0,No,No,31,Yes,DSL,No,No,Yes,Yes,No,Month-to-month,Yes,Bank transfer,64.88,2071.2,No
CUST05437,Male,0,Yes,No,40,No,DSL,Yes,No,Yes,Yes,No,Two year,Yes,Electronic check,35.95,1342.92,No
CUST05438,Male,0,Yes,No,53,Yes,Fiber optic,Yes,Yes,No,Yes,Yes,Month-to-month,No,Bank transfer,81.09,4368.52,Yes
CUST05439,Male,0,Yes,Yes,70,Yes,DSL,No,Yes,Yes,No,No,Month-to-month,No,Credit card,25.08,1718.23,No
CUST05440,Female,0,Yes,No,27,Yes,Fiber optic,No,No,No,No,No,Two year,Yes,Electronic check,65.55,1584.0,No
CUST05441,Female,0,No,No,38,Yes,DSL,No,No,No,No,Yes,One year,Yes,Mailed check,34.49,1362.38,No
CUST05442,Female,0,No,No,23,No,Fiber optic,No,Yes,Yes,No,No,One year,Yes,Bank transfer,96.51,2283.85,No
CUST05443,Female,0,Yes,No,3,Yes,No,No internet service,No internet service,No internet service,No internet service,No internet service,Month-to-month,Yes,Bank transfer,104.8,360.97,Yes
CUST05444,Female,0,No,No,63,Yes,Fiber optic,,No,No,No,No,Month-to-month,Yes,Mailed check,88.8,5557.1,No
CUST05445,Male,0,No,No,41,Yes,DSL,Yes,No,Yes,Yes,No,One year,Yes,Mailed check,62.09,2517.25,No
CUST05446,Male,0,Yes,No,27,Yes,Fiber optic,No,Yes,Yes,No,No,Two year,No,Bank transfer,55.46,1461.02,Yes
CUST05447,Female,1,Yes,No,56,Yes,DSL,Yes,Yes,No,Yes,Yes,One year,Yes,Mailed check,67.66,3731.28,No
CUST05448,Male,0,No,No,59,Yes,Fiber optic,No,Yes,Yes,Yes,Yes,Month-to-month,Yes,Electronic check,72.63,4307.62,No
CUST05449,Male,1,Yes,No,71,Yes,DSL,Yes,Yes,Yes,Yes,Yes,One year,Yes,Electronic check,86.07,6094.55,No
CUST05450,Male,0,No,No,31,Yes,No,No internet service,No internet service,No internet service,No internet service,No internet service,Month-to-month,Yes,Mailed check,83.95,2565.29,Yes
CUST05451,Male,0,Yes,Yes,7,Yes,DSL,No,Yes,Yes,Yes,Yes,Month-to-month,No,Bank transfer,23.04,104.32,Yes
CUST05452,Female,0,Yes,No,35,Yes,No,No internet service,No internet service,No internet service,No internet service,No internet service,Two year,No,Electronic check,90.55,3181.06,No
CUST05453,Female,0,No,No,32,Yes,Fiber optic,Yes,Yes,No,Yes,Yes,One year,No,Credit card,83.64,2777.89,No
CUST05454,Female,0,No,No,15,Yes,Fiber optic,Yes,No,No,Yes,No,One year,Yes,Credit card,54.45,826.27,No
CUST05455,Male,0,No,No,42,Yes,No,No internet service,No internet service,No internet service,No internet service,No internet service,Month-to-month,Yes,Electronic check,49.81,1983.62,No
CUST05456,Male,1,Yes,No,30,Yes,Fiber optic,Yes,No,Yes,Yes,Yes,Month-to-month,No,Mailed check,75.54,2264.24,Yes
CUST05457,Male,0,No,Yes,64,Yes,Fiber optic,No,Yes,No,No,No,Month-to-month,Yes,Mailed check,78.5,5062.5,No
CUST05458,Male,0,No,No,3,Yes,No,No internet service,No internet service,No internet service,No internet service,No internet service,Month-to-month,Yes,Electronic check,46.45,196.13,Yes
CUST05459,Female,0,No,No,52,Yes,DSL,No,No,No,No,Yes,One year,No,Bank transfer,75.46,3965.19,Yes
CUST05460,Female,0,No,Yes,43,Yes,DSL,No,No,No,No,Yes,One year,Yes,Bank transfer,78.61,3390.93,No
CUST05461,Female,0,No,Yes,16,Yes,No,No internet service,No internet service,No internet service,No internet service,No internet service,One year,Yes,Bank transfer,95.45,1744.07,No
CUST05462,Male,0,No,No,25,Yes,DSL,No,No,Yes,No,Yes,One year,Yes,Credit card,71.22,1685.26,No
CUST05463,Female,0,No,No,62,No,No,No internet service,No internet service,No internet service,No internet service,No internet service,Month-to-month,Yes,Bank transfer,23.3,1563.78,No
CUST05464,Male,0,No,No,26,Yes,DSL,Yes,No,No,Yes,Yes,Month-to-month,Yes,Credit card,80.3,2132.08,No
CUST05465,Male,0,No,No,48,Yes,Fiber optic,Yes,Yes,Yes,No,Yes,One year,Yes,Credit card,31.73,1706.55,Yes
CUST05466,Female,1,No,No,37,Yes,Fiber optic,No,No,No,Yes,No,Month-to-month,No,Credit card,52.75,1835.86,No
CUST05467,Male,0,No,Yes,65,Yes,Fiber optic,No,No,No,No,Yes,Month-to-month,Yes,Bank transfer,40.23,2737.9,No
CUST05468,Male,0,Yes,No,48,Yes,No,No internet service,No internet service,No internet service,No internet service,No internet service,Two year,Yes,Credit card,86.35,4275.84,No
CUST05469,Female,1,Yes,No,60,Yes,DSL,Yes,No,No,No,Yes,Month-to-month,Yes,Mailed check,46.85,2798.42,No
CUST05470,Male,0,Yes,No,65,Yes,Fiber optic,No,Yes,No,Yes,No,Two year,Yes,Credit card,98.98,6365.68,No
CUST05471,Female,0,No,No,9,Yes,DSL,No,Yes,No,Yes,No,Two year,Yes,Bank transfer,45.05,575.29,No
CUST05472,Male,0,Yes,Yes,60,Yes,DSL,Yes,Yes,No,Yes,No,One year,No,Mailed check,23.66,1353.67,No
CUST05473,Female,0,Yes,No,70,Yes,DSL,Yes,Yes,No,No,Yes,Month-to-month,Yes,Electronic check,65.3,4654.73,No
CUST05474,Male,1,No,No,2,Yes,Fiber optic,No,No,No,Yes,Yes,One year,No,Mailed check,40.8,201.22,No
CUST05475,Male,0,Yes,No,33,Yes,Fiber optic,No,No,Yes,Yes,Yes,Month-to-month,No,Mailed check,106.91,3515.18,No
CUST05476,Female,0,No,Yes,18,Yes,DSL,Yes,Yes,Yes,Yes,No,Two year,Yes,Electronic check,57.01,1012.79,No
CUST05477,Male,1,No,Yes,71,Yes,No,No internet service,No internet service,No internet service,No internet service,No internet service,Month-to-month,Yes,Bank transfer,102.86,7444.29,No
CUST05478,Female,0,Yes,No,25,Yes,Fiber optic,No,Yes,Yes,No,Yes,Month-to-month,Yes,Credit card,66.35,1634.17,Yes
CUST05479,Male,1,Yes,No,13,Yes,No,No internet service,No internet service,No internet service,No internet service,No internet service,One year,No,Mailed check,82.9,1033.1,No
CUST05480,Female,0,No,No,6,No,DSL,Yes,No,No,No,Yes,Month-to-month,No,Credit card,60.77,148.72,No
CUST05481,Female,0,No,No,57,Yes,Fiber optic,No,No,Yes,Yes,No,Month-to-month,No,Mailed check,133.43,7695.24,Yes
CUST05482,Male,0,Yes,Yes,4,Yes,DSL,Yes,Yes,Yes,Yes,No,One year,No,Mailed check,45.28,151.24,No
CUST05483,Male,0,Yes,No,22,Yes,Fiber optic,Yes,Yes,No,No,Yes,Month-to-month,No,Credit card,18.0,458.63,Yes
CUST05484,Female,0,No,No,40,Yes,No,No internet service,No internet service,No internet service,No internet service,No internet service,Month-to-month,Yes,Bank transfer,80.5,3208.23,No
CUST05485,Female,0,No,Yes,3,Yes,Fiber optic,Yes,Yes,Yes,Yes,No,Month-to-month,No,Bank transfer,48.38,251.98,No
CUST05486,Male,0,No,No,12,Yes,Fiber optic,No,No,Yes,No,No,Month-to-month,Yes,Electronic check,79.11,1059.33,Yes
CUST05487,Male,0,Yes,Yes,72,Yes,Fiber optic,No,Yes,No,No,Yes,Month-to-month,Yes,Bank transfer,72.27,5123.8,No
CUST05488,Female,0,No,No,33,Yes,Fiber optic,No,Yes,Yes,Yes,No,Month-to-month,No,Credit card,60.76,1967.96,Yes
CUST05489,Female,0,No,No,22,Yes,DSL,No,No,No,Yes,No,Month-to-month,No,Electronic check,63.83,1450.75,No
CUST05490,Male,0,Yes,Yes,63,Yes,Fiber optic,Yes,No,No,Yes,No,Month-to-month,Yes,Electronic check,84.23,5419.07,No
CUST05491,Male,1,No,No,5,Yes,No,No internet service,No internet service,No internet service,No internet service,No internet service,Month-to-month,Yes,Credit card,64.97,333.89,Yes
CUST05492,Female,0,No,No,19,Yes,DSL,No,Yes,Yes,No,Yes,Month-to-month,Yes,Bank transfer,70.18,1350.56,No
CUST05493,Male,1,No,Yes,62,Yes,Fiber optic,Yes,Yes,Yes,No,No,Month-to-month,Yes,Electronic check,61.55,3843.98,Yes
CUST05494,Male,1,No,No,54,Yes,No,No internet service,No internet service,No internet service,No internet service,No internet service,Month-to-month,Yes,Bank transfer,114.71,6124.28,Yes
CUST05495,Female,0,Yes,No,31,Yes,Fiber optic,Yes,No,Yes,Yes,No,Month-to-month,Yes,Electronic check,106.74,3272.66,No
CUST05496,Male,0,No,No,71,Yes,Fiber optic,No,No,No,Yes,Yes,One year,Yes,Mailed check,37.19,2625.67,Yes
CUST05497,Female,0,Yes,Yes,42,Yes,DSL,Yes,No,Yes,Yes,Yes,Month-to-month,Yes,Electronic check,74.06,3190.59,No
CUST05498,Male,0,No,No,54,Yes,DSL,Yes,No,No,Yes,Yes,Month-to-month,Yes,Credit card,53.64,3040.15,Yes
CUST05499,Female,0,Yes,Yes,71,Yes,Fiber optic,No,No,No,No,No,Two year,No,Mailed check,42.87,2970.96,No
CUST05500,Male,1,Yes,Yes,36,Yes,Fiber optic,No,Yes,No,Yes,No,Two year,No,Mailed check,18.0,705.73,No
CUST05501,Female,1,No,Yes,35,Yes,DSL,Yes,Yes,Yes,No,Yes,Two year,Yes,Electronic check,65.86,2322.57,No
CUST05502,Male,0,Yes,Yes,48,No,Fiber optic,No,No,Yes,No,Yes,One year,No,Bank transfer,67.78,3213.3,No
CUST05503,Male,0,No,No,4,Yes,Fiber optic,Yes,Yes,No,Yes,Yes,Month-to-month,Yes,Bank transfer,107.9,354.82,Yes
CUST05504,Female,0,Yes,No,31,Yes,DSL,No,No,No,Yes,No,Two year,Yes,Electronic check,100.19,3124.18,No
CUST05505,Female,0,Yes,No,50,No,Fiber optic,Yes,Yes,No,Yes,Yes,One year,No,Credit card,86.3,4268.2,No
CUST05506,Female,0,Yes,No,27,Yes,Fiber optic,No,Yes,Yes,Yes,Yes,Two year,Yes,Mailed check,92.45,2525.99,No
CUST05507,Male,0,Yes,Yes,51,Yes,Fiber optic,No,No,Yes,Yes,Yes,Month-to-month,Yes,Mailed check,95.29,4779.62,No
CUST05508,Male,0,Yes,No,29,Yes,Fiber optic,Yes,No,Yes,No,No,Month-to-month,No,Electronic check,86.19,2411.2,No
CUST05509,Female,0,Yes,No,14,Yes,Fiber optic,Yes,Yes,No,Yes,Yes,Month-to-month,Yes,Electronic check,108.62,1606.7,Yes
CUST05510,Female,1,No,Yes,10,Yes,Fiber optic,Yes,No,No,Yes,No,Month-to-month,No,Bank transfer,42.26,438.23,Yes
CUST05511,Male,0,No,No,39,Yes,Fiber optic,No,Yes,No,No,No,One year,No,Electronic check,61.81,2424.36,Yes
CUST05512,Female,1,Yes,Yes,14,Yes,Fiber optic,No,Yes,Yes,No,Yes,Two year,Yes,Bank transfer,58.28,775.44,Yes
CUST05513,Female,0,Yes,No,26,Yes,Fiber optic,No,No,Yes,Yes,No,Month-to-month,No,Credit card,60.21,1626.12,No
CUST05514,Female,0,Yes,No,37,Yes,DSL,Yes,Yes,Yes,No,Yes,Month-to-month,No,Electronic check,70.21,2583.16,Yes
CUST05515,Female,1,Yes,Yes,3,Yes,Fiber optic,No,Yes,No,No,No,Month-to-month,No,Mailed check,114.81,406.68,No
CUST05516,Female,0,Yes,No,30,Yes,DSL,No,Yes,Yes,No,Yes,Month-to-month,Yes,Credit card,96.38,2855.12,Yes
CUST05517,Female,0,No,No,22,Yes,DSL,Yes,Yes,No,No,No,Two year,Yes,Mailed check,104.58,2215.77,No
CUST05518,Female,0,No,Yes,22,Yes,DSL,Yes,Yes,Yes,Yes,Yes,Month-to-month,Yes,Mailed check,72.05,1526.96,No
CUST05519,Female,0,No,No,66,Yes,No,No internet service,No internet service,No internet service,No internet service,No internet service,Month-to-month,Yes,Credit card,70.92,4714.59,No
CUST05520,Female,0,No,No,67,Yes,Fiber optic,Yes,No,Yes,No,No,Month-to-month,Yes,Bank transfer,88.46,5847.76,No
CUST05521,Male,0,No,Yes,21,Yes,No,No internet service,No internet service,No internet service,No internet service,No internet service,Month-to-month,Yes,Bank transfer,84.8,1925.74,No
CUST05522,Female,0,Yes,Yes,64,Yes,Fiber optic,No,Yes,Yes,Yes,Yes,One year,Yes,Credit card,84.79,5317.69,No
CUST05523,Female,0,Yes,No,16,Yes,No,No internet service,No internet service,No internet service,No internet service,No internet service,Month-to-month,Yes,Bank transfer,131.96,2099.39,Yes
CUST05524,Female,0,No,No,25,Yes,Fiber optic,No,Yes,No,Yes,No,Two year,Yes,Credit card,88.65,2311.53,No
CUST05525,Female,0,Yes,No,68,Yes,Fiber optic,No,No,No,Yes,No,One year,Yes,Bank transfer,54.32,3716.61,No
CUST05526,Male,0,Yes,No,7,Yes,DSL,Yes,Yes,No,No,Yes,Month-to-month,Yes,Bank transfer,56.4,366.58,Yes
CUST05527,Female,1,No,No,27,Yes,Fiber optic,No,Yes,No,Yes,No,Month-to-month,Yes,Bank transfer,95.05,2658.39,Yes
CUST05528,Male,0,Yes,No,58,Yes,Fiber optic,Yes,No,No,No,Yes,Month-to-month,Yes,Electronic check,93.09,5324.93,No
CUST05529,Male,0,Yes,No,68,Yes,DSL,No,Yes,No,Yes,Yes,Month-to-month,Yes,Electronic check,98.47,6672.89,Yes
CUST05530,Male,0,No,Yes,69,No,DSL,No,Yes,Yes,Yes,Yes,Month-to-month,Yes,Bank transfer,87.02,5875.0,Yes
CUST05531,Female,1,Yes,Yes,64,Yes,Fiber optic,No,Yes,No,Yes,Yes,Month-to-month,Yes,Bank transfer,48.0,3142.71,Yes
CUST05532,Female,0,Yes,Yes,70,Yes,DSL,No,No,Yes,No,Yes,Month-to-month,Yes,Credit card,112.42,7914.21,No
CUST05533,Female,0,Yes,No,34,Yes,Fiber optic,Yes,No,No,No,No,Month-to-month,No,Credit card,107.57,3702.39,Yes
CUST05534,Male,1,Yes,No,23,Yes,Fiber optic,No,No,Yes,No,Yes,One year,No,Bank transfer,64.36,1490.7,No
CUST05535,Male,0,No,No,28,Yes,No,No internet service,No internet service,No internet service,No internet service,No internet service,One year,Yes,Electronic check,83.16,2334.98,No
CUST05536,Female,1,No,No,8,Yes,Fiber optic,No,Yes,Yes,No,No,Month-to-month,No,Bank transfer,78.65,637.85,No
CUST05537,Male,0,Yes,No,10,Yes,Fiber optic,No,No,Yes,Yes,Yes,Month-to-month,No,Bank transfer,64.71,671.49,Yes
CUST05538,Female,0,Yes,Yes,71,Yes,Fiber optic,Yes,Yes,Yes,Yes,Yes,Two year,No,Credit card,45.02,3206.84,No
CUST05539,Female,1,Yes,No,13,Yes,Fiber optic,No,No,No,Yes,No,Month-to-month,Yes,Bank transfer,88.36,1074.16,No
CUST05540,Female,1,No,No,44,Yes,DSL,No,No,No,Yes,No,Month-to-month,Yes,Bank transfer,36.7,1434.14,No
CUST05541,Male,0,Yes,No,16,Yes,Fiber optic,Yes,Yes,No,No,Yes,Month-to-month,No,Electronic check,59.12,1112.96,Yes
CUST05542,Male,0,Yes,No,48,Yes,DSL,Yes,Yes,No,No,Yes,Month-to-month,Yes,Credit card,116.8,5554.53,Yes
CUST05543,Male,0,No,Yes,34,Yes,Fiber optic,No,Yes,No,No,No,Month-to-month,No,Mailed check,84.41,2855.89,Yes
CUST05544,Female,0,No,No,7,Yes,DSL,No,No,No,Yes,Yes,Two year,Yes,Credit card,83.58,674.14,No
CUST05545,Male,0,No,No,27,No,Fiber optic,No,No,Yes,Yes,Yes,Two year,Yes,Electronic check,66.64,1826.23,No
CUST05546,Female,0,No,No,53,Yes,No,No internet service,No internet service,No internet service,No internet service,No internet service,One year,No,Credit card,34.97,1738.98,No
CUST05547,Male,0,No,No,58,Yes,Fiber optic,Yes,No,Yes,No,Yes,Two year,Yes,Mailed check,84.36,4799.7,No
CUST05548,Male,0,No,No,21,Yes,DSL,Yes,Yes,Yes,Yes,No,Month-to-month,No,Electronic check,86.47,1886.29,No
CUST05549,Male,0,No,Yes,21,Yes,Fiber optic,No,No,Yes,Yes,No,Two year,Yes,Credit card,93.85,2018.6,No
CUST05550,Female,0,Yes,No,53,Yes,Fiber optic,Yes,Yes,Yes,Yes,Yes,Two year,Yes,Credit card,64.18,3360.23,No
CUST05551,Female,0,Yes,Yes,30,No,No,No internet service,No internet service,No internet service,No internet service,No internet service,One year,No,Credit card,63.78,1910.09,No
CUST05552,Male,0,Yes,Yes,5,Yes,No,No internet service,No internet service,No internet service,No internet service,No internet service,Two year,Yes,Credit card,88.2,444.08,No
CUST05553,Female,0,No,Yes,8,Yes,DSL,Yes,No,Yes,Yes,Yes,Two year,Yes,Bank transfer,42.55,360.2,Yes
CUST05554,Female,0,No,No,27,Yes,No,No internet service,No internet service,No internet service,No internet service,No internet service,Month-to-month,Yes,Bank transfer,94.33,2580.58,Yes
CUST05555,Female,0,No,No,19,Yes,DSL,Yes,Yes,No,No,Yes,Month-to-month,Yes,Electronic check,69.99,1298.7,No
CUST05556,Female,0,Yes,No,8,Yes,DSL,Yes,Yes,Yes,No,No,One year,Yes,Mailed check,81.33,706.71,Yes
CUST05557,Male,0,No,No,57,Yes,DSL,Yes,No,No,Yes,Yes,One year,Yes,Mailed check,131.69,,No
CUST05558,Male,0,Yes,Yes,33,No,DSL,No,Yes,Yes,Yes,No,Month-to-month,Yes,Mailed check,67.2,2287.35,No
CUST05559,Female,0,Yes,No,51,Yes,Fiber optic,Yes,No,No,No,Yes,Month-to-month,Yes,Mailed check,77.48,4013.14,No
CUST05560,Male,0,No,No,0,Yes,DSL,Yes,Yes,Yes,No,No,Month-to-month,No,Bank transfer,74.75,59.63,No
CUST05561,Male,0,No,Yes,29,Yes,DSL,Yes,No,Yes,No,No,Month-to-month,Yes,Bank transfer,24.53,674.99,No
CUST05562,Male,0,No,No,34,Yes,DSL,No,Yes,No,No,No,Month-to-month,Yes,Bank transfer,89.29,3025.94,No
CUST05563,Female,0,Yes,No,42,Yes,No,No internet service,No internet service,No internet service,No internet service,No internet service,Month-to-month,Yes,Mailed check,18.0,687.89,No
CUST05564,Male,0,Yes,No,70,Yes,Fiber optic,Yes,Yes,No,Yes,No,Month-to-month,Yes,Credit card,92.94,6521.89,Yes
CUST05565,Male,0,Yes,No,33,Yes,Fiber optic,No,Yes,Yes,Yes,No,Two year,Yes,Bank transfer,56.71,1807.32,No
CUST05566,Female,0,Yes,No,35,Yes,No,No internet service,No internet service,No internet service,No internet service,No internet service,Month-to-month,No,Mailed check,55.54,1981.49,No
CUST05567,Male,0,No,No,65,Yes,Fiber optic,No,Yes,Yes,No,Yes,Two year,Yes,Credit card,73.04,4843.56,No
CUST05568,Male,0,Yes,No,29,Yes,DSL,Yes,Yes,Yes,No,No,Month-to-month,No,Mailed check,40.85,1184.59,No
CUST05569,Male,0,Yes,Yes,28,Yes,No,No internet service,No internet service,No internet service,No internet service,No internet service,Month-to-month,Yes,Credit card,71.2,1950.29,Yes
CUST05570,Male,0,Yes,No,11,Yes,Fiber optic,No,No,Yes,Yes,Yes,One year,Yes,Bank transfer,46.6,552.12,No
CUST05571,Female,0,No,No,52,Yes,Fiber optic,No,Yes,No,No,Yes,Two year,Yes,Credit card,41.77,2254.62,No
CUST05572,Female,0,No,No,1,No,No,No internet service,No internet service,No internet service,No internet service,No internet service,One year,No,Credit card,68.54,8.72,No
CUST05573,Male,0,Yes,No,15,Yes,DSL,No,No,No,Yes,No,Two year,Yes,Electronic check,104.59,1578.09,No
CUST05574,Female,0,Yes,Yes,30,Yes,DSL,No,No,No,Yes,No,Month-to-month,Yes,Mailed check,92.06,2786.89,No
CUST05575,Female,0,No,No,31,No,No,No internet service,No internet service,No internet service,No internet service,No internet service,Month-to-month,Yes,Mailed check,60.41,1850.47,No
CUST05576,Female,0,No,No,2,Yes,Fiber optic,Yes,No,No,Yes,No,Two year,Yes,Mailed check,69.91,180.85,Yes
CUST05577,Female,0,Yes,No,38,Yes,Fiber optic,Yes,Yes,No,No,No,Month-to-month,Yes,Electronic check,60.43,2165.33,Yes
CUST05578,Female,1,Yes,Yes,70,Yes,No,No internet service,No internet service,No internet service,No internet service,No internet service,Month-to-month,No,Credit card,44.14,3117.31,No
CUST05579,Male,0,No,Yes,7,Yes,No,No internet service,No internet service,No internet service,No internet service,No internet service,Month-to-month,Yes,Electronic check,47.82,478.22,Yes
CUST05580,Male,0,No,No,36,Yes,No,No internet service,No internet service,No internet service,No internet service,No internet service,One year,No,Mailed check,80.62,2947.15,No
CUST05581,Female,0,Yes,No,42,Yes,DSL,Yes,No,No,No,Yes,Month-to-month,Yes,Credit card,55.74,2344.14,No
CUST05582,Female,0,Yes,No,23,No,No,No internet service,No internet service,No internet service,No internet service,No internet service,Month-to-month,Yes,Mailed check,72.48,1569.75,Yes
CUST05583,Female,0,Yes,No,41,Yes,Fiber optic,No,No,No,No,Yes,Month-to-month,No,Mailed check,48.48,1960.23,No
CUST05584,Male,0,Yes,No,24,Yes,Fiber optic,Yes,No,No,No,No,Month-to-month,Yes,Credit card,93.79,2275.67,Yes
CUST05585,Male,0,Yes,Yes,11,Yes,DSL,No,No,Yes,No,Yes,Month-to-month,Yes,Bank transfer,89.97,997.14,Yes
CUST05586,Female,0,Yes,No,61,Yes,Fiber optic,Yes,No,No,No,No,Month-to-month,Yes,Credit card,112.92,6789.39,Yes
CUST05587,Male,0,Yes,No,72,Yes,DSL,Yes,Yes,Yes,No,Yes,One year,Yes,Mailed check,108.04,7798.82,No
CUST05588,Female,0,Yes,Yes,28,No,No,No internet service,No internet service,No internet service,No internet service,No internet service,Month-to-month,No,Electronic check,50.96,1358.28,No
CUST05589,Female,1,No,No,6,Yes,Fiber optic,Yes,Yes,No,Yes,No,One year,Yes,Mailed check,52.5,269.04,Yes
CUST05590,Female,0,Yes,Yes,11,Yes,Fiber optic,,No,No,Yes,No,Month-to-month,Yes,Credit card,82.78,982.33,Yes
CUST05591,Male,0,No,No,65,Yes,DSL,No,No,Yes,No,No,Month-to-month,Yes,Bank transfer,51.84,3350.51,No
CUST05592,Female,0,Yes,Yes,64,Yes,Fiber optic,Yes,Yes,Yes,No,Yes,One year,No,Credit card,79.88,5060.62,No
CUST05593,Female,0,No,No,35,Yes,Fiber optic,No,No,No,Yes,Yes,Month-to-month,No,Credit card,65.34,2208.13,No
CUST05594,Female,1,No,No,63,Yes,No,No internet service,No internet service,No internet service,No internet service,No internet service,Month-to-month,Yes,Credit card,96.92,6048.74,Yes
CUST05595,Female,0,No,Yes,16,Yes,Fiber optic,Yes,No,No,No,Yes,Month-to-month,No,Credit card,97.63,1518.92,Yes
CUST05596,Male,0,Yes,No,29,Yes,DSL,Yes,No,No,No,No,Month-to-month,Yes,Mailed check,66.34,1992.5,No
CUST05597,Female,0,Yes,No,8,Yes,Fiber optic,Yes,No,Yes,Yes,No,Month-to-month,Yes,Credit card,28.26,223.52,Yes
CUST05598,Female,1,No,No,39,Yes,DSL,No,No,Yes,Yes,Yes,One year,No,Bank transfer,99.26,3967.48,No
CUST05599,Female,0,Yes,No,51,Yes,Fiber optic,Yes,No,No,No,No,Month-to-month,Yes,Credit card,58.72,2901.26,Yes
CUST05600,Female,1,Yes,No,70,No,Fiber optic,Yes,No,No,No,Yes,Month-to-month,No,Mailed check,73.41,5241.97,No
CUST05601,Male,1,Yes,No,55,No,DSL,No,Yes,No,Yes,Yes,Month-to-month,Yes,Electronic check,70.58,3869.93,No
CUST05602,Female,0,No,No,48,Yes,DSL,No,Yes,No,No,Yes,Month-to-month,No,Mailed check,83.6,3994.71,No
CUST05603,Male,1,No,No,49,Yes,Fiber optic,No,Yes,No,Yes,No,Month-to-month,Yes,Mailed check,58.44,2844.56,No
CUST05604,Male,1,Yes,No,45,Yes,Fiber optic,No,Yes,Yes,No,No,Month-to-month,Yes,Bank transfer,46.03,2252.12,Yes
CUST05605,Female,0,No,No,30,Yes,DSL,Yes,Yes,No,No,No,Month-to-month,Yes,Bank transfer,77.79,2295.56,No
CUST05606,Male,0,No,No,36,Yes,Fiber optic,,Yes,No,No,No,Month-to-month,No,Mailed check,94.66,3573.43,Yes
CUST05607,Male,0,Yes,No,12,Yes,Fiber optic,Yes,Yes,No,Yes,No,Month-to-month,No,Bank transfer,70.92,,Yes
CUST05608,Female,0,Yes,No,1,Yes,DSL,Yes,Yes,Yes,Yes,Yes,Two year,No,Mailed check,70.84,0.0,No
CUST05609,Female,0,Yes,No,57,Yes,DSL,No,No,No,Yes,No,One year,Yes,Bank transfer,44.34,2450.45,No
CUST05610,Male,0,No,No,36,Yes,DSL,No,Yes,Yes,Yes,Yes,Two year,Yes,Bank transfer,86.85,3141.96,No
CUST05611,Male,0,No,No,63,Yes,Fiber optic,No,No,No,Yes,No,Month-to-month,No,Mailed check,88.66,5593.88,No
CUST05612,Male,0,No,No,8,Yes,DSL,Yes,Yes,Yes,Yes,No,Month-to-month,Yes,Electronic check,71.32,538.69,No
CUST05613,Female,0,No,Yes,28,Yes,No,No internet service,No internet service,No internet service,No internet service,No internet service,Month-to-month,Yes,Electronic check,49.64,1347.1,No
CUST05614,Male,0,Yes,No,18,Yes,Fiber optic,Yes,Yes,Yes,Yes,No,Month-to-month,Yes,Credit card,76.05,1492.81,Yes
CUST05615,Female,0,No,Yes,61,Yes,Fiber optic,No,No,Yes,Yes,Yes,One year,No,Credit card,78.15,4779.46,No
CUST05616,Female,0,No,No,27,Yes,No,No internet service,No internet service,No internet service,No internet service,No internet service,Two year,Yes,Credit card,72.98,2008.08,No
CUST05617,Female,0,No,Yes,46,Yes,DSL,Yes,Yes,Yes,Yes,Yes,Month-to-month,Yes,Bank transfer,46.92,2167.71,No
CUST05618,Male,0,Yes,Yes,6,Yes,Fiber optic,No,Yes,Yes,Yes,No,Month-to-month,No,Mailed check,80.34,485.51,Yes
CUST05619,Female,0,Yes,Yes,38,Yes,Fiber optic,No,Yes,No,Yes,Yes,One year,Yes,Credit card,78.07,3139.02,No
CUST05620,Male,1,Yes,Yes,32,Yes,DSL,No,Yes,Yes,Yes,Yes,Month-to-month,Yes,Credit card,84.47,2748.89,No
CUST05621,Male,0,Yes,No,44,No,No,No internet service,No internet service,No internet service,No internet service,No internet service,Two year,Yes,Mailed check,70.59,3316.38,No
CUST05622,Male,0,No,Yes,42,Yes,DSL,No,Yes,Yes,No,No,One year,No,Credit card,106.09,4518.05,No
CUST05623,Male,0,No,Yes,7,Yes,No,No internet service,No internet service,No internet service,No internet service,No internet service,Two year,No,Electronic check,73.95,465.46,No
CUST05624,Female,0,No,No,3,Yes,No,No internet service,No internet service,No internet service,No internet service,No internet service,Month-to-month,No,Bank transfer,108.88,426.14,No
CUST05625,Male,0,Yes,No,9,Yes,Fiber optic,Yes,No,Yes,Yes,No,Month-to-month,No,Electronic check,79.57,709.98,Yes
CUST05626,Female,0,Yes,No,15,No,Fiber optic,Yes,Yes,Yes,No,Yes,One year,Yes,Bank transfer,45.04,797.58,No
CUST05627,Male,0,Yes,No,53,Yes,No,No internet service,No internet service,No internet service,No internet service,No internet service,Month-to-month,No,Mailed check,94.9,4975.62,No
CUST05628,Male,0,No,Yes,19,Yes,DSL,No,No,No,No,Yes,Two year,No,Electronic check,64.9,1106.3,No
CUST05629,Male,0,No,No,70,Yes,Fiber optic,Yes,Yes,Yes,Yes,No,Month-to-month,Yes,Credit card,62.9,4411.17,Yes
CUST05630,Male,0,No,No,6,Yes,DSL,Yes,No,Yes,Yes,Yes,Month-to-month,Yes,Credit card,99.95,717.13,Yes
CUST05631,Male,0,No,No,37,Yes,DSL,No,Yes,Yes,Yes,No,Month-to-month,Yes,Mailed check,42.76,1531.67,No
CUST05632,Female,1,No,No,52,Yes,DSL,Yes,Yes,Yes,Yes,Yes,One year,No,Electronic check,30.21,1617.31,No
CUST05633,Female,0,Yes,No,3,Yes,DSL,No,No,No,Yes,Yes,Month-to-month,Yes,Mailed check,68.52,151.64,Yes
CUST05634,Male,1,Yes,No,37,Yes,DSL,No,No,No,No,No,Month-to-month,Yes,Credit card,81.54,3092.51,No
CUST05635,Female,0,Yes,No,4,Yes,Fiber optic,Yes,No,Yes,No,Yes,Month-to-month,No,Credit card,95.69,353.56,Yes
CUST05636,Female,0,Yes,No,57,Yes,Fiber optic,Yes,Yes,No,No,Yes,One year,Yes,Mailed check,77.62,4445.8,No
CUST05637,Male,0,No,Yes,34,Yes,No,No internet service,No internet service,No internet service,No internet service,No internet service,Two year,Yes,Bank transfer,18.0,585.35,No
CUST05638,Male,0,Yes,No,63,Yes,Fiber optic,No,No,Yes,No,Yes,Month-to-month,Yes,Bank transfer,49.73,3072.96,Yes
CUST05639,Male,0,No,No,48,Yes,No,No internet service,No internet service,No internet service,No internet service,No internet service,Month-to-month,No,Mailed check,42.51,1886.67,No
CUST05640,Female,1,No,No,23,Yes,No,No internet service,No internet service,No internet service,No internet service,No internet service,One year,No,Bank transfer,26.87,514.02,No
CUST05641,Female,0,No,No,11,No,No,No internet service,No internet service,No internet service,No internet service,No internet service,One year,No,Electronic check,69.75,744.98,No
CUST05642,Male,0,No,No,11,Yes,DSL,Yes,Yes,No,Yes,Yes,Month-to-month,Yes,Mailed check,86.77,990.37,No
CUST05643,Female,0,Yes,No,2,No,DSL,Yes,Yes,No,Yes,Yes,Month-to-month,Yes,Bank transfer,98.28,344.88,No
CUST05644,Female,0,No,No,21,Yes,Fiber optic,No,Yes,Yes,Yes,No,One year,Yes,Credit card,86.41,1773.03,Yes
CUST05645,Female,0,Yes,Yes,53,No,DSL,No,Yes,No,No,No,One year,No,Credit card,60.05,3131.69,No
CUST05646,Male,0,No,No,25,Yes,No,No internet service,No internet service,No internet service,No internet service,No internet service,Month-to-month,Yes,Mailed check,101.06,2420.5,Yes
CUST05647,Female,0,No,Yes,10,Yes,Fiber optic,Yes,Yes,Yes,Yes,No,Month-to-month,Yes,Electronic check,68.74,755.84,Yes
CUST05648,Female,0,Yes,No,5,Yes,No,No internet service,No internet service,No internet service,No internet service,No internet service,One year,Yes,Electronic check,75.51,423.27,No
CUST05649,Female,0,Yes,No,31,Yes,Fiber optic,No,No,No,No,No,Month-to-month,No,Electronic check,57.44,1816.44,No
CUST05650,Female,0,No,No,15,Yes,No,No internet service,No internet service,No internet service,No internet service,No internet service,One year,Yes,Credit card,67.87,1045.62,No
CUST05651,Female,0,No,No,53,Yes,DSL,Yes,No,Yes,No,No,One year,Yes,Electronic check,63.47,3334.05,Yes
CUST05652,Female,0,No,No,24,Yes,Fiber optic,No,Yes,No,No,Yes,Month-to-month,Yes,Mailed check,39.46,1055.72,Yes
CUST05653,Male,1,Yes,No,9,Yes,No,No internet service,No internet service,No internet service,No internet service,No internet service,Month-to-month,No,Bank transfer,89.93,747.24,Yes
CUST05654,Male,1,No,No,19,Yes,Fiber optic,No,No,Yes,No,Yes,Month-to-month,Yes,Electronic check,78.19,1447.7,Yes
CUST05655,Male,0,No,No,32,Yes,Fiber optic,Yes,No,No,No,No,One year,No,Mailed check,93.87,2922.53,Yes
CUST05656,Male,0,Yes,No,2,Yes,Fiber optic,Yes,No,No,Yes,Yes,Two year,Yes,Electronic check,56.4,102.49,No
CUST05657,Female,0,No,Yes,8,Yes,No,No internet service,No internet service,No internet service,No internet service,No internet service,Two year,No,Mailed check,91.64,671.09,No
CUST05658,Female,0,No,Yes,70,Yes,Fiber optic,No,Yes,No,Yes,Yes,Two year,No,Mailed check,34.78,2384.25,No
CUST05659,Female,0,No,No,25,No,No,No internet service,No internet service,No internet service,No internet service,No internet service,One year,Yes,Bank transfer,87.54,2092.51,No
CUST05660,Female,0,Yes,No,54,Yes,Fiber optic,Yes,No,No,No,No,Two year,Yes,Credit card,90.89,4831.38,No
CUST05661,Male,0,Yes,No,66,Yes,Fiber optic,Yes,Yes,No,Yes,No,Month-to-month,No,Credit card,48.04,3041.95,Yes
CUST05662,Male,1,No,No,8,Yes,Fiber optic,Yes,Yes,Yes,No,No,Two year,No,Bank transfer,101.92,844.01,No
CUST05663,Female,0,No,Yes,50,Yes,Fiber optic,No,Yes,No,No,Yes,Month-to-month,Yes,Bank transfer,112.96,5579.02,Yes
CUST05664,Male,1,Yes,No,60,Yes,Fiber optic,Yes,No,Yes,No,Yes,One year,Yes,Electronic check,59.63,3706.7,No
CUST05665,Female,0,No,No,1,Yes,DSL,Yes,Yes,No,Yes,Yes,Month-to-month,No,Bank transfer,110.23,185.99,No
CUST05666,Male,0,Yes,No,22,Yes,Fiber optic,No,No,Yes,No,Yes,Month-to-month,No,Bank transfer,31.46,697.69,Yes
CUST05667,Male,0,No,No,9,Yes,Fiber optic,No,Yes,Yes,No,No,Month-to-month,Yes,Credit card,70.59,680.92,Yes
CUST05668,Female,0,Yes,Yes,2,Yes,DSL,Yes,Yes,Yes,Yes,Yes,Month-to-month,Yes,Bank transfer,18.0,104.68,No
CUST05669,Female,0,Yes,No,21,No,Fiber optic,No,Yes,Yes,No,No,One year,No,Credit card,97.24,2002.44,No
CUST05670,Female,0,No,No,13,Yes,Fiber optic,Yes,Yes,Yes,No,Yes,Two year,Yes,Credit card,35.74,448.34,No
CUST05671,Male,0,Yes,No,65,Yes,Fiber optic,No,Yes,No,Yes,Yes,Two year,Yes,Electronic check,25.22,1725.55,No
CUST05672,Female,0,No,Yes,17,Yes,No,No internet service,No internet service,No internet service,No internet service,No internet service,Month-to-month,No,Bank transfer,80.56,1460.94,No
CUST05673,Female,0,No,No,54,Yes,Fiber optic,No,Yes,No,Yes,No,One year,No,Credit card,99.91,5333.44,Yes
CUST05674,Female,0,Yes,No,3,Yes,No,No internet service,No internet service,No internet service,No internet service,No internet service,Month-to-month,Yes,Mailed check,63.89,375.35,Yes
CUST05675,Male,0,No,No,45,Yes,Fiber optic,Yes,No,No,Yes,Yes,Month-to-month,No,Credit card,77.41,3375.24,No
CUST05676,Male,0,No,No,50,Yes,Fiber optic,No,Yes,No,Yes,No,Two year,Yes,Credit card,118.05,5719.66,No
CUST05677,Female,0,No,Yes,11,Yes,Fiber optic,Yes,No,No,Yes,Yes,Month-to-month,Yes,Credit card,50.23,690.33,Yes
CUST05678,Male,0,No,Yes,31,Yes,DSL,No,No,No,No,No,Two year,Yes,Mailed check,49.46,1591.56,No
CUST05679,Female,0,Yes,Yes,67,No,No,No internet service,No internet service,No internet service,No internet service,No internet service,Month-to-month,No,Mailed check,101.14,6791.21,Yes
CUST05680,Male,1,Yes,Yes,44,Yes,Fiber optic,Yes,No,Yes,No,No,Two year,Yes,Credit card,79.61,3567.65,No
CUST05681,Male,0,Yes,Yes,58,Yes,DSL,Yes,No,Yes,No,No,One year,Yes,Mailed check,109.62,6303.64,No
CUST05682,Female,0,No,Yes,31,Yes,Fiber optic,Yes,Yes,No,Yes,No,Month-to-month,Yes,Electronic check,41.61,1150.87,Yes
CUST05683,Male,0,Yes,No,17,Yes,DSL,Yes,Yes,Yes,No,No,Month-to-month,Yes,Bank transfer,29.28,461.79,No
CUST05684,Male,1,Yes,No,34,Yes,DSL,Yes,No,No,No,No,Month-to-month,Yes,Bank transfer,38.15,1241.32,Yes
CUST05685,Female,0,No,No,29,Yes,DSL,No,No,No,No,Yes,Month-to-month,Yes,Electronic check,91.67,2579.35,Yes
CUST05686,Male,0,Yes,No,71,Yes,No,No internet service,No internet service,No internet service,No internet service,No internet service,Two year,No,Electronic check,104.01,7336.49,No
CUST05687,Female,0,No,Yes,31,Yes,DSL,No,No,No,Yes,No,One year,Yes,Bank transfer,100.77,3076.78,No
CUST05688,Male,0,Yes,No,45,Yes,Fiber optic,No,Yes,Yes,No,No,Month-to-month,No,Credit card,87.89,3917.29,Yes
CUST05689,Female,1,Yes,No,42,Yes,Fiber optic,No,Yes,Yes,Yes,Yes,Month-to-month,No,Bank transfer,105.32,4453.93,No
CUST05690,Male,0,Yes,Yes,27,Yes,No,No internet service,No internet service,No internet service,No internet service,No internet service,Month-to-month,Yes,Mailed check,58.82,1632.77,No
CUST05691,Male,0,Yes,No,27,Yes,No,No internet service,No internet service,No internet service,No internet service,No internet service,One year,Yes,Credit card,24.35,681.41,No
CUST05692,Female,0,No,No,61,No,No,No internet service,No internet service,No internet service,No internet service,No internet service,Month-to-month,Yes,Credit card,33.58,1845.11,Yes
CUST05693,Female,0,Yes,No,15,Yes,Fiber optic,No,Yes,No,Yes,No,Two year,Yes,Mailed check,37.67,483.66,Yes
CUST05694,Male,0,No,No,30,Yes,Fiber optic,No,Yes,Yes,No,Yes,One year,Yes,Credit card,25.62,688.3,No
CUST05695,Female,1,No,Yes,48,Yes,No,No internet service,No internet service,No internet service,No internet service,No internet service,Month-to-month,Yes,Credit card,39.99,2015.26,Yes
CUST05696,Male,1,Yes,Yes,4,Yes,DSL,No,Yes,Yes,Yes,Yes,Month-to-month,No,Electronic check,50.86,135.56,Yes
CUST05697,Male,0,No,Yes,49,Yes,DSL,Yes,Yes,Yes,Yes,Yes,Month-to-month,No,Bank transfer,89.17,4217.55,No
CUST05698,Female,0,No,No,60,Yes,No,No internet service,No internet service,No internet service,No internet service,No internet service,Two year,No,Electronic check,81.36,4936.72,No
CUST05699,Female,1,Yes,No,32,Yes,DSL,Yes,No,No,Yes,Yes,Month-to-month,No,Bank transfer,111.71,3582.02,Yes
CUST05700,Male,0,No,No,42,Yes,Fiber optic,No,No,Yes,No,No,Month-to-month,Yes,Credit card,43.01,2007.57,No
CUST05701,Female,0,Yes,No,35,Yes,DSL,No,No,No,No,No,One year,Yes,Credit card,83.33,2806.06,No
CUST05702,Male,0,No,No,48,Yes,DSL,Yes,No,No,Yes,No,Month-to-month,No,Bank transfer,106.9,5113.76,Yes
CUST05703,Male,0,Yes,Yes,3,Yes,No,No internet service,No internet service,No internet service,No internet service,No internet service,Month-to-month,No,Bank transfer,61.23,100.72,No
CUST05704,Male,0,No,No,45,Yes,DSL,No,No,Yes,Yes,Yes,Month-to-month,No,Credit card,62.87,2746.34,No
CUST05705,Male,1,No,Yes,33,Yes,Fiber optic,Yes,Yes,No,No,Yes,Month-to-month,Yes,Electronic check,108.54,3516.0,Yes
CUST05706,Female,0,No,No,2,Yes,DSL,No,No,No,No,No,One year,No,Bank transfer,65.1,42.33,No
CUST05707,Male,0,No,No,58,Yes,Fiber optic,No,No,Yes,Yes,No,Two year,No,Mailed check,109.83,6385.01,No
CUST05708,Male,0,Yes,No,11,Yes,Fiber optic,Yes,No,Yes,Yes,No,Two year,Yes,Credit card,36.96,411.6,No
CUST05709,Female,0,No,No,43,Yes,Fiber optic,Yes,Yes,Yes,No,Yes,Month-to-month,Yes,Electronic check,114.48,4920.12,No
CUST05710,Female,0,Yes,No,62,Yes,Fiber optic,Yes,No,No,Yes,No,Month-to-month,No,Mailed check,105.44,6638.74,Yes
CUST05711,Male,0,Yes,Yes,67,Yes,Fiber optic,Yes,Yes,Yes,Yes,No,Month-to-month,No,Credit card,50.09,3400.68,No
CUST05712,Female,1,Yes,No,45,Yes,DSL,Yes,No,Yes,Yes,No,Month-to-month,Yes,Bank transfer,66.29,3049.89,No
CUST05713,Male,0,No,No,52,Yes,Fiber optic,Yes,No,No,No,Yes,One year,Yes,Bank transfer,42.97,2247.35,No
CUST05714,Female,0,No,Yes,42,No,No,No internet service,No internet service,No internet service,No internet service,No internet service,Month-to-month,No,Credit card,61.66,2614.46,No
CUST05715,Female,0,Yes,Yes,56,Yes,No,No internet service,No internet service,No internet service,No internet service,No internet service,Month-to-month,Yes,Mailed check,34.9,2028.62,No
CUST05716,Male,0,No,No,71,Yes,DSL,Yes,Yes,No,No,No,Month-to-month,Yes,Bank transfer,29.5,2003.05,No
CUST05717,Male,0,No,No,33,Yes,No,No internet service,No internet service,No internet service,No internet service,No internet service,Month-to-month,Yes,Credit card,42.65,1355.12,Yes
CUST05718,Female,1,Yes,No,30,Yes,No,No internet service,No internet service,No internet service,No internet service,No internet service,One year,Yes,Credit card,99.92,3003.45,No
CUST05719,Male,0,Yes,No,12,Yes,No,No internet service,No internet service,No internet service,No internet service,No internet service,Two year,Yes,Electronic check,27.5,333.32,No
CUST05720,Male,0,No,Yes,71,Yes,No,No internet service,No internet service,No internet service,No internet service,No internet service,One year,Yes,Electronic check,108.32,7577.02,No
CUST05721,Female,0,No,Yes,66,Yes,No,No internet service,No internet service,No internet service,No internet service,No internet service,Month-to-month,Yes,Mailed check,96.86,6453.72,No
CUST05722,Male,0,Yes,No,51,No,DSL,Yes,No,No,No,No,Month-to-month,No,Credit card,106.94,5569.1,Yes
CUST05723,Female,0,No,Yes,48,Yes,Fiber optic,No,No,Yes,Yes,Yes,One year,No,Credit card,82.62,4074.85,Yes
CUST05724,Female,0,Yes,No,14,Yes,No,No internet service,No internet service,No internet service,No internet service,No internet service,Two year,No,Bank transfer,115.23,1557.76,No
CUST05725,Male,0,No,No,66,Yes,Fiber optic,No,No,No,Yes,No,One year,Yes,Bank transfer,38.14,2585.23,No
CUST05726,Male,0,Yes,No,4,No,Fiber optic,Yes,Yes,Yes,Yes,Yes,Month-to-month,No,Electronic check,108.21,400.59,Yes
CUST05727,Female,0,Yes,Yes,45,Yes,Fiber optic,Yes,Yes,No,No,No,One year,No,Credit card,150.0,6755.64,Yes
CUST05728,Male,0,Yes,No,18,No,DSL,No,Yes,Yes,No,No,Month-to-month,Yes,Bank transfer,67.41,1301.54,No
CUST05729,Male,0,No,No,33,Yes,No,No internet service,No internet service,No internet service,No internet service,No internet service,Month-to-month,No,Mailed check,72.62,2503.71,No
CUST05730,Male,0,Yes,Yes,6,Yes,Fiber optic,Yes,No,No,No,No,Two year,Yes,Bank transfer,50.96,270.4,No
CUST05731,Female,0,Yes,No,9,Yes,Fiber optic,Yes,Yes,Yes,No,No,Two year,Yes,Credit card,75.66,639.4,No
CUST05732,Male,0,Yes,No,27,Yes,DSL,Yes,Yes,No,Yes,No,Month-to-month,Yes,Credit card,78.65,2243.42,No
CUST05733,Female,0,No,No,29,Yes,No,No internet service,No internet service,No internet service,No internet service,No internet service,One year,Yes,Bank transfer,18.0,513.93,No
CUST05734,Male,0,Yes,Yes,64,Yes,DSL,No,No,No,No,Yes,Month-to-month,No,Bank transfer,89.3,5475.14,No
CUST05735,Female,0,Yes,No,43,Yes,No,No internet service,No internet service,No internet service,No internet service,No internet service,Month-to-month,Yes,Bank transfer,101.74,4410.02,Yes
CUST05736,Female,1,Yes,No,2,Yes,DSL,Yes,Yes,No,Yes,Yes,Two year,No,Electronic check,51.97,39.83,No
CUST05737,Male,0,No,Yes,67,Yes,No,No internet service,No internet service,No internet service,No internet service,No internet service,Two year,No,Mailed check,63.39,4224.39,No
CUST05738,Female,0,Yes,No,44,Yes,Fiber optic,Yes,No,Yes,No,No,Month-to-month,Yes,Credit card,95.21,4236.69,Yes
CUST05739,Male,1,Yes,Yes,60,Yes,No,No internet service,No internet service,No internet service,No internet service,No internet service,Two year,No,Electronic check,50.77,2898.28,No
CUST05740,Male,0,No,No,67,Yes,Fiber optic,No,Yes,Yes,Yes,Yes,Month-to-month,Yes,Mailed check,92.58,6264.0,Yes
CUST05741,Female,0,No,Yes,37,Yes,DSL,No,Yes,No,Yes,Yes,Month-to-month,Yes,Credit card,81.15,2881.34,Yes
CUST05742,Female,1,No,Yes,13,Yes,DSL,Yes,Yes,No,No,Yes,Two year,Yes,Bank transfer,132.37,1661.39,No
CUST05743,Female,0,Yes,No,32,Yes,Fiber optic,No,Yes,Yes,Yes,No,Two year,No,Mailed check,70.8,2291.05,No
CUST05744,Male,0,No,Yes,50,Yes,Fiber optic,No,Yes,Yes,No,No,One year,No,Bank transfer,60.65,2934.07,No
CUST05745,Male,0,No,Yes,2,Yes,Fiber optic,No,No,Yes,No,Yes,Month-to-month,No,Credit card,80.18,62.2,Yes
CUST05746,Male,1,No,Yes,69,Yes,DSL,No,Yes,No,No,No,One year,Yes,Mailed check,76.89,5332.21,Yes
CUST05747,Male,1,No,No,25,Yes,No,No internet service,No internet service,No internet service,No internet service,No internet service,Two year,No,Credit card,114.8,2912.35,Yes
CUST05748,Male,1,No,Yes,48,Yes,Fiber optic,No,No,No,Yes,No,Month-to-month,No,Mailed check,113.49,5433.31,No
CUST05749,Female,0,No,No,71,Yes,Fiber optic,No,No,No,No,No,Month-to-month,No,Credit card,55.76,4008.52,No
CUST05750,Male,0,Yes,No,63,Yes,Fiber optic,No,No,No,Yes,No,Month-to-month,No,Bank transfer,69.19,4681.24,Yes
CUST05751,Female,1,No,No,54,Yes,Fiber optic,Yes,Yes,No,Yes,No,Month-to-month,Yes,Electronic check,56.63,2938.83,No
CUST05752,Male,0,No,No,21,Yes,Fiber optic,No,No,Yes,Yes,Yes,Month-to-month,No,Credit card,52.21,917.26,Yes
CUST05753,Male,0,No,Yes,38,Yes,DSL,Yes,No,Yes,Yes,Yes,One year,No,Electronic check,18.0,773.87,No
CUST05754,Male,0,Yes,No,36,Yes,No,No internet service,No internet service,No internet service,No internet service,No internet service,Month-to-month,Yes,Credit card,116.22,4089.31,Yes
CUST05755,Male,1,Yes,No,62,Yes,Fiber optic,Yes,Yes,No,No,Yes,Two year,No,Electronic check,57.24,3578.44,No
CUST05756,Male,0,No,No,2,Yes,Fiber optic,Yes,Yes,No,Yes,No,Month-to-month,Yes,Credit card,62.85,174.27,No
CUST05757,Male,0,No,No,1,Yes,Fiber optic,Yes,Yes,Yes,No,Yes,Two year,No,Mailed check,143.25,140.48,No
CUST05758,Female,1,Yes,No,8,Yes,Fiber optic,Yes,No,Yes,No,Yes,Two year,Yes,Electronic check,58.0,486.23,No
CUST05759,Female,1,No,No,69,Yes,Fiber optic,Yes,Yes,Yes,Yes,Yes,Month-to-month,No,Electronic check,69.42,4926.72,Yes
CUST05760,Male,1,Yes,No,39,Yes,Fiber optic,Yes,No,Yes,Yes,No,Month-to-month,Yes,Electronic check,80.68,3097.54,No
CUST05761,Male,0,No,No,51,Yes,No,No internet service,No internet service,No internet service,No internet service,No internet service,Two year,No,Bank transfer,82.45,4307.09,No
CUST05762,Male,0,No,Yes,6,Yes,DSL,Yes,Yes,No,Yes,No,Month-to-month,Yes,Electronic check,58.53,246.38,Yes
CUST05763,Male,0,No,Yes,0,Yes,No,No internet service,No internet service,No internet service,No internet service,No internet service,Month-to-month,Yes,Credit card,102.08,28.08,No
CUST05764,Male,0,Yes,No,47,Yes,No,No internet service,No internet service,No internet service,No internet service,No internet service,Month-to-month,Yes,Credit card,78.01,3705.41,No
CUST05765,Male,1,Yes,No,51,Yes,No,No internet service,No internet service,No internet service,No internet service,No internet service,Month-to-month,Yes,Mailed check,76.81,3911.2,No
CUST05766,Female,0,Yes,No,31,Yes,DSL,Yes,Yes,Yes,Yes,No,One year,No,Electronic check,57.16,1849.58,No
CUST05767,Male,0,No,No,6,Yes,Fiber optic,Yes,No,No,No,No,One year,Yes,Electronic check,70.74,427.9,Yes
CUST05768,Male,0,No,No,35,No,No,No internet service,No internet service,No internet service,No internet service,No internet service,Two year,Yes,Bank transfer,98.37,3469.55,No
CUST05769,Male,0,No,No,46,Yes,Fiber optic,No,Yes,Yes,No,Yes,One year,No,Credit card,98.45,4472.22,No
CUST05770,Female,1,No,No,15,Yes,DSL,Yes,No,No,No,Yes,Month-to-month,Yes,Credit card,63.27,869.19,Yes
CUST05771,Male,0,Yes,No,21,Yes,No,,No internet service,No internet service,No internet service,No internet service,One year,Yes,Electronic check,54.65,1065.79,Yes
CUST05772,Male,0,Yes,No,54,Yes,No,No internet service,No internet service,No internet service,No internet service,No internet service,Month-to-month,Yes,Bank transfer,95.96,5132.8,No
CUST05773,Male,0,No,No,15,Yes,No,No internet service,No internet service,No internet service,No internet service,No internet service,Month-to-month,No,Electronic check,81.53,1120.45,No
CUST05774,Male,0,No,No,7,No,Fiber optic,No,Yes,Yes,No,No,Month-to-month,Yes,Electronic check,95.92,820.86,No
CUST05775,Male,0,Yes,No,45,Yes,Fiber optic,No,Yes,Yes,Yes,No,Month-to-month,Yes,Mailed check,49.78,2215.46,Yes
CUST05776,Female,1,No,Yes,1,Yes,Fiber optic,No,No,Yes,Yes,Yes,Month-to-month,Yes,Electronic check,73.46,72.73,Yes
CUST05777,Male,0,No,No,31,Yes,Fiber optic,No,No,No,Yes,Yes,Month-to-month,No,Electronic check,95.98,2883.56,Yes
CUST05778,Male,0,Yes,Yes,41,Yes,No,No internet service,No internet service,No internet service,No internet service,No internet service,Month-to-month,Yes,Bank transfer,56.2,2467.75,No
CUST05779,Female,0,Yes,No,4,Yes,DSL,No,Yes,Yes,Yes,Yes,Two year,No,Electronic check,121.18,464.34,Yes
CUST05780,Male,0,No,No,47,Yes,DSL,No,Yes,Yes,No,Yes,Month-to-month,Yes,Mailed check,114.76,5346.59,No
CUST05781,Male,0,Yes,No,60,No,No,No internet service,No internet service,No internet service,No internet service,No internet service,Two year,No,Credit card,68.9,4094.24,No
CUST05782,Male,0,Yes,No,71,Yes,DSL,Yes,Yes,No,Yes,No,Two year,Yes,Bank transfer,69.08,4887.8,No
CUST05783,Female,0,No,No,19,Yes,DSL,No,Yes,No,No,Yes,Two year,No,Electronic check,82.03,1534.27,Yes
CUST05784,Female,0,No,Yes,23,Yes,No,No internet service,No internet service,No internet service,No internet service,No internet service,Month-to-month,Yes,Electronic check,78.25,1692.07,Yes
CUST05785,Female,1,Yes,No,45,Yes,No,No internet service,No internet service,No internet service,No internet service,No internet service,Month-to-month,Yes,Mailed check,104.37,4765.47,No
CUST05786,Female,1,Yes,Yes,43,No,No,No internet service,No internet service,No internet service,No internet service,No internet service,Month-to-month,Yes,Credit card,51.98,2146.03,No
CUST05787,Female,0,No,Yes,44,Yes,Fiber optic,Yes,Yes,Yes,No,Yes,Month-to-month,Yes,Electronic check,52.24,2363.32,Yes
CUST05788,Female,0,Yes,No,22,Yes,Fiber optic,Yes,No,Yes,No,No,Month-to-month,Yes,Credit card,80.77,1670.51,Yes
CUST05789,Female,0,No,No,4,Yes,DSL,No,Yes,No,No,No,Month-to-month,Yes,Mailed check,86.37,359.34,Yes
CUST05790,Female,0,No,No,1,Yes,DSL,Yes,No,No,Yes,Yes,One year,Yes,Bank transfer,73.1,0.0,No
CUST05791,Female,0,Yes,No,72,Yes,DSL,No,No,Yes,Yes,Yes,One year,Yes,Bank transfer,96.39,6881.86,No
CUST05792,Male,0,No,No,29,Yes,Fiber optic,Yes,Yes,No,Yes,No,Month-to-month,Yes,Mailed check,108.18,3175.7,Yes
CUST05793,Male,0,Yes,No,32,Yes,Fiber optic,Yes,Yes,No,No,Yes,Month-to-month,Yes,Mailed check,92.68,3060.24,Yes
CUST05794,Female,1,No,No,45,Yes,DSL,No,Yes,No,No,No,One year,Yes,Mailed check,83.28,3893.4,Yes
CUST05795,Male,1,No,Yes,14,Yes,No,No internet service,No internet service,No internet service,No internet service,No internet service,One year,No,Bank transfer,68.59,990.11,Yes
CUST05796,Male,0,Yes,No,27,Yes,No,No internet service,No internet service,No internet service,No internet service,No internet service,One year,Yes,Electronic check,75.88,2048.32,No
CUST05797,Female,0,Yes,No,31,Yes,DSL,Yes,Yes,No,No,Yes,Two year,No,Credit card,39.84,1157.97,No
CUST05798,Female,0,No,No,6,Yes,No,,No internet service,No internet service,No internet service,No internet service,One year,Yes,Credit card,44.26,122.41,No
CUST05799,Female,0,Yes,No,44,Yes,Fiber optic,Yes,No,Yes,No,No,Month-to-month,Yes,Bank transfer,105.47,4690.31,No
CUST05800,Male,0,Yes,No,14,Yes,Fiber optic,No,No,No,Yes,No,Month-to-month,No,Mailed check,117.84,1629.49,Yes
CUST05801,Male,0,Yes,No,0,Yes,Fiber optic,No,Yes,No,No,No,Month-to-month,No,Credit card,39.84,0.72,Yes
CUST05802,Male,0,Yes,No,45,Yes,Fiber optic,Yes,Yes,Yes,Yes,No,Month-to-month,No,Electronic check,87.66,3912.84,Yes
CUST05803,Male,0,No,No,21,No,DSL,Yes,No,No,Yes,No,Two year,Yes,Credit card,35.89,696.26,No
CUST05804,Female,0,Yes,No,52,Yes,Fiber optic,Yes,Yes,Yes,Yes,Yes,One year,No,Credit card,115.2,6044.53,Yes
CUST05805,Male,0,Yes,No,39,Yes,DSL,No,No,Yes,No,No,One year,No,Mailed check,73.58,3006.01,No
CUST05806,Male,0,Yes,No,2,Yes,DSL,Yes,No,Yes,No,Yes,Month-to-month,Yes,Credit card,136.98,177.97,No
CUST05807,Male,0,No,No,50,Yes,Fiber optic,No,Yes,Yes,No,No,One year,Yes,Mailed check,58.08,2754.08,No
CUST05808,Female,0,No,Yes,2,Yes,DSL,Yes,Yes,No,Yes,No,Month-to-month,No,Mailed check,61.26,103.72,No
CUST05809,Male,0,No,Yes,22,Yes,Fiber optic,Yes,No,Yes,Yes,No,Month-to-month,Yes,Mailed check,83.99,1790.36,No
CUST05810,Male,0,No,No,50,Yes,Fiber optic,Yes,No,No,No,No,One year,Yes,Bank transfer,96.59,4924.19,No
CUST05811,Female,0,No,Yes,29,Yes,DSL,Yes,No,No,No,Yes,Month-to-month,Yes,Credit card,94.28,2774.61,No
CUST05812,Female,0,Yes,No,28,Yes,No,No internet service,No internet service,No internet service,No internet service,No internet service,Month-to-month,Yes,Credit card,98.35,2905.45,No
CUST05813,Male,0,Yes,Yes,16,Yes,Fiber optic,Yes,Yes,Yes,Yes,Yes,Month-to-month,Yes,Credit card,68.35,1179.82,No
CUST05814,Female,0,Yes,Yes,32,Yes,Fiber optic,Yes,Yes,Yes,Yes,Yes,Month-to-month,Yes,Electronic check,98.64,3164.86,Yes
CUST05815,Female,0,Yes,No,21,Yes,DSL,No,No,No,No,No,Month-to-month,Yes,Bank transfer,129.59,2733.2,Yes
CUST05816,Male,0,No,No,69,Yes,DSL,No,Yes,No,No,Yes,One year,Yes,Credit card,94.03,6519.37,No
CUST05817,Male,0,Yes,No,50,Yes,No,No internet service,No internet service,No internet service,No internet service,No internet service,Month-to-month,Yes,Electronic check,53.55,2604.69,Yes
CUST05818,Female,0,No,Yes,66,Yes,No,No internet service,No internet service,No internet service,No internet service,No internet service,Month-to-month,No,Mailed check,84.67,5623.04,No
CUST05819,Male,0,Yes,Yes,24,Yes,Fiber optic,Yes,Yes,No,Yes,Yes,Month-to-month,No,Electronic check,25.06,711.09,No
CUST05820,Female,0,Yes,Yes,69,Yes,DSL,No,No,Yes,Yes,Yes,Month-to-month,Yes,Bank transfer,91.56,6267.09,No
CUST05821,Female,0,Yes,No,20,Yes,Fiber optic,Yes,No,No,Yes,No,Two year,Yes,Bank transfer,32.31,626.85,No
CUST05822,Female,0,Yes,Yes,22,Yes,DSL,Yes,No,No,Yes,No,Two year,No,Electronic check,91.96,2075.66,No
CUST05823,Female,0,Yes,No,21,Yes,No,No internet service,No internet service,No internet service,No internet service,No internet service,One year,No,Electronic check,72.99,1652.7,No
CUST05824,Male,0,No,Yes,43,Yes,DSL,Yes,No,No,No,Yes,One year,No,Electronic check,99.12,4202.78,No
CUST05825,Female,0,No,No,44,Yes,DSL,Yes,No,Yes,No,No,One year,No,Bank transfer,75.21,3328.8,No
CUST05826,Female,0,No,No,4,No,DSL,Yes,No,Yes,No,No,Month-to-month,Yes,Bank transfer,109.33,434.81,No
CUST05827,Male,0,No,No,40,Yes,DSL,No,Yes,No,Yes,Yes,One year,Yes,Bank transfer,88.31,3510.47,No
CUST05828,Female,0,No,Yes,69,Yes,No,No internet service,No internet service,No internet service,No internet service,No internet service,Month-to-month,Yes,Mailed check,101.54,6857.54,No
CUST05829,Male,0,No,Yes,29,Yes,Fiber optic,Yes,Yes,Yes,Yes,No,Month-to-month,Yes,Credit card,64.4,1808.06,Yes
CUST05830,Male,0,Yes,No,51,Yes,DSL,Yes,Yes,Yes,Yes,Yes,Two year,No,Bank transfer,63.08,3118.88,No
CUST05831,Male,0,Yes,No,46,Yes,DSL,No,No,Yes,No,Yes,Two year,Yes,Mailed check,39.15,1790.14,No
CUST05832,Male,0,Yes,No,71,Yes,DSL,Yes,No,No,No,Yes,Month-to-month,No,Electronic check,45.56,3198.52,No
CUST05833,Female,0,No,No,46,Yes,Fiber optic,Yes,Yes,No,No,Yes,Two year,No,Credit card,76.42,3420.18,No
CUST05834,Male,0,No,Yes,34,Yes,Fiber optic,No,No,No,Yes,No,Month-to-month,No,Credit card,75.64,2550.45,Yes
CUST05835,Male,1,No,No,0,Yes,DSL,No,No,No,Yes,Yes,Month-to-month,Yes,Mailed check,84.05,,Yes
CUST05836,Female,0,No,Yes,58,Yes,Fiber optic,Yes,No,No,No,No,Month-to-month,Yes,Mailed check,56.77,3239.63,No
CUST05837,Female,0,Yes,Yes,24,Yes,Fiber optic,Yes,Yes,Yes,Yes,Yes,Two year,Yes,Credit card,78.26,1847.22,No
CUST05838,Male,0,No,No,67,Yes,No,No internet service,No internet service,No internet service,No internet service,No internet service,Two year,No,Bank transfer,107.66,7195.13,No
CUST05839,Male,0,No,No,17,Yes,Fiber optic,No,Yes,Yes,No,No,One year,Yes,Electronic check,84.85,1384.18,No
CUST05840,Female,0,No,No,31,Yes,DSL,Yes,No,Yes,No,Yes,Month-to-month,No,Electronic check,75.0,2198.79,No
CUST05841,Female,0,Yes,No,60,Yes,DSL,Yes,No,No,Yes,No,Month-to-month,Yes,Bank transfer,81.15,5013.74,No
CUST05842,Female,0,Yes,No,11,Yes,No,No internet service,No internet service,No internet service,No internet service,No internet service,Month-to-month,No,Credit card,105.1,1009.63,No
CUST05843,Female,0,Yes,No,20,Yes,DSL,No,Yes,Yes,Yes,No,One year,Yes,Electronic check,78.35,1429.86,No
CUST05844,Male,0,No,Yes,57,Yes,Fiber optic,Yes,Yes,Yes,No,Yes,Two year,No,Electronic check,61.02,3538.05,No
CUST05845,Female,0,Yes,Yes,23,No,Fiber optic,Yes,Yes,No,No,No,Two year,No,Bank transfer,61.27,1245.27,Yes
CUST05846,Male,0,Yes,No,69,Yes,Fiber optic,No,Yes,Yes,Yes,No,Month-to-month,Yes,Electronic check,60.4,4229.28,No
CUST05847,Male,0,No,Yes,39,Yes,Fiber optic,No,No,No,No,Yes,Month-to-month,No,Bank transfer,59.77,2399.92,Yes
CUST05848,Female,0,No,No,60,Yes,Fiber optic,No,Yes,No,Yes,Yes,Month-to-month,No,Mailed check,93.74,5560.28,No
CUST05849,Female,1,No,No,39,Yes,DSL,Yes,Yes,No,No,Yes,Month-to-month,Yes,Credit card,116.51,4547.21,No
CUST05850,Male,0,No,No,3,Yes,Fiber optic,No,Yes,No,Yes,No,Two year,No,Credit card,63.79,187.33,No
CUST05851,Male,0,No,Yes,59,Yes,No,No internet service,No internet service,No internet service,No internet service,No internet service,Month-to-month,No,Electronic check,51.45,2971.14,No
CUST05852,Female,1,Yes,No,30,Yes,DSL,Yes,Yes,Yes,Yes,Yes,Two year,Yes,Electronic check,42.24,1217.98,No
CUST05853,Male,0,No,No,28,Yes,DSL,Yes,No,No,Yes,Yes,Month-to-month,Yes,Mailed check,117.16,3267.92,No
CUST05854,Female,0,Yes,No,53,Yes,No,No internet service,No internet service,No internet service,No internet service,No internet service,One year,No,Bank transfer,98.16,5165.12,No
CUST05855,Male,1,Yes,Yes,20,Yes,DSL,No,No,No,Yes,Yes,Two year,Yes,Mailed check,56.97,1185.45,Yes
CUST05856,Female,0,No,No,31,Yes,Fiber optic,No,Yes,No,Yes,Yes,One year,Yes,Electronic check,77.51,2390.78,Yes
CUST05857,Male,0,No,No,44,No,DSL,Yes,No,Yes,Yes,Yes,One year,Yes,Electronic check,109.07,4835.19,No
CUST05858,Male,0,No,No,43,Yes,Fiber optic,Yes,No,Yes,No,No,Month-to-month,Yes,Credit card,72.41,3082.61,Yes
CUST05859,Male,0,No,No,53,Yes,Fiber optic,No,Yes,No,Yes,No,Month-to-month,Yes,Credit card,95.57,5116.42,Yes
CUST05860,Female,0,No,No,6,Yes,Fiber optic,No,Yes,No,Yes,Yes,Month-to-month,Yes,Mailed check,70.1,491.31,No
CUST05861,Female,0,Yes,No,72,Yes,Fiber optic,No,Yes,No,No,Yes,Month-to-month,Yes,Mailed check,66.61,4637.53,Yes
CUST05862,Female,1,Yes,No,44,Yes,DSL,Yes,No,Yes,No,No,One year,Yes,Electronic check,18.0,822.25,Yes
CUST05863,Female,0,Yes,Yes,45,Yes,Fiber optic,No,No,Yes,Yes,Yes,Month-to-month,No,Mailed check,,2819.48,No
CUST05864,Male,0,Yes,Yes,64,No,Fiber optic,Yes,No,Yes,No,No,Month-to-month,No,Bank transfer,60.6,3843.3,No
CUST05865,Female,1,Yes,No,35,Yes,Fiber optic,No,No,No,Yes,No,Two year,No,Bank transfer,87.01,3070.39,No
CUST05866,Female,0,No,No,2,Yes,Fiber optic,Yes,No,Yes,Yes,Yes,Two year,Yes,Mailed check,80.24,170.28,No
CUST05867,Female,0,Yes,Yes,9,Yes,No,No internet service,No internet service,No internet service,No internet service,No internet service,Two year,Yes,Mailed check,,691.77,No
CUST05868,Female,0,No,Yes,69,Yes,DSL,No,Yes,Yes,No,No,Month-to-month,No,Bank transfer,97.81,6801.79,Yes
CUST05869,Female,0,No,Yes,72,Yes,DSL,Yes,No,No,Yes,Yes,Month-to-month,Yes,Bank transfer,18.0,1310.34,No
CUST05870,Female,1,Yes,Yes,6,Yes,No,No internet service,No internet service,No internet service,No internet service,No internet service,Month-to-month,Yes,Credit card,72.76,375.89,No
CUST05871,Female,0,No,Yes,50,Yes,Fiber optic,Yes,Yes,No,Yes,Yes,Two year,No,Mailed check,44.76,2325.9,No
CUST05872,Male,0,Yes,No,48,Yes,DSL,No,No,Yes,Yes,Yes,One year,Yes,Credit card,42.71,2135.24,Yes
CUST05873,Female,0,No,Yes,12,Yes,No,No internet service,No internet service,No internet service,No internet service,No internet service,Two year,Yes,Mailed check,66.74,801.94,No
CUST05874,Male,0,No,No,57,Yes,Fiber optic,Yes,Yes,Yes,No,No,Two year,No,Electronic check,74.54,4204.11,No
CUST05875,Female,0,Yes,No,33,Yes,Fiber optic,Yes,Yes,Yes,No,No,Month-to-month,Yes,Credit card,86.56,2794.77,Yes
CUST05876,Male,1,Yes,Yes,16,Yes,Fiber optic,No,No,No,Yes,Yes,Month-to-month,Yes,Electronic check,84.9,1492.23,Yes
CUST05877,Female,0,No,No,40,Yes,Fiber optic,Yes,No,No,Yes,No,Month-to-month,No,Credit card,53.34,2118.86,No
CUST05878,Male,0,Yes,No,66,Yes,Fiber optic,Yes,No,No,Yes,Yes,Month-to-month,Yes,Mailed check,69.07,4570.27,Yes
CUST05879,Female,0,No,Yes,15,No,DSL,Yes,No,Yes,No,Yes,Two year,Yes,Electronic check,109.93,1682.73,No
CUST05880,Male,0,Yes,No,45,Yes,Fiber optic,No,Yes,Yes,Yes,Yes,Month-to-month,Yes,Mailed check,114.35,4924.76,Yes
CUST05881,Male,0,No,No,53,Yes,Fiber optic,Yes,Yes,Yes,No,No,Two year,No,Electronic check,66.33,3442.22,No
CUST05882,Female,0,Yes,Yes,45,Yes,Fiber optic,No,Yes,Yes,Yes,No,Month-to-month,Yes,Bank transfer,76.32,3610.53,Yes
CUST05883,Female,0,Yes,No,47,Yes,Fiber optic,No,No,No,No,Yes,One year,No,Credit card,51.59,2200.98,No
CUST05884,Male,0,Yes,No,52,Yes,DSL,Yes,No,Yes,Yes,No,Month-to-month,Yes,Bank transfer,99.68,5063.65,No
CUST05885,Male,0,Yes,Yes,17,Yes,Fiber optic,No,Yes,No,Yes,No,Month-to-month,No,Credit card,131.9,2206.34,Yes
CUST05886,Female,0,No,No,7,Yes,DSL,No,Yes,Yes,No,No,One year,No,Credit card,60.62,344.97,No
CUST05887,Female,0,No,Yes,72,Yes,No,No internet service,No internet service,No internet service,No internet service,No internet service,Month-to-month,Yes,Credit card,103.41,7385.45,Yes
CUST05888,Male,0,Yes,Yes,23,Yes,Fiber optic,No,Yes,No,No,Yes,Two year,No,Bank transfer,92.42,2033.25,No
CUST05889,Female,0,Yes,Yes,69,No,Fiber optic,Yes,No,Yes,No,Yes,One year,Yes,Mailed check,69.8,4802.45,No
CUST05890,Male,0,Yes,No,19,Yes,Fiber optic,No,Yes,Yes,Yes,No,Month-to-month,Yes,Bank transfer,56.6,1103.97,Yes
CUST05891,Female,0,No,No,19,No,DSL,No,Yes,Yes,Yes,No,Month-to-month,Yes,Mailed check,135.96,2615.29,No
CUST05892,Male,1,No,No,1,Yes,Fiber optic,Yes,No,No,Yes,Yes,Month-to-month,No,Bank transfer,93.15,27.4,Yes
CUST05893,Male,1,No,No,32,Yes,DSL,Yes,Yes,Yes,No,No,Month-to-month,Yes,Credit card,97.97,3212.85,No
CUST05894,Male,0,No,No,68,Yes,Fiber optic,No,Yes,No,No,Yes,Month-to-month,No,Mailed check,68.71,4683.72,Yes
CUST05895,Female,0,Yes,Yes,65,Yes,DSL,No,Yes,No,No,No,Month-to-month,No,Mailed check,75.53,4995.14,No
CUST05896,Female,0,Yes,No,22,Yes,Fiber optic,No,No,No,No,Yes,Two year,Yes,Mailed check,43.58,981.82,No
CUST05897,Male,0,No,No,29,Yes,DSL,No,Yes,No,Yes,No,Two year,Yes,Electronic check,93.02,2676.65,No
CUST05898,Female,1,Yes,No,48,Yes,DSL,No,Yes,Yes,Yes,Yes,Month-to-month,No,Electronic check,64.64,3083.77,Yes
CUST05899,Female,0,Yes,No,69,Yes,Fiber optic,Yes,No,Yes,No,Yes,Two year,Yes,Electronic check,48.34,3363.64,No
CUST05900,Female,0,Yes,No,44,Yes,Fiber optic,Yes,Yes,No,No,No,Month-to-month,Yes,Mailed check,52.63,2416.71,No
CUST05901,Female,0,No,No,14,Yes,DSL,No,Yes,No,Yes,Yes,Month-to-month,Yes,Electronic check,134.27,1889.79,No
CUST05902,Male,0,No,No,26,Yes,Fiber optic,Yes,Yes,Yes,No,Yes,Month-to-month,Yes,Credit card,66.56,1747.28,No
CUST05903,Male,0,No,No,52,No,No,No internet service,No internet service,No internet service,No internet service,No internet service,Month-to-month,No,Credit card,83.21,4372.13,No
CUST05904,Female,0,Yes,No,1,Yes,Fiber optic,No,Yes,Yes,Yes,No,Month-to-month,Yes,Credit card,44.13,0.0,No
CUST05905,Male,0,Yes,No,43,Yes,Fiber optic,No,Yes,Yes,No,Yes,One year,No,Bank transfer,69.27,2864.18,No
CUST05906,Male,0,Yes,Yes,56,Yes,DSL,Yes,Yes,No,Yes,No,Month-to-month,No,Electronic check,39.74,2242.87,Yes
CUST05907,Male,0,No,Yes,25,Yes,DSL,Yes,Yes,Yes,No,Yes,Two year,No,Electronic check,83.3,2006.0,No
CUST05908,Female,0,Yes,Yes,39,Yes,DSL,No,No,No,Yes,No,Month-to-month,No,Electronic check,51.24,1977.23,No
CUST05909,Female,0,No,No,52,Yes,No,No internet service,No internet service,No internet service,No internet service,No internet service,One year,Yes,Bank transfer,93.95,4884.33,No
CUST05910,Female,0,No,Yes,43,Yes,DSL,No,Yes,No,Yes,Yes,Month-to-month,Yes,Credit card,29.26,1451.2,No
CUST05911,Male,0,No,No,1,Yes,DSL,Yes,Yes,No,No,Yes,Month-to-month,Yes,Bank transfer,58.2,44.06,No
CUST05912,Male,0,No,No,42,Yes,DSL,Yes,Yes,No,No,Yes,Month-to-month,No,Bank transfer,103.42,4174.5,No
CUST05913,Female,0,Yes,No,16,Yes,No,No internet service,No internet service,No internet service,No internet service,No internet service,Month-to-month,No,Mailed check,112.33,1813.59,Yes
CUST05914,Male,0,No,No,54,Yes,Fiber optic,No,Yes,No,No,No,Two year,Yes,Electronic check,74.15,4085.5,No
CUST05915,Female,0,Yes,Yes,19,Yes,No,No internet service,No internet service,No internet service,No internet service,No internet service,Month-to-month,No,Electronic check,64.29,1264.1,No
CUST05916,Male,0,No,No,71,No,Fiber optic,Yes,No,No,Yes,Yes,One year,Yes,Credit card,76.91,5497.79,No
CUST05917,Male,0,No,No,8,Yes,No,No internet service,No internet service,No internet service,No internet service,No internet service,Month-to-month,No,Bank transfer,125.3,943.46,No
CUST05918,Male,0,No,No,65,Yes,No,No internet service,No internet service,No internet service,No internet service,No internet service,Month-to-month,Yes,Credit card,67.29,4340.22,Yes
CUST05919,Female,0,Yes,No,2,Yes,Fiber optic,Yes,No,No,No,Yes,Month-to-month,Yes,Credit card,74.09,80.25,Yes
CUST05920,Female,1,No,No,49,Yes,No,No internet service,No internet service,No internet service,No internet service,No internet service,Month-to-month,Yes,Mailed check,47.68,2277.52,Yes
CUST05921,Male,0,No,No,25,Yes,No,No internet service,No internet service,No internet service,No internet service,No internet service,Month-to-month,No,Bank transfer,57.06,1409.83,No
CUST05922,Female,0,No,No,14,Yes,DSL,No,Yes,Yes,Yes,Yes,Month-to-month,No,Bank transfer,85.02,1263.89,No
CUST05923,Female,0,No,No,15,Yes,Fiber optic,No,Yes,Yes,No,No,Two year,Yes,Credit card,96.33,1675.42,No
CUST05924,Female,0,No,No,2,Yes,Fiber optic,Yes,Yes,No,Yes,No,Month-to-month,Yes,Credit card,81.56,174.85,No
CUST05925,Female,0,Yes,No,9,Yes,No,No internet service,No internet service,No internet service,No internet service,No internet service,Month-to-month,Yes,Credit card,94.77,896.17,No
CUST05926,Male,0,Yes,No,28,No,Fiber optic,No,Yes,No,Yes,No,Month-to-month,Yes,Bank transfer,48.99,1178.74,No
CUST05927,Female,0,Yes,No,11,Yes,Fiber optic,No,No,No,No,Yes,Two year,No,Credit card,46.51,476.44,No
CUST05928,Female,0,No,No,70,Yes,DSL,No,Yes,No,No,Yes,Month-to-month,Yes,Bank transfer,93.86,6692.74,No
CUST05929,Male,1,No,Yes,60,Yes,No,No internet service,No internet service,No internet service,No internet service,No internet service,Month-to-month,Yes,Mailed check,62.1,3733.49,Yes
CUST05930,Male,0,Yes,Yes,34,Yes,DSL,No,Yes,Yes,Yes,Yes,Two year,Yes,Electronic check,44.64,1509.37,No
CUST05931,Female,0,Yes,No,6,No,Fiber optic,Yes,No,No,No,Yes,Two year,No,Credit card,79.07,706.49,No
CUST05932,Female,0,No,No,71,Yes,DSL,No,No,Yes,No,Yes,Month-to-month,Yes,Bank transfer,76.15,5501.83,Yes
CUST05933,Male,0,No,No,52,Yes,Fiber optic,No,No,Yes,No,Yes,Month-to-month,Yes,Bank transfer,69.25,3662.73,No
CUST05934,Male,0,No,Yes,13,Yes,No,No internet service,No internet service,No internet service,No internet service,No internet service,Month-to-month,Yes,Credit card,113.68,1472.75,No
CUST05935,Female,0,Yes,No,3,Yes,DSL,No,No,No,Yes,Yes,Two year,No,Electronic check,120.87,384.37,No
CUST05936,Male,0,No,No,45,Yes,No,No internet service,No internet service,No internet service,No internet service,No internet service,One year,No,Mailed check,97.99,4580.58,No
CUST05937,Male,0,Yes,No,2,Yes,No,No internet service,No internet service,No internet service,No internet service,No internet service,Month-to-month,Yes,Bank transfer,84.74,348.07,No
CUST05938,Female,1,Yes,No,44,Yes,DSL,Yes,Yes,Yes,No,No,Month-to-month,Yes,Mailed check,108.5,4731.01,No
CUST05939,Female,1,No,Yes,32,Yes,Fiber optic,No,Yes,No,No,Yes,Month-to-month,No,Bank transfer,77.94,2364.17,Yes
CUST05940,Male,0,Yes,No,64,Yes,DSL,Yes,No,Yes,No,No,One year,Yes,Bank transfer,69.16,4430.19,No
CUST05941,Male,0,No,No,27,Yes,DSL,Yes,Yes,No,No,No,One year,Yes,Mailed check,59.41,1665.17,No
CUST05942,Male,0,Yes,No,32,Yes,No,No internet service,No internet service,No internet service,No internet service,No internet service,Month-to-month,Yes,Bank transfer,54.44,1886.58,No
CUST05943,Male,1,Yes,Yes,39,No,DSL,No,Yes,Yes,No,No,One year,Yes,Mailed check,97.2,3782.4,No
CUST05944,Female,0,No,No,71,Yes,Fiber optic,Yes,Yes,No,Yes,Yes,One year,Yes,Credit card,36.45,2560.06,No
CUST05945,Male,0,Yes,Yes,51,Yes,DSL,No,No,No,Yes,No,One year,Yes,Electronic check,59.14,3105.1,No
CUST05946,Male,0,Yes,No,48,Yes,DSL,Yes,No,No,No,No,Month-to-month,Yes,Credit card,65.16,,Yes
CUST05947,Male,0,Yes,No,22,Yes,Fiber optic,No,No,No,Yes,Yes,Two year,Yes,Credit card,38.82,835.04,No
CUST05948,Female,0,Yes,No,35,Yes,Fiber optic,No,No,No,No,Yes,Month-to-month,Yes,Bank transfer,64.21,2247.79,No
CUST05949,Female,0,No,No,14,Yes,No,No internet service,No internet service,No internet service,No internet service,No internet service,One year,No,Mailed check,76.34,1063.03,No
CUST05950,Female,0,Yes,No,28,Yes,DSL,No,No,Yes,Yes,Yes,Month-to-month,Yes,Credit card,99.68,2893.38,Yes
CUST05951,Male,0,No,Yes,60,Yes,Fiber optic,Yes,No,Yes,No,No,One year,No,Bank transfer,61.35,3723.84,Yes
CUST05952,Female,0,No,No,7,Yes,Fiber optic,Yes,No,No,No,No,One year,No,Bank transfer,76.52,492.41,No
CUST05953,Male,0,No,Yes,12,Yes,Fiber optic,Yes,No,Yes,No,No,Month-to-month,Yes,Electronic check,36.64,420.86,No
CUST05954,Female,1,No,No,42,Yes,Fiber optic,No,Yes,Yes,No,Yes,Month-to-month,No,Mailed check,43.59,2054.6,Yes
CUST05955,Female,0,No,No,58,Yes,DSL,No,No,Yes,Yes,No,Month-to-month,Yes,Mailed check,26.41,1416.29,No
CUST05956,Female,0,No,Yes,71,Yes,Fiber optic,No,Yes,Yes,Yes,Yes,Month-to-month,Yes,Mailed check,98.47,6841.09,No
CUST05957,Male,0,Yes,No,42,Yes,Fiber optic,Yes,Yes,No,Yes,Yes,Month-to-month,No,Mailed check,65.8,2664.3,No
CUST05958,Female,0,No,Yes,47,Yes,No,No internet service,No internet service,No internet service,No internet service,No internet service,Month-to-month,Yes,Electronic check,79.52,3761.77,Yes
CUST05959,Female,1,Yes,Yes,21,Yes,DSL,No,No,No,Yes,Yes,Two year,No,Bank transfer,87.09,1919.85,No
CUST05960,Female,0,No,No,29,Yes,DSL,Yes,No,Yes,Yes,Yes,Month-to-month,No,Electronic check,94.21,2722.88,Yes
CUST05961,Male,1,No,Yes,22,Yes,Fiber optic,Yes,No,No,No,No,Month-to-month,No,Mailed check,124.13,2685.74,No
CUST05962,Female,0,Yes,Yes,7,Yes,Fiber optic,Yes,Yes,Yes,No,Yes,Month-to-month,Yes,Mailed check,72.97,452.03,Yes
CUST05963,Female,0,Yes,No,27,Yes,DSL,Yes,No,No,No,Yes,One year,No,Credit card,56.21,1379.03,No
CUST05964,Male,0,Yes,No,15,Yes,DSL,Yes,No,Yes,Yes,Yes,One year,No,Bank transfer,91.46,1499.85,No
CUST05965,Female,0,Yes,No,43,Yes,DSL,No,Yes,Yes,Yes,Yes,One year,Yes,Mailed check,133.07,5705.81,No
CUST05966,Male,0,No,No,55,Yes,DSL,No,No,Yes,Yes,No,One year,Yes,Credit card,60.52,3346.4,No
CUST05967,Female,1,Yes,Yes,71,Yes,DSL,No,Yes,Yes,Yes,Yes,Month-to-month,No,Credit card,54.13,3911.46,No
CUST05968,Female,1,No,No,64,Yes,No,No internet service,No internet service,No internet service,No internet service,No internet service,Two year,Yes,Credit card,18.0,1262.95,No
CUST05969,Male,0,No,No,23,Yes,No,No internet service,No internet service,No internet service,No internet service,No internet service,One year,No,Electronic check,22.32,495.29,No
CUST05970,Male,1,Yes,Yes,68,Yes,Fiber optic,No,Yes,Yes,No,No,One year,Yes,Credit card,109.48,7371.67,No
CUST05971,Female,1,Yes,No,68,Yes,DSL,No,No,No,No,Yes,One year,No,Electronic check,69.66,,No
CUST05972,Male,0,Yes,No,36,Yes,DSL,No,Yes,No,Yes,No,Month-to-month,Yes,Electronic check,45.56,1629.63,Yes
CUST05973,Male,0,No,Yes,14,Yes,No,No internet service,No internet service,No internet service,No internet service,No internet service,One year,Yes,Mailed check,74.08,992.5,No
CUST05974,Male,0,Yes,Yes,56,Yes,No,No internet service,No internet service,No internet service,No internet service,No internet service,One year,No,Electronic check,139.03,7684.7,No
CUST05975,Female,0,Yes,No,8,Yes,DSL,No,No,Yes,No,Yes,Two year,Yes,Electronic check,74.1,623.93,No
CUST05976,Female,0,No,No,26,Yes,DSL,No,No,Yes,Yes,No,Two year,No,Electronic check,121.87,3274.64,No
CUST05977,Female,1,No,Yes,38,Yes,DSL,No,No,No,Yes,No,Month-to-month,Yes,Mailed check,50.58,2062.18,Yes
CUST05978,Male,0,Yes,No,63,Yes,Fiber optic,No,No,No,No,No,One year,Yes,Bank transfer,110.51,6901.62,No
CUST05979,Male,0,No,Yes,71,Yes,DSL,Yes,No,No,No,No,Month-to-month,No,Electronic check,59.97,4398.56,No
CUST05980,Female,0,No,No,59,Yes,Fiber optic,No,No,No,Yes,Yes,Two year,Yes,Electronic check,54.76,3142.79,No
CUST05981,Female,0,No,Yes,35,No,DSL,No,No,Yes,Yes,Yes,One year,Yes,Bank transfer,50.51,1779.79,No
CUST05982,Female,0,Yes,No,6,Yes,DSL,No,Yes,No,No,No,Two year,Yes,Electronic check,65.9,479.04,Yes
CUST05983,Female,0,No,No,58,No,Fiber optic,No,No,Yes,No,No,One year,Yes,Mailed check,98.4,5751.4,No
CUST05984,Female,0,Yes,No,62,Yes,Fiber optic,Yes,No,No,Yes,Yes,One year,No,Electronic check,61.96,3954.48,No
CUST05985,Male,0,Yes,Yes,34,Yes,DSL,No,Yes,Yes,No,Yes,Month-to-month,Yes,Bank transfer,100.74,3343.18,No
CUST05986,Male,0,Yes,No,40,Yes,Fiber optic,No,No,Yes,No,No,One year,Yes,Bank transfer,56.07,2228.19,No
CUST05987,Female,0,No,No,62,Yes,DSL,No,Yes,Yes,Yes,Yes,Month-to-month,Yes,Credit card,71.95,4444.65,No
CUST05988,Female,0,No,Yes,9,Yes,DSL,No,No,Yes,No,No,Month-to-month,Yes,Credit card,60.73,637.71,No
CUST05989,Female,0,No,No,59,Yes,DSL,Yes,Yes,Yes,Yes,Yes,Month-to-month,No,Bank transfer,119.3,7020.19,No
CUST05990,Female,0,No,No,37,Yes,DSL,No,Yes,Yes,No,No,Month-to-month,Yes,Electronic check,86.94,3235.48,Yes
CUST05991,Male,0,Yes,No,50,Yes,DSL,Yes,No,No,No,No,Two year,Yes,Bank transfer,81.11,4034.84,No
CUST05992,Male,0,Yes,No,13,Yes,Fiber optic,No,Yes,Yes,Yes,Yes,One year,Yes,Electronic check,67.03,900.35,No
CUST05993,Female,0,No,No,44,No,No,No internet service,No internet service,No internet service,No internet service,No internet service,Month-to-month,Yes,Bank transfer,59.43,2554.82,No
CUST05994,Female,1,Yes,No,19,Yes,DSL,No,Yes,Yes,Yes,No,Two year,No,Mailed check,48.84,838.4,No
CUST05995,Male,1,Yes,No,37,Yes,DSL,Yes,Yes,No,No,No,Month-to-month,No,Mailed check,107.05,3920.96,No
CUST05996,Male,0,No,Yes,38,Yes,Fiber optic,No,Yes,Yes,No,No,Month-to-month,Yes,Bank transfer,33.64,1204.86,Yes
CUST05997,Female,0,Yes,No,69,Yes,Fiber optic,Yes,Yes,Yes,Yes,No,Month-to-month,Yes,Mailed check,64.94,4464.64,No
CUST05998,Female,0,Yes,Yes,48,Yes,No,No internet service,No internet service,No internet service,No internet service,No internet service,Month-to-month,Yes,Mailed check,96.06,4673.42,Yes
CUST05999,Female,1,No,No,40,Yes,DSL,Yes,Yes,Yes,No,No,Two year,Yes,Mailed check,32.12,1177.8,No
CUST06000,Male,0,No,Yes,29,Yes,Fiber optic,Yes,No,No,No,Yes,One year,Yes,Mailed check,78.46,2242.23,No
CUST06001,Female,0,No,No,24,Yes,Fiber optic,No,No,No,No,Yes,One year,No,Electronic check,52.23,1427.15,No
CUST06002,Female,0,Yes,No,47,Yes,No,No internet service,No internet service,No internet service,No internet service,No internet service,One year,No,Electronic check,74.67,3365.91,No
CUST06003,Female,0,No,No,64,Yes,DSL,Yes,No,Yes,No,No,Month-to-month,Yes,Electronic check,69.79,4377.21,Yes
CUST06004,Female,0,No,Yes,41,Yes,DSL,No,Yes,No,No,Yes,One year,Yes,Mailed check,18.0,762.17,No
CUST06005,Male,0,Yes,No,48,Yes,DSL,No,No,No,Yes,No,One year,No,Bank transfer,89.95,4189.29,No
CUST06006,Male,0,No,No,23,Yes,Fiber optic,No,Yes,No,No,Yes,Month-to-month,Yes,Electronic check,49.3,1123.42,Yes
CUST06007,Male,0,No,No,40,No,Fiber optic,Yes,No,Yes,No,No,Month-to-month,Yes,Mailed check,60.28,2545.04,No
CUST06008,Female,0,No,No,41,No,Fiber optic,,Yes,No,No,No,Month-to-month,Yes,Bank transfer,75.27,3036.0,Yes
CUST06009,Male,0,Yes,Yes,49,Yes,DSL,No,No,Yes,Yes,No,Month-to-month,No,Credit card,83.39,4014.47,Yes
CUST06010,Male,0,No,No,23,Yes,DSL,Yes,Yes,Yes,No,Yes,Month-to-month,Yes,Credit card,85.18,1828.88,Yes
CUST06011,Male,1,Yes,No,25,No,Fiber optic,Yes,No,Yes,Yes,Yes,One year,No,Bank transfer,93.77,2273.77,Yes
CUST06012,Female,0,Yes,No,26,Yes,DSL,Yes,Yes,Yes,Yes,Yes,Month-to-month,No,Credit card,18.0,448.77,No
CUST06013,Female,1,Yes,Yes,30,Yes,No,No internet service,No internet service,No internet service,No internet service,No internet service,One year,Yes,Credit card,86.07,2752.87,No
CUST06014,Female,0,Yes,Yes,21,Yes,No,No internet service,No internet service,No internet service,No internet service,No internet service,Month-to-month,No,Mailed check,74.27,1544.74,Yes
CUST06015,Female,1,Yes,Yes,14,Yes,DSL,Yes,No,Yes,Yes,Yes,Month-to-month,Yes,Mailed check,60.17,831.24,Yes
CUST06016,Male,0,No,No,36,Yes,Fiber optic,No,No,Yes,No,Yes,One year,No,Credit card,80.56,2896.26,No
CUST06017,Male,0,No,No,62,Yes,DSL,Yes,Yes,No,No,No,Month-to-month,Yes,Bank transfer,97.01,5944.8,Yes
CUST06018,Male,0,Yes,No,2,Yes,No,No internet service,No internet service,No internet service,No internet service,No internet service,Two year,Yes,Bank transfer,52.09,0.0,No
CUST06019,Female,1,No,Yes,48,Yes,Fiber optic,No,No,Yes,No,No,Month-to-month,No,Mailed check,109.05,5349.84,Yes
CUST06020,Female,1,No,Yes,59,Yes,DSL,Yes,Yes,Yes,No,No,Two year,No,Mailed check,102.66,6105.23,No
CUST06021,Male,0,Yes,No,60,Yes,Fiber optic,Yes,Yes,Yes,No,Yes,Month-to-month,Yes,Bank transfer,83.25,5083.83,No
CUST06022,Male,0,No,Yes,62,Yes,DSL,Yes,No,No,Yes,Yes,Month-to-month,Yes,Electronic check,43.42,2710.82,No
CUST06023,Male,0,No,No,23,Yes,DSL,Yes,Yes,Yes,No,Yes,Month-to-month,Yes,Credit card,127.87,3033.71,No
CUST06024,Female,0,No,No,7,No,DSL,No,No,Yes,No,Yes,Month-to-month,No,Mailed check,81.11,444.29,Yes
CUST06025,Male,0,No,No,72,Yes,Fiber optic,Yes,Yes,No,Yes,No,Month-to-month,No,Mailed check,77.71,5599.18,No
CUST06026,Female,0,No,Yes,51,Yes,DSL,Yes,Yes,Yes,No,No,Month-to-month,Yes,Credit card,76.84,3960.12,Yes
CUST06027,Male,0,No,Yes,26,Yes,No,No internet service,No internet service,No internet service,No internet service,No internet service,Two year,Yes,Credit card,87.81,2388.54,No
CUST06028,Female,0,Yes,No,62,Yes,Fiber optic,No,No,Yes,Yes,Yes,Month-to-month,No,Credit card,97.17,6057.84,Yes
CUST06029,Female,1,Yes,Yes,25,Yes,No,No internet service,No internet service,No internet service,No internet service,No internet service,Month-to-month,No,Credit card,73.37,1867.61,No
CUST06030,Male,0,No,No,54,Yes,DSL,Yes,Yes,No,Yes,Yes,Month-to-month,No,Mailed check,42.93,2336.31,No
CUST06031,Female,0,Yes,No,70,Yes,No,No internet service,No internet service,No internet service,No internet service,No internet service,Two year,No,Credit card,99.87,6872.64,No
CUST06032,Female,0,Yes,No,56,Yes,Fiber optic,No,Yes,No,Yes,No,Month-to-month,Yes,Credit card,53.62,2955.23,No
CUST06033,Female,0,Yes,Yes,47,Yes,Fiber optic,,Yes,No,No,Yes,One year,Yes,Bank transfer,48.88,2256.99,No
CUST06034,Female,0,No,No,13,Yes,No,No internet service,No internet service,No internet service,No internet service,No internet service,Month-to-month,Yes,Electronic check,72.41,1007.98,No
CUST06035,Male,0,No,No,68,Yes,Fiber optic,Yes,No,No,Yes,No,Month-to-month,Yes,Electronic check,62.6,4297.9,Yes
CUST06036,Male,0,Yes,Yes,31,Yes,Fiber optic,Yes,No,Yes,Yes,No,Month-to-month,No,Bank transfer,83.5,2708.99,No
CUST06037,Female,0,Yes,No,45,Yes,No,No internet service,No internet service,No internet service,No internet service,No internet service,Two year,No,Electronic check,88.25,4010.3,No
CUST06038,Male,0,Yes,No,44,Yes,DSL,Yes,No,Yes,No,No,One year,No,Electronic check,62.25,2721.94,Yes
CUST06039,Male,0,Yes,Yes,17,Yes,DSL,No,No,Yes,Yes,No,Month-to-month,Yes,Bank transfer,77.03,1412.11,No
CUST06040,Male,0,No,No,44,Yes,No,No internet service,No internet service,No internet service,No internet service,No internet service,One year,No,Mailed check,61.87,2622.74,Yes
CUST06041,Male,0,Yes,Yes,28,Yes,No,No internet service,No internet service,No internet service,No internet service,No internet service,Month-to-month,No,Credit card,93.17,2585.49,No
CUST06042,Male,0,No,Yes,25,Yes,Fiber optic,No,Yes,No,Yes,Yes,Two year,Yes,Credit card,86.26,2080.74,Yes
CUST06043,Male,0,Yes,Yes,62,Yes,No,No internet service,No internet service,No internet service,No internet service,No internet service,Month-to-month,Yes,Mailed check,91.94,5610.61,Yes
CUST06044,Female,0,Yes,No,52,Yes,No,No internet service,No internet service,No internet service,No internet service,No internet service,Two year,No,Mailed check,66.9,3391.86,No
CUST06045,Female,0,No,No,35,Yes,Fiber optic,No,Yes,Yes,Yes,No,Two year,Yes,Mailed check,80.46,2763.18,No
CUST06046,Male,0,Yes,No,1,Yes,DSL,Yes,No,No,Yes,Yes,Month-to-month,No,Electronic check,86.75,101.98,Yes
CUST06047,Male,0,Yes,No,51,No,Fiber optic,No,Yes,Yes,Yes,Yes,Two year,Yes,Mailed check,92.72,4700.67,No
CUST06048,Female,0,Yes,Yes,53,Yes,Fiber optic,No,Yes,Yes,No,Yes,Two year,Yes,Credit card,90.57,4820.99,No
CUST06049,Male,0,No,No,12,No,DSL,,Yes,No,Yes,Yes,Two year,No,Credit card,70.93,868.85,No
CUST06050,Male,0,Yes,No,55,Yes,No,No internet service,No internet service,No internet service,No internet service,No internet service,Month-to-month,Yes,Mailed check,45.26,2302.36,No
CUST06051,Male,0,No,No,29,Yes,Fiber optic,No,No,No,Yes,Yes,One year,Yes,Bank transfer,86.54,2522.03,No
CUST06052,Male,0,No,No,53,Yes,No,No internet service,No internet service,No internet service,No internet service,No internet service,Month-to-month,Yes,Electronic check,85.3,4460.9,Yes
CUST06053,Male,0,No,No,61,No,Fiber optic,Yes,Yes,No,Yes,Yes,Two year,Yes,Electronic check,46.5,2705.09,No
CUST06054,Male,0,No,No,51,Yes,DSL,No,No,No,Yes,Yes,Month-to-month,Yes,Mailed check,95.17,4871.79,Yes
CUST06055,Female,0,No,No,68,Yes,Fiber optic,No,No,Yes,Yes,Yes,One year,No,Mailed check,77.91,5302.97,No
CUST06056,Female,0,No,No,5,Yes,Fiber optic,No,No,No,Yes,Yes,Two year,Yes,Bank transfer,70.78,365.68,No
CUST06057,Male,0,Yes,Yes,23,Yes,Fiber optic,Yes,Yes,Yes,Yes,No,Two year,Yes,Mailed check,79.34,1880.3,No
CUST06058,Female,0,No,No,4,Yes,DSL,Yes,No,Yes,No,Yes,Two year,Yes,Mailed check,97.28,334.6,No
CUST06059,Female,0,No,No,12,Yes,No,No internet service,No internet service,No internet service,No internet service,No internet service,Two year,No,Credit card,112.96,1276.12,No
CUST06060,Male,0,Yes,No,27,Yes,DSL,Yes,No,Yes,Yes,Yes,One year,Yes,Credit card,72.66,1958.55,Yes
CUST06061,Male,0,No,No,1,Yes,Fiber optic,Yes,Yes,Yes,Yes,No,One year,No,Bank transfer,68.24,31.26,Yes
CUST06062,Female,0,Yes,No,28,Yes,Fiber optic,Yes,Yes,Yes,Yes,No,Month-to-month,No,Electronic check,89.19,2713.2,Yes
CUST06063,Male,0,No,Yes,9,Yes,No,No internet service,No internet service,No internet service,No internet service,No internet service,Two year,Yes,Mailed check,40.5,351.74,No
CUST06064,Male,1,Yes,Yes,8,Yes,DSL,Yes,Yes,No,Yes,No,Month-to-month,Yes,Bank transfer,95.56,761.95,Yes
CUST06065,Male,0,Yes,No,61,Yes,DSL,No,No,No,No,Yes,Two year,No,Mailed check,40.13,2374.71,No
CUST06066,Male,0,Yes,No,54,Yes,No,No internet service,No internet service,No internet service,No internet service,No internet service,Month-to-month,Yes,Electronic check,39.64,2053.89,No
CUST06067,Male,0,Yes,No,33,Yes,No,No internet service,No internet service,No internet service,No internet service,No internet service,Month-to-month,No,Credit card,112.83,3585.97,No
CUST06068,Male,0,Yes,No,41,Yes,DSL,No,No,Yes,No,Yes,Month-to-month,No,Electronic check,21.93,867.94,No
CUST06069,Male,0,Yes,No,21,No,No,No internet service,No internet service,No internet service,No internet service,No internet service,Two year,No,Electronic check,106.68,2218.4,No
CUST06070,Female,0,No,Yes,35,Yes,No,No internet service,No internet service,No internet service,No internet service,No internet service,Month-to-month,Yes,Electronic check,112.99,4036.78,Yes
CUST06071,Male,1,Yes,Yes,56,Yes,DSL,No,Yes,Yes,Yes,No,Month-to-month,Yes,Electronic check,82.49,4593.47,No
CUST06072,Female,0,No,Yes,38,Yes,Fiber optic,Yes,Yes,No,No,No,Month-to-month,Yes,Electronic check,89.14,3348.65,Yes
CUST06073,Female,0,No,No,57,Yes,DSL,Yes,Yes,Yes,No,No,Month-to-month,Yes,Electronic check,34.65,1987.44,Yes
CUST06074,Female,0,Yes,Yes,35,Yes,No,No internet service,No internet service,No internet service,No internet service,No internet service,Month-to-month,No,Bank transfer,61.69,2143.66,Yes
CUST06075,Female,0,Yes,No,26,Yes,DSL,No,No,No,No,Yes,Month-to-month,Yes,Credit card,82.96,2226.25,No
CUST06076,Male,0,Yes,No,65,Yes,Fiber optic,No,Yes,Yes,No,Yes,One year,No,Credit card,82.23,5452.32,No
CUST06077,Male,0,Yes,No,65,Yes,No,No internet service,No internet service,No internet service,No internet service,No internet service,Two year,No,Bank transfer,85.11,5521.4,No
CUST06078,Male,0,No,Yes,16,Yes,DSL,Yes,No,No,Yes,No,Two year,Yes,Credit card,82.22,1229.87,No
CUST06079,Female,0,No,No,33,Yes,Fiber optic,Yes,Yes,Yes,Yes,No,One year,No,Mailed check,74.53,2439.84,No
CUST06080,Female,0,No,No,56,Yes,DSL,No,No,No,Yes,No,Month-to-month,No,Bank transfer,43.46,2442.62,No
CUST06081,Female,0,Yes,No,19,Yes,DSL,Yes,Yes,No,Yes,Yes,One year,Yes,Mailed check,82.8,1457.16,No
CUST06082,Male,0,No,No,54,Yes,No,No internet service,No internet service,No internet service,No internet service,No internet service,One year,Yes,Mailed check,45.58,2429.89,No
CUST06083,Male,0,Yes,No,65,Yes,No,No internet service,No internet service,No internet service,No internet service,No internet service,One year,Yes,Electronic check,64.88,4089.19,No
CUST06084,Female,1,No,No,17,Yes,Fiber optic,Yes,No,No,No,No,One year,No,Mailed check,108.8,1874.9,Yes
CUST06085,Female,0,No,No,11,Yes,No,No internet service,No internet service,No internet service,No internet service,No internet service,One year,No,Electronic check,34.89,287.06,No
CUST06086,Female,0,Yes,Yes,68,Yes,DSL,No,No,Yes,No,No,One year,No,Mailed check,70.89,4786.44,Yes
CUST06087,Male,1,No,No,72,Yes,Fiber optic,No,No,No,No,No,Two year,Yes,Bank transfer,95.71,6870.71,No
CUST06088,Male,0,No,No,62,Yes,No,No internet service,No internet service,No internet service,No internet service,No internet service,One year,Yes,Mailed check,89.97,5467.08,No
CUST06089,Male,1,No,No,44,Yes,No,No internet service,No internet service,No internet service,No internet service,No internet service,Month-to-month,No,Credit card,81.64,3587.68,No
CUST06090,Female,0,Yes,No,6,No,Fiber optic,Yes,No,No,No,Yes,Two year,No,Bank transfer,57.07,248.12,No
CUST06091,Male,0,No,No,66,Yes,DSL,Yes,Yes,Yes,No,No,One year,Yes,Credit card,106.77,7157.91,No
CUST06092,Female,0,Yes,No,14,Yes,Fiber optic,No,Yes,Yes,Yes,Yes,One year,No,Bank transfer,43.4,706.58,Yes
CUST06093,Male,0,Yes,No,13,Yes,DSL,No,Yes,Yes,Yes,No,Month-to-month,Yes,Bank transfer,91.32,1273.83,No
CUST06094,Male,0,No,Yes,52,Yes,No,No internet service,No internet service,No internet service,No internet service,No internet service,Month-to-month,No,Credit card,77.83,4051.63,No
CUST06095,Male,0,Yes,No,28,Yes,DSL,No,No,Yes,Yes,No,Two year,Yes,Electronic check,54.33,1541.11,No
CUST06096,Female,0,Yes,Yes,63,Yes,Fiber optic,No,Yes,Yes,Yes,No,Month-to-month,Yes,Electronic check,64.27,4027.64,Yes
CUST06097,Female,0,No,Yes,63,Yes,DSL,No,No,No,No,No,Month-to-month,Yes,Mailed check,119.28,7550.36,No
CUST06098,Female,0,Yes,No,58,No,Fiber optic,No,No,Yes,No,Yes,Month-to-month,Yes,Electronic check,44.95,2730.9,No
CUST06099,Female,0,No,Yes,61,Yes,No,No internet service,No internet service,No internet service,No internet service,No internet service,Month-to-month,No,Credit card,30.0,1744.47,No
CUST06100,Male,0,No,Yes,39,Yes,Fiber optic,Yes,No,Yes,Yes,Yes,One year,No,Credit card,58.05,2292.0,No
CUST06101,Male,1,Yes,No,63,No,No,No internet service,No internet service,No internet service,No internet service,No internet service,Month-to-month,No,Electronic check,84.32,5167.97,No
CUST06102,Female,0,No,No,66,Yes,Fiber optic,No,Yes,Yes,No,Yes,Month-to-month,Yes,Mailed check,109.6,7193.43,No
CUST06103,Male,0,No,No,20,Yes,DSL,Yes,Yes,Yes,No,No,Two year,No,Electronic check,74.63,1480.43,No
CUST06104,Male,0,No,No,31,Yes,No,No internet service,No internet service,No internet service,No internet service,No internet service,One year,No,Credit card,33.29,1050.25,No
CUST06105,Female,0,No,No,45,Yes,DSL,Yes,No,Yes,Yes,Yes,Two year,No,Credit card,76.39,3484.52,No
CUST06106,Female,0,No,No,62,Yes,DSL,Yes,Yes,Yes,Yes,No,Month-to-month,No,Mailed check,95.4,6012.42,No
CUST06107,Male,1,No,Yes,28,Yes,Fiber optic,No,Yes,No,Yes,Yes,Two year,Yes,Bank transfer,82.01,2177.06,No
CUST06108,Female,0,Yes,Yes,18,Yes,DSL,Yes,Yes,No,Yes,Yes,Month-to-month,No,Electronic check,86.34,1616.54,Yes
CUST06109,Female,0,Yes,Yes,23,No,No,No internet service,No internet service,No internet service,No internet service,No internet service,Month-to-month,Yes,Electronic check,27.2,762.77,Yes
CUST06110,Female,1,No,No,58,Yes,Fiber optic,No,Yes,Yes,No,No,Month-to-month,No,Bank transfer,40.45,2309.06,Yes
CUST06111,Female,0,No,Yes,37,Yes,DSL,Yes,No,Yes,No,Yes,Month-to-month,Yes,Mailed check,70.65,2567.01,Yes
CUST06112,Male,0,No,No,18,Yes,Fiber optic,No,No,No,No,No,Two year,Yes,Electronic check,102.34,1851.7,No
CUST06113,Male,0,Yes,No,52,Yes,DSL,No,No,Yes,No,No,Month-to-month,Yes,Bank transfer,54.26,2809.44,Yes
CUST06114,Female,0,No,No,48,No,Fiber optic,No,No,No,No,Yes,One year,No,Credit card,79.12,3780.32,No
CUST06115,Male,0,Yes,No,37,Yes,DSL,Yes,Yes,No,No,Yes,Month-to-month,Yes,Bank transfer,78.16,3006.71,No
CUST06116,Male,0,Yes,No,45,Yes,No,No internet service,No internet service,No internet service,No internet service,No internet service,Month-to-month,Yes,Mailed check,47.93,2347.0,No
CUST06117,Female,0,No,No,16,Yes,DSL,Yes,No,No,Yes,No,Two year,No,Electronic check,55.59,863.41,Yes
CUST06118,Male,0,Yes,Yes,13,Yes,DSL,No,No,No,Yes,No,One year,Yes,Mailed check,73.37,1138.79,Yes
CUST06119,Female,0,No,No,58,Yes,Fiber optic,Yes,No,Yes,Yes,No,Month-to-month,No,Credit card,64.86,3733.43,No
CUST06120,Male,0,Yes,Yes,49,Yes,Fiber optic,Yes,No,Yes,No,Yes,Month-to-month,No,Mailed check,94.51,4691.52,Yes
CUST06121,Male,1,No,Yes,71,Yes,Fiber optic,No,Yes,Yes,No,Yes,Month-to-month,No,Credit card,63.48,4423.4,Yes
CUST06122,Female,0,No,Yes,68,Yes,Fiber optic,No,Yes,Yes,Yes,No,One year,Yes,Electronic check,,6469.56,Yes
CUST06123,Female,1,Yes,No,26,No,DSL,No,Yes,Yes,Yes,Yes,Month-to-month,No,Bank transfer,64.96,1662.93,No
CUST06124,Male,0,No,Yes,33,Yes,Fiber optic,Yes,Yes,No,Yes,Yes,Two year,No,Bank transfer,74.6,2528.31,No
CUST06125,Male,0,No,No,61,Yes,No,No internet service,No internet service,No internet service,No internet service,No internet service,Two year,Yes,Mailed check,94.0,5750.62,No
CUST06126,Male,0,Yes,No,0,No,DSL,Yes,No,No,Yes,No,Month-to-month,No,Electronic check,71.32,0.0,Yes
CUST06127,Male,0,No,No,63,Yes,Fiber optic,Yes,Yes,Yes,Yes,No,Month-to-month,Yes,Bank transfer,63.35,3884.38,No
CUST06128,Female,0,No,No,12,Yes,DSL,Yes,Yes,Yes,Yes,No,Two year,Yes,Bank transfer,72.27,728.97,No
CUST06129,Male,1,Yes,No,19,Yes,No,No internet service,No internet service,No internet service,No internet service,No internet service,Month-to-month,No,Mailed check,96.33,1855.64,Yes
CUST06130,Male,0,No,No,35,No,DSL,Yes,No,No,No,Yes,Month-to-month,No,Mailed check,82.29,2891.91,Yes
CUST06131,Male,0,Yes,Yes,51,No,DSL,Yes,Yes,Yes,No,Yes,One year,Yes,Credit card,20.38,1049.61,No
CUST06132,Male,0,Yes,Yes,25,Yes,Fiber optic,Yes,No,Yes,No,No,Month-to-month,No,Credit card,55.95,1408.13,No
CUST06133,Female,1,Yes,No,68,Yes,Fiber optic,No,No,Yes,Yes,No,One year,No,Mailed check,56.16,3758.16,No
CUST06134,Male,0,No,No,57,Yes,DSL,Yes,No,No,Yes,Yes,Two year,Yes,Bank transfer,88.59,5063.1,No
CUST06135,Female,0,No,No,54,Yes,No,No internet service,No internet service,No internet service,No internet service,No internet service,One year,Yes,Mailed check,26.09,1523.48,No
CUST06136,Male,0,Yes,Yes,56,Yes,DSL,No,Yes,No,Yes,Yes,Month-to-month,Yes,Credit card,80.99,4580.89,Yes
CUST06137,Male,1,Yes,No,2,Yes,No,No internet service,No internet service,No internet service,No internet service,No internet service,Month-to-month,No,Mailed check,89.9,86.14,No
CUST06138,Female,0,Yes,No,60,Yes,No,No internet service,No internet service,No internet service,No internet service,No internet service,Two year,Yes,Electronic check,89.9,5367.16,No
CUST06139,Male,0,No,No,44,Yes,Fiber optic,Yes,Yes,Yes,Yes,No,One year,Yes,Electronic check,71.88,3112.4,No
CUST06140,Male,0,Yes,Yes,13,Yes,Fiber optic,Yes,Yes,No,No,No,One year,No,Bank transfer,33.6,507.28,No
CUST06141,Male,0,Yes,No,56,Yes,Fiber optic,Yes,Yes,Yes,Yes,Yes,Month-to-month,No,Electronic check,67.57,3699.28,No
CUST06142,Male,0,Yes,No,7,Yes,No,No internet service,No internet service,No internet service,No internet service,No internet service,Two year,Yes,Bank transfer,110.85,790.41,Yes
CUST06143,Female,0,Yes,No,45,Yes,DSL,Yes,No,No,No,No,Month-to-month,No,Bank transfer,59.1,2631.97,No
CUST06144,Female,0,No,Yes,41,Yes,No,No internet service,No internet service,No internet service,No internet service,No internet service,Two year,Yes,Electronic check,128.52,5207.02,No
CUST06145,Male,1,No,No,2,No,Fiber optic,Yes,Yes,Yes,No,No,Month-to-month,Yes,Bank transfer,94.28,205.09,Yes
CUST06146,Female,1,Yes,No,27,Yes,No,No internet service,No internet service,No internet service,No internet service,No internet service,Month-to-month,Yes,Electronic check,70.42,1883.56,No
CUST06147,Female,1,No,No,8,Yes,Fiber optic,Yes,No,Yes,Yes,Yes,Month-to-month,No,Credit card,79.64,696.61,Yes
CUST06148,Female,1,Yes,No,69,Yes,Fiber optic,Yes,Yes,Yes,No,Yes,Month-to-month,Yes,Bank transfer,83.36,5712.74,Yes
CUST06149,Male,0,No,No,58,Yes,Fiber optic,Yes,No,No,No,Yes,Two year,No,Electronic check,59.57,3360.39,No
CUST06150,Female,1,Yes,Yes,72,Yes,Fiber optic,No,Yes,No,Yes,Yes,Month-to-month,Yes,Mailed check,63.65,4566.21,Yes
CUST06151,Male,1,Yes,Yes,35,Yes,Fiber optic,Yes,No,Yes,No,Yes,Two year,Yes,Credit card,123.87,4355.45,No
CUST06152,Female,0,No,No,23,Yes,Fiber optic,Yes,Yes,Yes,Yes,Yes,One year,No,Electronic check,111.29,2608.5,Yes
CUST06153,Female,0,Yes,No,69,Yes,DSL,No,No,No,Yes,No,Month-to-month,No,Mailed check,64.56,4439.74,No
CUST06154,Male,0,No,No,22,Yes,No,No internet service,No internet service,No internet service,No internet service,No internet service,One year,Yes,Bank transfer,54.53,1267.1,No
CUST06155,Male,0,Yes,No,30,Yes,No,No internet service,No internet service,No internet service,No internet service,No internet service,Two year,Yes,Bank transfer,34.17,917.8,No
CUST06156,Female,0,Yes,Yes,9,Yes,No,No internet service,No internet service,No internet service,No internet service,No internet service,One year,Yes,Mailed check,127.91,1229.57,Yes
CUST06157,Male,0,No,Yes,59,Yes,No,No internet service,No internet service,No internet service,No internet service,No internet service,Month-to-month,Yes,Electronic check,99.61,5922.52,Yes
CUST06158,Female,0,Yes,No,8,Yes,Fiber optic,Yes,Yes,No,No,No,Two year,No,Mailed check,105.16,805.8,No
CUST06159,Female,0,Yes,No,2,No,No,No internet service,No internet service,No internet service,No internet service,No internet service,One year,Yes,Mailed check,60.42,204.69,Yes
CUST06160,Male,0,No,Yes,60,No,Fiber optic,Yes,Yes,No,Yes,No,Two year,Yes,Electronic check,58.77,3551.1,No
CUST06161,Male,1,Yes,No,61,Yes,DSL,Yes,Yes,No,No,Yes,One year,No,Bank transfer,50.96,3210.74,No
CUST06162,Male,0,No,No,62,Yes,DSL,Yes,Yes,Yes,No,Yes,Month-to-month,No,Mailed check,18.0,1053.85,No
CUST06163,Male,0,Yes,Yes,62,Yes,DSL,Yes,Yes,No,Yes,No,Month-to-month,Yes,Mailed check,52.14,3178.07,No
CUST06164,Male,0,No,Yes,10,Yes,DSL,Yes,Yes,Yes,No,No,Two year,Yes,Credit card,81.99,863.88,No
CUST06165,Male,1,No,No,26,No,Fiber optic,Yes,No,Yes,Yes,No,Two year,No,Credit card,80.21,2090.84,No
CUST06166,Female,1,Yes,Yes,55,Yes,No,No internet service,No internet service,No internet service,No internet service,No internet service,Month-to-month,No,Credit card,58.6,3107.82,Yes
CUST06167,Male,0,No,Yes,22,Yes,DSL,No,No,No,Yes,Yes,Month-to-month,No,Credit card,90.37,2137.75,Yes
CUST06168,Female,0,No,Yes,56,Yes,No,No internet service,No internet service,No internet service,No internet service,No internet service,Month-to-month,Yes,Mailed check,57.15,3340.55,Yes
CUST06169,Female,0,No,Yes,66,Yes,No,No internet service,No internet service,No internet service,No internet service,No internet service,Month-to-month,Yes,Mailed check,93.19,6165.86,No
CUST06170,Female,0,Yes,No,70,Yes,No,No internet service,No internet service,No internet service,No internet service,No internet service,Month-to-month,No,Mailed check,92.87,6445.95,Yes
CUST06171,Female,0,No,Yes,56,Yes,No,No internet service,No internet service,No internet service,No internet service,No internet service,Month-to-month,No,Electronic check,94.48,5237.74,No
CUST06172,Male,0,No,No,58,Yes,No,No internet service,No internet service,No internet service,No internet service,No internet service,Month-to-month,No,Credit card,75.85,4430.24,No
CUST06173,Female,0,No,No,43,Yes,DSL,Yes,Yes,No,No,Yes,Month-to-month,No,Mailed check,53.6,2419.72,No
CUST06174,Male,0,No,Yes,5,Yes,Fiber optic,Yes,No,Yes,Yes,Yes,Two year,No,Bank transfer,44.19,432.57,Yes
CUST06175,Male,0,No,Yes,31,Yes,Fiber optic,Yes,Yes,Yes,No,Yes,Month-to-month,Yes,Credit card,19.78,589.07,No
CUST06176,Male,0,No,No,69,Yes,DSL,No,Yes,Yes,Yes,Yes,One year,Yes,Electronic check,92.93,6383.69,No
CUST06177,Female,0,No,No,66,Yes,Fiber optic,Yes,No,Yes,No,Yes,Month-to-month,Yes,Mailed check,31.85,2088.87,Yes
CUST06178,Female,0,No,No,17,Yes,Fiber optic,Yes,Yes,Yes,No,Yes,One year,No,Credit card,70.62,1233.23,Yes
CUST06179,Female,0,No,No,54,Yes,No,No internet service,No internet service,No internet service,No internet service,No internet service,Two year,Yes,Mailed check,79.45,4221.93,No
CUST06180,Female,0,Yes,No,22,Yes,DSL,No,Yes,No,No,Yes,Month-to-month,No,Credit card,47.27,930.92,No
CUST06181,Male,1,No,Yes,30,Yes,No,No internet service,No internet service,No internet service,No internet service,No internet service,Two year,Yes,Bank transfer,70.92,2108.97,No
CUST06182,Female,0,Yes,Yes,47,Yes,DSL,No,Yes,Yes,No,No,Month-to-month,Yes,Mailed check,81.97,3877.38,No
CUST06183,Male,0,No,No,36,No,Fiber optic,No,Yes,Yes,No,Yes,Month-to-month,Yes,Mailed check,67.17,2555.26,Yes
CUST06184,Female,0,No,Yes,44,Yes,DSL,No,No,No,No,Yes,Month-to-month,No,Credit card,85.51,3676.09,No
CUST06185,Male,0,No,No,7,Yes,No,No internet service,No internet service,No internet service,No internet service,No internet service,Month-to-month,Yes,Electronic check,62.88,530.51,Yes
CUST06186,Female,1,Yes,Yes,21,No,Fiber optic,Yes,No,Yes,No,No,Month-to-month,No,Bank transfer,67.06,1400.08,No
CUST06187,Male,0,No,No,59,Yes,DSL,Yes,No,Yes,Yes,Yes,One year,Yes,Credit card,51.78,3035.5,No
CUST06188,Female,0,Yes,No,45,Yes,No,No internet service,No internet service,No internet service,No internet service,No internet service,Month-to-month,Yes,Credit card,70.61,3053.3,Yes
CUST06189,Male,0,No,No,61,Yes,DSL,No,Yes,No,Yes,No,Two year,Yes,Bank transfer,74.15,4554.5,No
CUST06190,Male,0,No,No,70,Yes,No,No internet service,No internet service,No internet service,No internet service,No internet service,Month-to-month,Yes,Mailed check,50.9,3584.99,No
CUST06191,Female,1,No,Yes,25,Yes,DSL,Yes,No,Yes,Yes,No,Month-to-month,No,Credit card,84.72,2299.42,No
CUST06192,Male,0,Yes,Yes,19,Yes,DSL,,No,No,Yes,No,Month-to-month,Yes,Mailed check,18.0,321.36,No
CUST06193,Male,0,No,No,22,Yes,DSL,Yes,No,No,Yes,No,One year,Yes,Mailed check,101.05,2347.38,No
CUST06194,Male,0,Yes,Yes,41,No,Fiber optic,No,Yes,No,No,Yes,Two year,Yes,Bank transfer,38.56,1556.58,Yes
CUST06195,Male,0,No,No,18,Yes,No,No internet service,No internet service,No internet service,No internet service,No internet service,Two year,No,Mailed check,100.01,1772.84,No
CUST06196,Male,0,No,No,28,Yes,Fiber optic,Yes,No,Yes,No,Yes,Month-to-month,Yes,Mailed check,89.51,2371.85,Yes
CUST06197,Female,1,No,No,12,Yes,DSL,No,Yes,No,Yes,Yes,Two year,No,Mailed check,99.31,1283.7,No
CUST06198,Male,0,Yes,No,28,Yes,Fiber optic,No,No,No,Yes,No,Month-to-month,No,Bank transfer,45.85,1294.82,No
CUST06199,Male,0,Yes,No,69,Yes,Fiber optic,No,Yes,Yes,Yes,Yes,Two year,No,Electronic check,68.91,4754.4,No
CUST06200,Male,1,No,No,30,Yes,Fiber optic,Yes,No,Yes,Yes,No,Month-to-month,No,Bank transfer,81.35,2417.28,Yes
CUST06201,Female,0,No,Yes,55,Yes,Fiber optic,Yes,Yes,No,Yes,Yes,Month-to-month,No,Bank transfer,84.7,4677.34,No
CUST06202,Female,0,Yes,No,31,No,Fiber optic,No,Yes,No,Yes,No,Month-to-month,Yes,Electronic check,95.0,2888.11,No
CUST06203,Male,0,No,Yes,31,Yes,Fiber optic,Yes,No,Yes,Yes,No,One year,No,Electronic check,90.28,2834.66,No
CUST06204,Male,0,Yes,No,48,Yes,Fiber optic,No,Yes,No,Yes,Yes,Month-to-month,No,Credit card,85.89,4046.35,Yes
CUST06205,Male,0,Yes,Yes,8,Yes,DSL,No,No,No,No,No,Month-to-month,Yes,Credit card,86.28,679.53,Yes
CUST06206,Female,0,No,No,25,Yes,No,No internet service,No internet service,No internet service,No internet service,No internet service,Month-to-month,No,Electronic check,91.09,2317.04,No
CUST06207,Female,0,No,No,10,Yes,No,No internet service,No internet service,No internet service,No internet service,No internet service,Month-to-month,No,Electronic check,74.5,857.61,Yes
CUST06208,Female,1,No,Yes,14,Yes,No,No internet service,No internet service,No internet service,No internet service,No internet service,One year,Yes,Credit card,102.65,1453.89,No
CUST06209,Male,0,Yes,No,51,Yes,No,No internet service,No internet service,No internet service,No internet service,No internet service,Two year,Yes,Credit card,72.08,3779.81,No
CUST06210,Female,0,No,Yes,12,Yes,Fiber optic,No,No,No,No,Yes,Two year,Yes,Bank transfer,31.72,379.64,No
CUST06211,Male,1,No,No,14,Yes,No,No internet service,No internet service,No internet service,No internet service,No internet service,Month-to-month,Yes,Credit card,105.13,1397.01,No
CUST06212,Female,0,No,No,41,Yes,Fiber optic,Yes,Yes,Yes,No,Yes,One year,No,Mailed check,85.7,3680.23,No
CUST06213,Female,0,Yes,No,25,Yes,Fiber optic,Yes,Yes,Yes,Yes,No,One year,Yes,Mailed check,70.28,1747.76,No
CUST06214,Male,0,No,No,8,Yes,No,No internet service,No internet service,No internet service,No internet service,No internet service,Two year,Yes,Credit card,76.85,690.54,No
CUST06215,Female,0,Yes,No,69,Yes,No,No internet service,No internet service,No internet service,No internet service,No internet service,One year,No,Mailed check,111.68,7656.26,No
CUST06216,Female,0,No,Yes,67,Yes,Fiber optic,No,No,Yes,No,No,One year,Yes,Mailed check,76.5,5167.16,No
CUST06217,Male,0,No,No,42,Yes,No,No internet service,No internet service,No internet service,No internet service,No internet service,Month-to-month,Yes,Bank transfer,111.98,4730.72,No
CUST06218,Male,0,Yes,No,38,Yes,Fiber optic,No,Yes,No,Yes,No,Two year,Yes,Mailed check,85.79,3260.0,Yes
CUST06219,Male,0,Yes,No,59,Yes,Fiber optic,No,Yes,No,No,No,One year,No,Mailed check,64.93,3993.19,No
CUST06220,Female,0,No,No,71,Yes,No,No internet service,No internet service,No internet service,No internet service,No internet service,Month-to-month,Yes,Electronic check,41.26,2963.76,Yes
CUST06221,Male,0,No,No,7,Yes,Fiber optic,Yes,Yes,No,Yes,Yes,One year,No,Electronic check,76.28,504.28,Yes
CUST06222,Male,0,Yes,Yes,7,Yes,No,No internet service,No internet service,No internet service,No internet service,No internet service,Month-to-month,Yes,Bank transfer,106.85,873.87,No
CUST06223,Female,0,Yes,Yes,24,Yes,No,No internet service,No internet service,No internet service,No internet service,No internet service,Month-to-month,Yes,Mailed check,59.79,1290.06,Yes
CUST06224,Male,0,No,No,22,No,DSL,Yes,No,No,Yes,Yes,One year,Yes,Credit card,83.16,1712.87,No
CUST06225,Male,0,Yes,Yes,65,Yes,No,No internet service,No internet service,No internet service,No internet service,No internet service,One year,Yes,Bank transfer,112.38,7375.1,No
CUST06226,Female,1,No,Yes,37,Yes,DSL,No,Yes,No,Yes,No,Two year,No,Bank transfer,29.68,1116.3,No
CUST06227,Female,0,No,No,59,Yes,No,No internet service,No internet service,No internet service,No internet service,No internet service,Two year,No,Credit card,83.94,4908.75,No
CUST06228,Female,0,Yes,No,48,Yes,Fiber optic,Yes,No,Yes,Yes,Yes,Month-to-month,Yes,Mailed check,87.85,4248.18,No
CUST06229,Male,1,No,No,52,Yes,Fiber optic,No,No,Yes,Yes,Yes,Month-to-month,Yes,Credit card,82.9,4396.11,Yes
CUST06230,Male,1,No,No,69,Yes,No,No internet service,No internet service,No internet service,No internet service,No internet service,Month-to-month,Yes,Credit card,31.4,2082.06,Yes
CUST06231,Male,0,No,No,42,Yes,Fiber optic,Yes,Yes,Yes,Yes,No,Two year,No,Bank transfer,55.02,2303.84,No
CUST06232,Female,0,No,Yes,56,No,DSL,,Yes,Yes,Yes,Yes,Month-to-month,No,Bank transfer,21.85,1226.68,No
CUST06233,Male,0,Yes,No,19,Yes,Fiber optic,No,No,No,Yes,No,Month-to-month,Yes,Credit card,41.06,804.64,Yes
CUST06234,Male,0,Yes,No,18,Yes,Fiber optic,No,No,Yes,No,No,One year,No,Bank transfer,95.09,1763.16,Yes
CUST06235,Female,0,No,No,42,Yes,Fiber optic,No,No,Yes,Yes,No,Month-to-month,No,Mailed check,65.75,2604.06,No
CUST06236,Female,0,Yes,No,65,Yes,DSL,Yes,No,Yes,No,No,One year,Yes,Credit card,94.48,6184.09,No
CUST06237,Female,0,Yes,Yes,3,Yes,Fiber optic,No,No,No,No,No,Two year,Yes,Credit card,93.11,126.64,Yes
CUST06238,Male,0,Yes,No,36,Yes,No,,No internet service,No internet service,No internet service,No internet service,One year,No,Mailed check,45.91,1649.8,No
CUST06239,Female,1,No,Yes,14,Yes,Fiber optic,Yes,Yes,Yes,Yes,No,Month-to-month,Yes,Mailed check,78.23,1010.8,No
CUST06240,Male,0,Yes,Yes,64,Yes,No,No internet service,No internet service,No internet service,No internet service,No internet service,Month-to-month,Yes,Bank transfer,34.34,2213.49,Yes
CUST06241,Female,0,No,No,37,Yes,Fiber optic,No,Yes,No,Yes,Yes,Month-to-month,No,Bank transfer,80.87,3045.44,No
CUST06242,Male,0,No,Yes,3,Yes,No,No internet service,No internet service,No internet service,No internet service,No internet service,Month-to-month,Yes,Mailed check,84.59,,No
CUST06243,Female,0,Yes,Yes,0,No,No,No internet service,No internet service,No internet service,No internet service,No internet service,Month-to-month,Yes,Bank transfer,68.31,0.0,Yes
CUST06244,Male,0,No,No,46,Yes,Fiber optic,No,No,No,No,No,Month-to-month,No,Mailed check,31.95,1364.43,Yes
CUST06245,Female,0,Yes,No,16,Yes,Fiber optic,No,No,Yes,Yes,No,One year,Yes,Electronic check,36.81,586.0,Yes
CUST06246,Male,0,No,No,3,Yes,No,No internet service,No internet service,No internet service,No internet service,No internet service,Month-to-month,No,Electronic check,137.57,380.14,No
CUST06247,Female,0,No,Yes,11,Yes,No,No internet service,No internet service,No internet service,No internet service,No internet service,Month-to-month,Yes,Credit card,89.53,1011.75,Yes
CUST06248,Male,0,No,No,11,Yes,Fiber optic,Yes,Yes,No,No,Yes,Month-to-month,No,Credit card,67.03,702.88,No
CUST06249,Male,0,No,No,25,Yes,No,No internet service,No internet service,No internet service,No internet service,No internet service,Month-to-month,No,Electronic check,98.0,2562.17,Yes
CUST06250,Male,0,No,No,52,Yes,No,No internet service,No internet service,No internet service,No internet service,No internet service,One year,Yes,Credit card,110.79,5764.81,Yes
CUST06251,Female,0,No,No,62,Yes,DSL,Yes,Yes,No,Yes,Yes,Month-to-month,No,Mailed check,104.26,6537.67,Yes
CUST06252,Male,0,No,No,38,Yes,Fiber optic,Yes,No,Yes,No,No,Month-to-month,No,Electronic check,69.16,2588.15,Yes
CUST06253,Male,0,Yes,Yes,69,Yes,Fiber optic,Yes,Yes,No,No,No,One year,No,Mailed check,65.65,4588.65,No
CUST06254,Female,0,No,No,57,Yes,DSL,Yes,Yes,Yes,Yes,Yes,One year,Yes,Electronic check,93.9,5402.21,No
CUST06255,Male,0,No,No,12,Yes,No,No internet service,No internet service,No internet service,No internet service,No internet service,Two year,No,Electronic check,68.11,762.87,No
CUST06256,Male,0,Yes,No,53,Yes,DSL,No,Yes,Yes,Yes,Yes,Two year,No,Electronic check,103.97,5390.61,No
CUST06257,Female,0,No,No,16,Yes,Fiber optic,No,Yes,No,No,Yes,One year,No,Electronic check,76.8,1330.26,Yes
CUST06258,Female,0,No,No,70,Yes,Fiber optic,Yes,No,Yes,No,No,Two year,No,Mailed check,93.84,6535.2,No
CUST06259,Female,0,No,No,61,Yes,Fiber optic,Yes,No,No,No,Yes,Two year,Yes,Credit card,99.99,6047.7,Yes
CUST06260,Female,0,Yes,Yes,4,Yes,DSL,No,Yes,Yes,No,No,Two year,No,Bank transfer,41.53,142.09,No
CUST06261,Male,0,No,Yes,12,Yes,Fiber optic,Yes,No,No,No,Yes,One year,Yes,Electronic check,77.64,855.94,No
CUST06262,Male,0,No,No,32,Yes,DSL,Yes,No,No,No,Yes,Two year,Yes,Bank transfer,102.71,3337.12,No
CUST06263,Male,0,Yes,No,54,Yes,DSL,Yes,No,Yes,Yes,Yes,Month-to-month,No,Credit card,53.83,2906.1,No
CUST06264,Female,0,No,No,40,Yes,No,No internet service,No internet service,No internet service,No internet service,No internet service,Two year,Yes,Electronic check,60.3,2416.19,No
CUST06265,Female,0,No,No,6,Yes,DSL,No,Yes,Yes,No,No,Month-to-month,No,Electronic check,104.04,715.31,No
CUST06266,Male,0,Yes,Yes,45,Yes,DSL,No,No,Yes,Yes,No,Month-to-month,No,Mailed check,112.2,5056.98,No
CUST06267,Female,0,No,No,47,Yes,DSL,Yes,No,Yes,Yes,Yes,Month-to-month,No,Electronic check,18.0,972.05,No
CUST06268,Male,1,Yes,No,67,Yes,Fiber optic,No,No,No,No,Yes,Two year,No,Bank transfer,103.97,6964.41,No
CUST06269,Male,0,No,No,19,Yes,DSL,Yes,Yes,Yes,No,No,Month-to-month,No,Bank transfer,18.0,221.53,No
CUST06270,Female,0,No,No,2,No,Fiber optic,Yes,Yes,Yes,Yes,Yes,One year,Yes,Mailed check,72.42,73.91,No
CUST06271,Female,0,No,No,54,Yes,Fiber optic,Yes,No,Yes,Yes,No,Month-to-month,No,Mailed check,39.36,2067.26,No
CUST06272,Female,0,No,No,51,Yes,DSL,Yes,Yes,Yes,No,No,Month-to-month,Yes,Bank transfer,60.31,3084.83,No
CUST06273,Female,0,Yes,No,37,Yes,DSL,No,No,No,Yes,Yes,Two year,No,Bank transfer,76.62,2956.71,No
CUST06274,Female,0,Yes,Yes,50,Yes,Fiber optic,No,Yes,Yes,Yes,No,Month-to-month,Yes,Bank transfer,87.27,4378.59,Yes
CUST06275,Female,0,No,Yes,13,Yes,No,No internet service,No internet service,No internet service,No internet service,No internet service,One year,No,Electronic check,109.74,1408.33,No
CUST06276,Male,0,Yes,No,9,Yes,DSL,Yes,No,Yes,Yes,No,Two year,Yes,Bank transfer,40.37,339.07,Yes
CUST06277,Male,0,Yes,No,29,Yes,Fiber optic,Yes,Yes,Yes,Yes,Yes,Month-to-month,No,Bank transfer,102.91,3028.03,Yes
CUST06278,Female,0,Yes,No,65,Yes,No,No internet service,No internet service,No internet service,No internet service,No internet service,Month-to-month,No,Bank transfer,67.06,4392.14,No
CUST06279,Male,0,No,No,37,Yes,DSL,No,Yes,Yes,Yes,No,Month-to-month,No,Mailed check,67.59,2564.65,No
CUST06280,Male,0,No,No,46,Yes,DSL,Yes,Yes,Yes,No,Yes,Month-to-month,Yes,Credit card,116.51,5303.16,No
CUST06281,Male,0,Yes,No,72,Yes,Fiber optic,Yes,Yes,Yes,Yes,No,Two year,No,Electronic check,95.06,7024.39,No
CUST06282,Male,0,Yes,Yes,22,Yes,No,No internet service,No internet service,No internet service,No internet service,No internet service,Month-to-month,No,Bank transfer,31.94,675.12,Yes
CUST06283,Female,0,Yes,No,35,Yes,DSL,Yes,Yes,Yes,No,Yes,Month-to-month,Yes,Electronic check,72.04,2470.57,No
CUST06284,Male,1,Yes,Yes,50,Yes,Fiber optic,Yes,Yes,Yes,Yes,Yes,One year,No,Credit card,55.31,2861.07,No
CUST06285,Male,0,Yes,No,11,Yes,Fiber optic,No,No,Yes,Yes,No,One year,No,Credit card,63.13,766.63,Yes
CUST06286,Female,0,No,No,29,Yes,Fiber optic,Yes,No,No,Yes,Yes,Month-to-month,Yes,Bank transfer,70.71,1999.08,No
CUST06287,Male,0,No,No,40,Yes,Fiber optic,Yes,No,Yes,No,Yes,Month-to-month,Yes,Bank transfer,85.58,3477.43,No
CUST06288,Male,0,Yes,No,22,Yes,Fiber optic,No,No,Yes,Yes,Yes,Month-to-month,No,Electronic check,42.62,903.56,No
CUST06289,Male,0,No,No,16,Yes,No,No internet service,No internet service,No internet service,No internet service,No internet service,Month-to-month,Yes,Electronic check,68.46,1128.87,No
CUST06290,Female,0,No,No,31,No,Fiber optic,No,No,No,No,No,Month-to-month,No,Electronic check,64.13,2006.8,Yes
CUST06291,Male,0,Yes,Yes,64,No,Fiber optic,Yes,No,Yes,Yes,No,One year,Yes,Electronic check,83.6,5554.06,No
CUST06292,Female,0,Yes,Yes,30,Yes,Fiber optic,No,Yes,No,No,Yes,Two year,Yes,Mailed check,72.68,2291.63,Yes
CUST06293,Male,1,No,Yes,60,Yes,DSL,No,No,Yes,No,No,Month-to-month,No,Electronic check,97.44,5931.73,No
CUST06294,Female,0,Yes,Yes,49,Yes,Fiber optic,No,No,Yes,Yes,No,Month-to-month,Yes,Credit card,80.46,4003.78,No
CUST06295,Male,0,No,Yes,9,Yes,DSL,Yes,Yes,Yes,No,Yes,Month-to-month,Yes,Bank transfer,89.08,701.45,Yes
CUST06296,Female,0,No,No,66,No,Fiber optic,No,Yes,Yes,No,No,Two year,Yes,Bank transfer,79.82,5282.92,No
CUST06297,Male,0,No,No,42,No,Fiber optic,No,No,Yes,No,Yes,One year,No,Bank transfer,45.26,1865.81,No
CUST06298,Female,1,Yes,Yes,41,Yes,No,No internet service,No internet service,No internet service,No internet service,No internet service,Two year,Yes,Electronic check,64.63,2645.73,Yes
CUST06299,Male,0,Yes,No,50,Yes,No,No internet service,No internet service,No internet service,No internet service,No internet service,Month-to-month,Yes,Mailed check,57.28,2870.88,Yes
CUST06300,Male,1,No,No,3,Yes,Fiber optic,Yes,No,Yes,Yes,No,Month-to-month,Yes,Electronic check,92.97,141.72,Yes
CUST06301,Male,0,Yes,No,18,Yes,Fiber optic,No,No,Yes,Yes,Yes,Two year,No,Electronic check,95.29,1692.51,No
CUST06302,Male,0,Yes,No,58,Yes,DSL,No,Yes,No,No,No,Month-to-month,Yes,Mailed check,71.95,4183.26,Yes
CUST06303,Male,0,No,No,45,Yes,Fiber optic,Yes,No,No,No,No,Month-to-month,Yes,Mailed check,77.63,3567.38,No
CUST06304,Female,0,Yes,No,28,Yes,DSL,No,Yes,No,No,No,One year,Yes,Mailed check,34.51,903.59,No
CUST06305,Male,1,No,No,33,Yes,DSL,Yes,Yes,No,No,No,One year,No,Bank transfer,64.26,2057.35,Yes
CUST06306,Male,0,No,No,45,Yes,No,No internet service,No internet service,No internet service,No internet service,No internet service,Month-to-month,Yes,Bank transfer,18.0,741.46,No
CUST06307,Female,0,No,Yes,35,Yes,No,No internet service,No internet service,No internet service,No internet service,No internet service,One year,No,Mailed check,94.23,3272.6,No
CUST06308,Male,0,Yes,No,33,Yes,Fiber optic,Yes,No,Yes,No,Yes,Month-to-month,No,Electronic check,129.72,4190.55,Yes
CUST06309,Male,0,No,Yes,40,Yes,DSL,No,Yes,No,No,Yes,Two year,No,Mailed check,60.67,2532.95,No
CUST06310,Male,0,No,No,20,Yes,DSL,Yes,Yes,Yes,Yes,Yes,Two year,No,Mailed check,79.72,1656.47,No
CUST06311,Male,0,Yes,Yes,41,Yes,DSL,Yes,Yes,Yes,Yes,No,One year,No,Electronic check,84.43,3678.83,No
CUST06312,Male,0,No,No,50,No,No,No internet service,No internet service,No internet service,No internet service,No internet service,Month-to-month,Yes,Bank transfer,45.59,2236.99,No
CUST06313,Male,1,Yes,Yes,51,Yes,Fiber optic,Yes,No,Yes,No,Yes,Month-to-month,No,Mailed check,70.71,3675.05,No
CUST06314,Male,0,Yes,No,45,Yes,No,No internet service,No internet service,No internet service,No internet service,No internet service,Two year,No,Credit card,85.69,3758.97,No
CUST06315,Female,0,No,No,33,Yes,Fiber optic,No,No,No,No,No,Month-to-month,Yes,Electronic check,78.22,2698.82,No
CUST06316,Male,0,Yes,No,47,Yes,Fiber optic,No,Yes,Yes,Yes,Yes,Month-to-month,Yes,Credit card,75.49,3530.86,Yes
CUST06317,Female,1,Yes,No,52,Yes,Fiber optic,Yes,No,No,Yes,Yes,Two year,Yes,Mailed check,66.59,3455.94,No
CUST06318,Female,1,No,No,22,Yes,DSL,Yes,Yes,No,No,Yes,Two year,No,Mailed check,53.6,1281.23,No
CUST06319,Male,0,Yes,No,35,Yes,Fiber optic,No,No,Yes,No,Yes,Two year,Yes,Mailed check,90.9,3278.67,No
CUST06320,Male,0,No,No,49,Yes,No,No internet service,No internet service,No internet service,No internet service,No internet service,Month-to-month,Yes,Mailed check,118.01,5704.09,No
CUST06321,Female,0,Yes,No,48,Yes,DSL,Yes,Yes,Yes,Yes,Yes,Month-to-month,Yes,Electronic check,23.87,1137.28,Yes
CUST06322,Female,0,No,No,36,Yes,DSL,No,Yes,Yes,No,No,Month-to-month,Yes,Credit card,20.17,840.11,No
CUST06323,Male,0,No,No,19,Yes,Fiber optic,Yes,No,No,Yes,Yes,One year,Yes,Mailed check,43.64,799.73,Yes
CUST06324,Female,0,Yes,No,66,Yes,No,No internet service,No internet service,No internet service,No internet service,No internet service,Two year,Yes,Credit card,62.97,4180.5,No
CUST06325,Female,0,No,No,39,Yes,No,No internet service,No internet service,No internet service,No internet service,No internet service,Month-to-month,Yes,Credit card,67.44,2673.2,No
CUST06326,Male,0,Yes,No,39,Yes,DSL,No,Yes,No,Yes,Yes,Month-to-month,Yes,Bank transfer,77.18,3122.74,Yes
CUST06327,Male,0,Yes,No,34,Yes,Fiber optic,Yes,Yes,No,No,No,Two year,No,Mailed check,75.81,2630.96,No
CUST06328,Female,0,Yes,No,55,Yes,No,No internet service,No internet service,No internet service,No internet service,No internet service,Month-to-month,No,Bank transfer,70.53,3859.67,No
CUST06329,Male,0,Yes,No,22,Yes,No,No internet service,No internet service,No internet service,No internet service,No internet service,Month-to-month,No,Mailed check,105.8,2170.53,No
CUST06330,Female,0,Yes,No,68,No,DSL,Yes,No,No,Yes,Yes,Two year,No,Bank transfer,50.85,3514.08,No
CUST06331,Male,0,No,No,4,Yes,No,No internet service,No internet service,No internet service,No internet service,No internet service,Month-to-month,Yes,Credit card,96.68,400.51,Yes
CUST06332,Female,0,No,No,0,Yes,No,No internet service,No internet service,No internet service,No internet service,No internet service,Two year,Yes,Bank transfer,123.63,142.07,No
CUST06333,Male,0,No,No,37,Yes,Fiber optic,No,No,No,No,No,Two year,Yes,Mailed check,37.24,1423.94,Yes
CUST06334,Male,0,No,No,62,Yes,DSL,,No,No,Yes,Yes,Two year,Yes,Credit card,25.26,1520.79,No
CUST06335,Male,0,Yes,Yes,0,Yes,DSL,Yes,Yes,No,No,Yes,Month-to-month,No,Electronic check,78.64,0.0,Yes
CUST06336,Male,0,Yes,Yes,49,Yes,Fiber optic,Yes,No,Yes,No,Yes,One year,Yes,Bank transfer,90.17,4404.53,No
CUST06337,Female,0,Yes,No,28,Yes,No,No internet service,No internet service,No internet service,No internet service,No internet service,One year,Yes,Credit card,74.91,2126.5,No
CUST06338,Male,0,No,Yes,1,Yes,Fiber optic,No,Yes,Yes,Yes,Yes,Two year,Yes,Bank transfer,20.85,29.23,No
CUST06339,Female,0,No,Yes,27,No,No,No internet service,No internet service,No internet service,No internet service,No internet service,Month-to-month,Yes,Mailed check,31.83,758.44,Yes
CUST06340,Female,0,Yes,No,47,Yes,Fiber optic,No,Yes,No,No,No,One year,No,Credit card,61.3,2658.15,No
CUST06341,Male,0,Yes,Yes,46,Yes,No,No internet service,No internet service,No internet service,No internet service,No internet service,Two year,No,Electronic check,84.39,3805.38,No
CUST06342,Female,1,Yes,No,61,No,No,No internet service,No internet service,No internet service,No internet service,No internet service,Month-to-month,No,Credit card,,3778.4,Yes
CUST06343,Female,0,No,Yes,72,Yes,DSL,No,Yes,Yes,Yes,Yes,One year,Yes,Mailed check,79.33,5633.23,No
CUST06344,Female,0,Yes,Yes,3,Yes,DSL,No,No,No,No,Yes,Month-to-month,Yes,Mailed check,78.63,255.21,Yes
CUST06345,Male,0,No,No,62,No,No,No internet service,No internet service,No internet service,No internet service,No internet service,Month-to-month,No,Mailed check,97.28,6147.05,No
CUST06346,Female,0,Yes,No,0,Yes,Fiber optic,Yes,Yes,Yes,No,No,Month-to-month,Yes,Credit card,44.98,0.0,Yes
CUST06347,Female,0,Yes,No,71,Yes,DSL,Yes,No,No,Yes,Yes,Month-to-month,Yes,Mailed check,76.2,5328.18,Yes
CUST06348,Female,1,Yes,No,56,Yes,No,No internet service,No internet service,No internet service,No internet service,No internet service,Month-to-month,No,Mailed check,109.97,6189.95,No
CUST06349,Male,0,No,No,69,Yes,DSL,No,No,No,Yes,Yes,One year,Yes,Bank transfer,54.25,3707.21,No
CUST06350,Female,0,No,No,4,No,Fiber optic,No,No,No,No,No,Month-to-month,Yes,Electronic check,58.33,246.33,No
CUST06351,Male,0,Yes,No,5,Yes,No,No internet service,No internet service,No internet service,No internet service,No internet service,Month-to-month,No,Mailed check,76.16,410.98,No
CUST06352,Male,0,Yes,Yes,71,Yes,DSL,No,No,Yes,Yes,Yes,Month-to-month,No,Electronic check,47.57,3344.52,No
CUST06353,Male,0,Yes,Yes,20,Yes,DSL,Yes,No,No,Yes,No,One year,Yes,Bank transfer,44.89,994.18,No
CUST06354,Female,0,Yes,No,27,Yes,Fiber optic,Yes,No,No,No,No,Month-to-month,No,Electronic check,65.32,1957.96,No
CUST06355,Female,0,Yes,No,21,Yes,Fiber optic,Yes,No,No,No,Yes,One year,Yes,Bank transfer,67.9,1340.52,No
CUST06356,Male,1,Yes,No,11,No,DSL,Yes,Yes,Yes,Yes,Yes,Two year,No,Mailed check,92.79,1094.84,No
CUST06357,Female,0,No,No,5,Yes,Fiber optic,No,No,No,Yes,Yes,Two year,Yes,Electronic check,51.58,426.53,Yes
CUST06358,Male,0,No,No,9,Yes,Fiber optic,No,No,No,Yes,No,One year,No,Credit card,74.76,788.61,Yes
CUST06359,Male,0,No,No,61,Yes,No,No internet service,No internet service,No internet service,No internet service,No internet service,One year,No,Mailed check,104.86,6341.34,No
CUST06360,Female,0,No,No,1,Yes,Fiber optic,Yes,Yes,Yes,No,No,One year,Yes,Mailed check,103.37,77.12,No
CUST06361,Female,0,No,No,65,Yes,DSL,Yes,No,Yes,Yes,No,Month-to-month,Yes,Electronic check,71.25,4492.64,No
CUST06362,Female,0,No,Yes,16,No,DSL,No,No,Yes,Yes,No,Month-to-month,Yes,Credit card,78.72,1213.92,No
CUST06363,Female,0,Yes,No,44,No,DSL,No,Yes,No,No,No,Two year,Yes,Credit card,51.37,2217.11,No
CUST06364,Male,1,Yes,No,18,Yes,DSL,Yes,Yes,Yes,Yes,Yes,Two year,Yes,Electronic check,81.22,1498.56,No
CUST06365,Female,0,Yes,No,65,Yes,DSL,Yes,No,No,Yes,Yes,One year,Yes,Mailed check,112.26,7206.0,No
CUST06366,Male,0,No,No,2,No,No,No internet service,No internet service,No internet service,No internet service,No internet service,One year,No,Electronic check,106.48,218.74,No
CUST06367,Female,0,Yes,No,52,Yes,No,No internet service,No internet service,No internet service,No internet service,No internet service,One year,No,Bank transfer,73.44,3835.55,No
CUST06368,Male,1,Yes,Yes,68,Yes,DSL,Yes,No,Yes,Yes,No,Month-to-month,Yes,Electronic check,82.65,5582.93,Yes
CUST06369,Male,0,No,No,32,Yes,No,No internet service,No internet service,No internet service,No internet service,No internet service,Month-to-month,Yes,Mailed check,55.61,1846.59,No
CUST06370,Male,0,No,Yes,32,Yes,Fiber optic,Yes,Yes,No,No,No,Month-to-month,Yes,Bank transfer,50.76,1588.16,No
CUST06371,Female,0,No,Yes,10,No,Fiber optic,Yes,Yes,Yes,Yes,Yes,Two year,Yes,Credit card,64.89,674.94,No
CUST06372,Male,1,No,No,64,Yes,No,No internet service,No internet service,No internet service,No internet service,No internet service,One year,Yes,Credit card,80.77,5065.36,No
CUST06373,Female,0,No,Yes,69,Yes,DSL,No,Yes,Yes,Yes,Yes,Month-to-month,Yes,Mailed check,92.05,6289.17,No
CUST06374,Female,0,No,No,36,Yes,Fiber optic,No,Yes,Yes,No,Yes,Month-to-month,Yes,Electronic check,72.02,2669.54,Yes
CUST06375,Male,0,Yes,No,50,Yes,DSL,No,Yes,Yes,No,Yes,Two year,Yes,Bank transfer,85.0,4116.32,No
CUST06376,Female,0,No,No,55,No,No,No internet service,No internet service,No internet service,No internet service,No internet service,Two year,Yes,Mailed check,18.0,1050.21,No
CUST06377,Male,0,No,No,25,Yes,DSL,Yes,No,No,No,No,Two year,No,Mailed check,78.26,1930.3,No
CUST06378,Male,1,Yes,No,0,Yes,Fiber optic,Yes,Yes,No,Yes,Yes,Month-to-month,No,Credit card,58.49,0.0,Yes
CUST06379,Female,0,No,No,9,No,DSL,No,No,No,No,No,Month-to-month,Yes,Mailed check,42.73,348.99,Yes
CUST06380,Male,0,No,Yes,65,Yes,Fiber optic,Yes,No,Yes,No,No,One year,Yes,Bank transfer,85.35,5606.49,No
CUST06381,Male,0,No,No,58,Yes,Fiber optic,Yes,Yes,No,Yes,Yes,Month-to-month,Yes,Bank transfer,110.18,6574.99,No
CUST06382,Male,0,No,No,6,Yes,Fiber optic,Yes,No,No,Yes,Yes,Month-to-month,Yes,Mailed check,73.66,591.21,No
CUST06383,Female,0,Yes,No,58,Yes,DSL,No,No,No,No,Yes,Month-to-month,No,Credit card,95.99,5492.98,No
CUST06384,Male,0,Yes,No,64,Yes,DSL,No,Yes,Yes,Yes,No,One year,Yes,Mailed check,63.56,4131.77,No
CUST06385,Male,0,Yes,No,39,Yes,DSL,Yes,No,No,No,No,Month-to-month,Yes,Bank transfer,125.32,4851.66,No
CUST06386,Female,0,No,No,32,Yes,DSL,Yes,No,No,Yes,Yes,Month-to-month,No,Bank transfer,34.6,1058.29,No
CUST06387,Male,0,No,No,72,Yes,DSL,Yes,Yes,No,Yes,No,Month-to-month,Yes,Credit card,71.48,5227.04,No
CUST06388,Female,1,No,Yes,63,No,Fiber optic,Yes,No,Yes,No,Yes,Month-to-month,Yes,Mailed check,92.79,5863.94,Yes
CUST06389,Male,0,No,No,28,Yes,Fiber optic,Yes,No,Yes,No,No,One year,No,Electronic check,73.23,2068.92,Yes
CUST06390,Female,0,No,No,34,Yes,No,,No internet service,No internet service,No internet service,No internet service,Two year,Yes,Bank transfer,,3551.75,No
CUST06391,Female,1,Yes,No,68,Yes,Fiber optic,Yes,No,No,No,Yes,Month-to-month,No,Electronic check,22.17,1430.26,No
CUST06392,Male,0,Yes,No,67,Yes,DSL,No,Yes,No,No,No,One year,Yes,Credit card,,4699.69,No
CUST06393,Male,0,Yes,No,46,Yes,No,No internet service,No internet service,No internet service,No internet service,No internet service,Month-to-month,No,Credit card,67.77,3158.43,No
CUST06394,Female,0,No,No,47,Yes,DSL,Yes,No,Yes,Yes,Yes,One year,Yes,Electronic check,71.24,3406.83,No
CUST06395,Female,0,Yes,Yes,53,Yes,No,No internet service,No internet service,No internet service,No internet service,No internet service,Two year,Yes,Electronic check,34.43,1963.63,No
CUST06396,Male,0,No,Yes,21,Yes,Fiber optic,Yes,No,No,Yes,Yes,Month-to-month,Yes,Bank transfer,66.72,1325.83,No
CUST06397,Female,0,No,No,66,Yes,DSL,No,Yes,No,No,No,Two year,No,Bank transfer,65.56,4467.7,No
CUST06398,Male,1,Yes,No,21,Yes,No,No internet service,No internet service,No internet service,No internet service,No internet service,Month-to-month,No,Credit card,80.08,1660.86,Yes
CUST06399,Female,0,No,Yes,60,Yes,Fiber optic,Yes,No,Yes,No,Yes,Two year,Yes,Electronic check,101.46,6093.92,No
CUST06400,Female,0,No,No,59,Yes,No,No internet service,No internet service,No internet service,No internet service,No internet service,Two year,No,Electronic check,76.79,4521.26,No
CUST06401,Female,0,No,Yes,21,Yes,Fiber optic,No,Yes,No,Yes,No,Month-to-month,No,Mailed check,84.44,1793.51,Yes
CUST06402,Female,0,Yes,No,58,Yes,Fiber optic,Yes,No,Yes,Yes,No,One year,No,Electronic check,105.44,6171.3,No
CUST06403,Male,0,Yes,No,63,Yes,Fiber optic,Yes,Yes,Yes,Yes,Yes,Month-to-month,No,Credit card,103.73,6617.99,Yes
CUST06404,Female,1,Yes,No,36,Yes,Fiber optic,No,No,Yes,No,No,Two year,Yes,Bank transfer,18.0,628.45,No
CUST06405,Female,0,No,No,39,Yes,No,No internet service,No internet service,No internet service,No internet service,No internet service,Month-to-month,Yes,Bank transfer,93.93,3670.37,No
CUST06406,Female,0,No,Yes,37,Yes,DSL,No,No,No,Yes,Yes,One year,Yes,Bank transfer,93.78,3396.97,No
CUST06407,Female,0,No,No,3,Yes,Fiber optic,Yes,No,No,No,No,Month-to-month,Yes,Bank transfer,67.44,256.55,Yes
CUST06408,Female,0,No,No,39,Yes,DSL,No,Yes,Yes,Yes,No,Month-to-month,Yes,Mailed check,62.54,2460.34,Yes
CUST06409,Female,0,Yes,No,49,Yes,Fiber optic,No,No,No,No,Yes,Two year,Yes,Electronic check,45.77,2180.56,No
CUST06410,Female,0,No,Yes,40,No,DSL,Yes,No,Yes,Yes,Yes,One year,Yes,Credit card,25.47,919.33,No
CUST06411,Female,0,Yes,Yes,36,Yes,Fiber optic,No,No,Yes,Yes,Yes,Month-to-month,Yes,Bank transfer,95.24,3441.5,No
CUST06412,Male,0,Yes,Yes,36,Yes,Fiber optic,Yes,Yes,No,Yes,Yes,Two year,Yes,Electronic check,93.13,3457.2,No
CUST06413,Male,1,No,No,39,Yes,Fiber optic,No,Yes,Yes,No,Yes,Two year,No,Electronic check,71.5,2915.39,No
CUST06414,Male,0,No,Yes,67,Yes,No,No internet service,No internet service,No internet service,No internet service,No internet service,Two year,Yes,Electronic check,91.75,6043.76,No
CUST06415,Male,0,No,No,30,Yes,DSL,Yes,Yes,No,No,Yes,Month-to-month,Yes,Credit card,99.59,3062.46,Yes
CUST06416,Male,0,No,No,16,Yes,Fiber optic,No,No,No,No,No,Two year,No,Electronic check,29.11,529.56,Yes
CUST06417,Male,0,Yes,No,4,Yes,Fiber optic,Yes,No,No,No,Yes,Month-to-month,Yes,Credit card,80.23,431.71,No
CUST06418,Male,0,Yes,No,63,Yes,Fiber optic,Yes,No,Yes,No,No,One year,Yes,Credit card,67.93,4317.63,No
CUST06419,Female,1,Yes,No,13,Yes,Fiber optic,Yes,Yes,Yes,Yes,No,Two year,No,Electronic check,84.81,1075.78,No
CUST06420,Male,0,No,No,30,No,DSL,Yes,No,No,No,No,Month-to-month,No,Electronic check,78.66,2422.67,Yes
CUST06421,Female,0,No,No,55,Yes,Fiber optic,No,No,Yes,Yes,Yes,Month-to-month,No,Credit card,93.25,4922.6,Yes
CUST06422,Male,0,Yes,No,13,Yes,DSL,No,Yes,Yes,Yes,Yes,Two year,Yes,Bank transfer,34.43,368.27,No
CUST06423,Male,0,Yes,No,17,Yes,DSL,No,No,Yes,Yes,No,Month-to-month,No,Credit card,106.85,1746.89,No
CUST06424,Female,0,No,No,46,Yes,No,No internet service,No internet service,No internet service,No internet service,No internet service,Month-to-month,Yes,Credit card,60.91,2748.04,No
CUST06425,Female,0,No,No,45,Yes,No,No internet service,No internet service,No internet service,No internet service,No internet service,Month-to-month,Yes,Electronic check,70.64,3057.19,No
CUST06426,Female,0,Yes,No,17,Yes,Fiber optic,No,No,Yes,No,Yes,One year,No,Electronic check,30.01,465.02,No
CUST06427,Female,0,Yes,No,39,Yes,DSL,Yes,No,No,No,Yes,Month-to-month,Yes,Credit card,71.41,2740.7,Yes
CUST06428,Female,0,No,Yes,51,Yes,Fiber optic,Yes,Yes,No,Yes,Yes,Month-to-month,No,Electronic check,73.55,3729.97,No
CUST06429,Female,0,No,Yes,16,Yes,Fiber optic,No,No,No,No,Yes,Two year,No,Credit card,72.01,1174.87,No
CUST06430,Male,1,Yes,No,32,No,Fiber optic,No,No,Yes,Yes,Yes,One year,Yes,Credit card,55.6,1679.1,Yes
CUST06431,Female,0,Yes,No,20,Yes,No,No internet service,No internet service,No internet service,No internet service,No internet service,One year,Yes,Mailed check,43.51,833.98,No
CUST06432,Female,0,No,Yes,68,Yes,Fiber optic,Yes,Yes,Yes,No,No,Month-to-month,No,Mailed check,90.03,6114.72,No
CUST06433,Male,0,No,No,28,Yes,Fiber optic,Yes,No,No,No,No,Two year,No,Credit card,30.57,707.65,No
CUST06434,Male,0,Yes,No,62,Yes,DSL,No,Yes,No,Yes,Yes,Month-to-month,Yes,Mailed check,94.11,5828.93,No
CUST06435,Female,0,No,No,64,Yes,Fiber optic,Yes,No,No,No,Yes,Two year,No,Electronic check,116.36,7466.14,No
CUST06436,Male,0,No,Yes,12,Yes,Fiber optic,No,Yes,No,No,No,Month-to-month,Yes,Bank transfer,129.42,1613.68,Yes
CUST06437,Female,0,Yes,No,68,Yes,Fiber optic,No,Yes,No,Yes,No,Two year,No,Mailed check,46.91,3084.29,No
CUST06438,Male,0,Yes,Yes,3,Yes,Fiber optic,No,No,No,Yes,No,Two year,Yes,Bank transfer,88.77,254.18,No
CUST06439,Male,0,No,No,28,Yes,DSL,Yes,Yes,Yes,No,No,Month-to-month,No,Credit card,59.94,1777.5,No
CUST06440,Male,0,No,Yes,11,Yes,No,No internet service,No internet service,No internet service,No internet service,No internet service,Month-to-month,Yes,Electronic check,104.61,1011.84,Yes
CUST06441,Female,0,Yes,No,3,Yes,No,No internet service,No internet service,No internet service,No internet service,No internet service,Month-to-month,Yes,Electronic check,83.83,250.95,Yes
CUST06442,Male,1,No,Yes,40,Yes,Fiber optic,No,Yes,Yes,No,Yes,Month-to-month,No,Credit card,66.69,2545.8,Yes
CUST06443,Female,0,Yes,Yes,43,Yes,DSL,No,No,No,Yes,No,Month-to-month,No,Credit card,51.24,2168.96,No
CUST06444,Female,0,No,No,42,No,DSL,No,No,No,No,Yes,Month-to-month,Yes,Credit card,64.76,2655.52,No
CUST06445,Male,0,Yes,No,30,Yes,DSL,No,No,Yes,Yes,No,Month-to-month,Yes,Electronic check,57.14,1744.14,No
CUST06446,Female,0,Yes,Yes,57,Yes,Fiber optic,Yes,Yes,Yes,No,No,Month-to-month,No,Electronic check,73.39,4159.61,Yes
CUST06447,Male,0,Yes,No,35,Yes,DSL,No,No,Yes,No,Yes,Month-to-month,Yes,Mailed check,74.68,2511.67,No
CUST06448,Female,0,No,Yes,39,Yes,No,No internet service,No internet service,No internet service,No internet service,No internet service,Two year,Yes,Electronic check,60.14,2467.32,No
CUST06449,Male,0,No,Yes,32,Yes,Fiber optic,No,Yes,No,No,No,Month-to-month,Yes,Mailed check,57.9,1867.04,Yes
CUST06450,Male,0,No,Yes,15,Yes,Fiber optic,Yes,Yes,No,No,No,Month-to-month,Yes,Bank transfer,89.69,1424.3,Yes
CUST06451,Female,1,Yes,No,47,Yes,No,No internet service,No internet service,No internet service,No internet service,No internet service,Month-to-month,No,Bank transfer,91.51,4213.35,No
CUST06452,Female,0,No,No,60,Yes,Fiber optic,Yes,No,Yes,No,No,Month-to-month,Yes,Mailed check,53.68,3189.35,No
CUST06453,Female,0,No,Yes,22,Yes,Fiber optic,Yes,Yes,Yes,No,Yes,Month-to-month,Yes,Mailed check,72.64,1678.01,No
CUST06454,Female,0,No,No,33,Yes,No,No internet service,No internet service,No internet service,No internet service,No internet service,Month-to-month,No,Mailed check,52.39,1668.87,Yes
CUST06455,Male,0,Yes,Yes,65,Yes,Fiber optic,Yes,No,Yes,Yes,No,Month-to-month,Yes,Bank transfer,139.2,9047.59,Yes
CUST06456,Male,1,No,Yes,15,Yes,Fiber optic,Yes,Yes,No,Yes,No,Month-to-month,Yes,Electronic check,50.48,751.96,Yes
CUST06457,Male,0,Yes,No,30,Yes,Fiber optic,Yes,No,No,No,No,Month-to-month,Yes,Electronic check,80.33,2220.86,Yes
CUST06458,Female,0,Yes,No,19,Yes,Fiber optic,No,No,No,Yes,Yes,One year,No,Bank transfer,85.13,1611.97,No
CUST06459,Male,0,No,No,24,Yes,Fiber optic,Yes,No,Yes,Yes,No,Two year,No,Bank transfer,57.37,1343.37,No
CUST06460,Male,0,Yes,Yes,33,Yes,Fiber optic,Yes,Yes,Yes,Yes,No,One year,Yes,Electronic check,52.49,1718.9,No
CUST06461,Male,1,Yes,Yes,67,No,DSL,Yes,No,Yes,Yes,Yes,Month-to-month,No,Bank transfer,67.01,4432.11,No
CUST06462,Male,0,No,No,0,Yes,No,No internet service,No internet service,No internet service,No internet service,No internet service,Month-to-month,Yes,Mailed check,52.37,0.0,No
CUST06463,Male,0,Yes,No,26,Yes,Fiber optic,No,Yes,Yes,Yes,No,One year,No,Credit card,78.71,1981.38,No
CUST06464,Male,1,No,No,63,Yes,No,No internet service,No internet service,No internet service,No internet service,No internet service,One year,Yes,Bank transfer,52.76,3281.74,No
CUST06465,Male,0,No,Yes,6,Yes,DSL,No,No,No,Yes,Yes,Month-to-month,Yes,Mailed check,77.67,514.57,No
CUST06466,Female,0,No,No,36,Yes,Fiber optic,No,Yes,No,No,No,Two year,No,Credit card,22.39,761.25,No
CUST06467,Male,0,Yes,Yes,11,No,No,No internet service,No internet service,No internet service,No internet service,No internet service,Month-to-month,Yes,Bank transfer,53.83,600.92,No
CUST06468,Male,0,No,No,40,Yes,Fiber optic,No,No,No,Yes,Yes,Month-to-month,Yes,Electronic check,63.5,2556.09,Yes
CUST06469,Female,0,No,No,52,Yes,DSL,Yes,No,No,Yes,No,One year,No,Bank transfer,99.02,5105.77,No
CUST06470,Male,0,Yes,Yes,46,Yes,Fiber optic,No,Yes,No,Yes,Yes,Two year,Yes,Bank transfer,27.81,1356.97,No
CUST06471,Male,0,No,No,41,Yes,DSL,Yes,No,No,Yes,No,Two year,No,Credit card,99.38,4044.58,No
CUST06472,Male,0,No,No,54,Yes,Fiber optic,Yes,No,Yes,Yes,Yes,Two year,Yes,Electronic check,90.49,4841.57,No
CUST06473,Male,0,Yes,No,39,No,DSL,No,Yes,Yes,Yes,No,Month-to-month,Yes,Credit card,29.36,1233.43,No
CUST06474,Female,0,Yes,No,44,Yes,DSL,No,Yes,Yes,Yes,No,Month-to-month,Yes,Mailed check,87.45,3858.76,No
CUST06475,Male,0,No,No,5,Yes,DSL,No,Yes,Yes,Yes,Yes,Month-to-month,Yes,Bank transfer,50.75,62.41,Yes
CUST06476,Male,0,Yes,Yes,1,Yes,Fiber optic,Yes,No,Yes,No,No,Month-to-month,Yes,Electronic check,88.28,0.0,Yes
CUST06477,Male,0,No,No,11,Yes,Fiber optic,No,No,Yes,Yes,No,Two year,Yes,Electronic check,89.76,1114.84,No
CUST06478,Male,0,Yes,No,39,Yes,DSL,Yes,Yes,Yes,No,No,Month-to-month,No,Credit card,93.83,3666.0,No
CUST06479,Female,0,Yes,No,28,No,Fiber optic,Yes,No,Yes,No,No,Month-to-month,No,Bank transfer,59.71,1657.97,No
CUST06480,Male,0,No,No,26,Yes,Fiber optic,No,Yes,No,Yes,No,Two year,No,Mailed check,91.05,2189.82,No
CUST06481,Female,0,No,Yes,32,Yes,No,No internet service,No internet service,No internet service,No internet service,No internet service,Month-to-month,No,Electronic check,112.5,3588.3,Yes
CUST06482,Female,0,Yes,Yes,72,Yes,No,No internet service,No internet service,No internet service,No internet service,No internet service,Month-to-month,No,Credit card,66.72,4719.47,No
CUST06483,Female,0,No,Yes,27,Yes,No,No internet service,No internet service,No internet service,No internet service,No internet service,Two year,No,Electronic check,69.89,1861.78,No
CUST06484,Female,0,Yes,No,32,Yes,No,No internet service,No internet service,No internet service,No internet service,No internet service,Month-to-month,Yes,Electronic check,91.76,2878.05,Yes
CUST06485,Female,0,Yes,No,36,Yes,Fiber optic,No,Yes,No,No,Yes,Two year,Yes,Electronic check,18.0,624.83,Yes
CUST06486,Female,1,No,No,56,No,DSL,No,No,Yes,No,Yes,Month-to-month,No,Bank transfer,49.46,2785.25,No
CUST06487,Female,0,Yes,No,53,Yes,No,No internet service,No internet service,No internet service,No internet service,No internet service,Month-to-month,No,Mailed check,99.18,5286.36,No
CUST06488,Male,0,No,No,71,Yes,Fiber optic,Yes,Yes,No,Yes,No,Month-to-month,No,Bank transfer,77.84,5521.41,No
CUST06489,Male,0,Yes,No,46,Yes,DSL,Yes,No,No,No,Yes,Month-to-month,Yes,Electronic check,68.61,3164.59,Yes
CUST06490,Male,0,No,No,69,Yes,DSL,Yes,No,Yes,No,No,Month-to-month,No,Bank transfer,50.46,3338.99,No
CUST06491,Female,0,Yes,No,44,Yes,Fiber optic,No,Yes,No,No,Yes,One year,Yes,Credit card,74.66,3278.33,No
CUST06492,Female,0,No,No,39,Yes,DSL,No,Yes,No,No,No,Month-to-month,Yes,Credit card,60.73,2385.02,No
CUST06493,Male,1,No,No,40,Yes,No,No internet service,No internet service,No internet service,No internet service,No internet service,Month-to-month,No,Credit card,30.33,1206.86,No
CUST06494,Male,0,Yes,No,35,Yes,DSL,Yes,Yes,Yes,Yes,No,Month-to-month,Yes,Credit card,106.57,3848.82,Yes
CUST06495,Male,0,Yes,No,14,Yes,DSL,Yes,Yes,Yes,Yes,Yes,One year,No,Credit card,56.63,771.68,No
CUST06496,Female,0,No,No,26,Yes,DSL,Yes,Yes,Yes,Yes,Yes,Month-to-month,Yes,Credit card,67.2,1641.25,Yes
CUST06497,Female,0,Yes,No,44,Yes,Fiber optic,No,No,Yes,No,Yes,Month-to-month,No,Credit card,,1294.44,Yes
CUST06498,Female,0,No,No,44,Yes,Fiber optic,No,No,Yes,Yes,Yes,Two year,Yes,Electronic check,60.62,2621.34,No
CUST06499,Male,0,No,Yes,11,Yes,Fiber optic,Yes,Yes,No,Yes,Yes,Two year,No,Electronic check,99.15,952.66,Yes
CUST06500,Male,0,No,No,58,Yes,DSL,Yes,No,No,Yes,No,Month-to-month,Yes,Credit card,97.27,5617.29,No
CUST06501,Male,0,Yes,No,52,Yes,No,No internet service,No internet service,No internet service,No internet service,No internet service,Month-to-month,Yes,Mailed check,74.63,3998.83,No
CUST06502,Female,1,Yes,Yes,38,Yes,Fiber optic,No,No,Yes,Yes,Yes,One year,Yes,Credit card,58.38,2188.93,Yes
CUST06503,Female,0,Yes,No,33,Yes,DSL,Yes,No,Yes,No,Yes,Month-to-month,Yes,Bank transfer,74.65,2550.11,Yes
CUST06504,Female,0,Yes,Yes,40,Yes,DSL,Yes,Yes,No,Yes,No,Two year,Yes,Mailed check,86.64,3523.01,No
CUST06505,Male,1,Yes,No,42,No,Fiber optic,No,Yes,No,No,Yes,Month-to-month,Yes,Bank transfer,36.58,1725.71,Yes
CUST06506,Male,0,No,Yes,31,Yes,Fiber optic,Yes,No,Yes,No,No,Month-to-month,No,Mailed check,80.27,2524.68,No
CUST06507,Female,1,Yes,Yes,62,Yes,Fiber optic,No,No,No,Yes,Yes,Month-to-month,Yes,Electronic check,93.16,5782.04,Yes
CUST06508,Male,0,Yes,No,11,Yes,DSL,Yes,Yes,No,No,No,Month-to-month,No,Mailed check,72.49,804.54,No
CUST06509,Female,0,Yes,Yes,27,Yes,No,No internet service,No internet service,No internet service,No internet service,No internet service,Month-to-month,No,Bank transfer,73.51,2007.05,No
CUST06510,Male,0,Yes,No,29,Yes,DSL,No,No,Yes,No,Yes,One year,No,Bank transfer,55.84,1598.57,No
CUST06511,Male,0,No,No,7,Yes,DSL,No,Yes,No,Yes,No,Two year,Yes,Mailed check,81.43,529.34,No
CUST06512,Female,0,Yes,No,6,Yes,Fiber optic,No,No,Yes,Yes,Yes,Month-to-month,Yes,Electronic check,114.21,722.14,Yes
CUST06513,Male,1,No,Yes,65,Yes,Fiber optic,No,Yes,Yes,Yes,Yes,One year,Yes,Electronic check,109.16,7044.79,No
CUST06514,Male,1,No,Yes,56,Yes,No,No internet service,No internet service,No internet service,No internet service,No internet service,Month-to-month,Yes,Electronic check,59.61,3188.81,No
CUST06515,Female,1,Yes,Yes,26,Yes,Fiber optic,Yes,Yes,No,No,Yes,Two year,Yes,Bank transfer,64.64,1575.82,No
CUST06516,Male,0,No,No,19,Yes,DSL,Yes,No,No,Yes,Yes,Month-to-month,No,Mailed check,108.14,2186.41,No
CUST06517,Male,0,Yes,No,29,Yes,No,No internet service,No internet service,No internet service,No internet service,No internet service,Month-to-month,No,Bank transfer,88.87,2551.71,Yes
CUST06518,Female,0,Yes,Yes,51,Yes,Fiber optic,Yes,Yes,Yes,No,Yes,Month-to-month,No,Bank transfer,88.37,4568.34,Yes
CUST06519,Male,0,No,Yes,21,Yes,Fiber optic,Yes,Yes,No,Yes,No,Two year,No,Credit card,28.79,,No
CUST06520,Male,0,No,Yes,4,Yes,DSL,Yes,No,No,No,No,Month-to-month,Yes,Electronic check,96.87,458.62,Yes
CUST06521,Male,0,Yes,Yes,30,Yes,DSL,No,Yes,No,Yes,No,One year,No,Credit card,66.99,2041.89,No
CUST06522,Male,0,No,Yes,43,Yes,No,No internet service,No internet service,No internet service,No internet service,No internet service,Month-to-month,Yes,Credit card,79.84,3592.4,No
CUST06523,Male,0,Yes,No,38,Yes,No,No internet service,No internet service,No internet service,No internet service,No internet service,One year,No,Mailed check,56.36,2247.01,No
CUST06524,Female,0,No,Yes,12,Yes,No,No internet service,No internet service,No internet service,No internet service,No internet service,Two year,Yes,Bank transfer,115.24,1441.74,No
CUST06525,Male,0,No,No,61,Yes,No,No internet service,No internet service,No internet service,No internet service,No internet service,Month-to-month,No,Credit card,49.63,2980.33,No
CUST06526,Male,0,Yes,Yes,46,Yes,Fiber optic,Yes,Yes,No,Yes,No,One year,No,Electronic check,122.81,5555.2,No
CUST06527,Male,1,No,No,52,Yes,Fiber optic,Yes,Yes,No,Yes,No,Month-to-month,Yes,Credit card,74.72,3874.22,Yes
CUST06528,Male,0,No,No,69,Yes,DSL,No,Yes,Yes,Yes,No,Month-to-month,Yes,Bank transfer,69.82,4819.1,No
CUST06529,Female,0,Yes,Yes,37,No,No,No internet service,No internet service,No internet service,No internet service,No internet service,Month-to-month,No,Bank transfer,51.92,1888.33,No
CUST06530,Male,0,No,No,42,No,Fiber optic,No,Yes,Yes,No,Yes,Month-to-month,Yes,Mailed check,60.93,2615.47,Yes
CUST06531,Male,0,No,Yes,55,Yes,Fiber optic,No,Yes,No,Yes,No,Two year,No,Credit card,68.92,3796.8,Yes
CUST06532,Male,0,Yes,No,56,Yes,Fiber optic,No,Yes,Yes,Yes,No,Month-to-month,Yes,Credit card,77.37,4332.53,No
CUST06533,Male,0,No,No,61,Yes,DSL,No,No,No,No,Yes,Month-to-month,Yes,Credit card,87.49,5458.82,Yes
CUST06534,Male,0,No,No,51,Yes,No,No internet service,No internet service,No internet service,No internet service,No internet service,Month-to-month,Yes,Credit card,68.79,3516.66,No
CUST06535,Female,0,No,No,4,Yes,No,No internet service,No internet service,No internet service,No internet service,No internet service,One year,Yes,Bank transfer,87.47,241.46,Yes
CUST06536,Female,0,Yes,Yes,25,Yes,Fiber optic,Yes,No,Yes,No,Yes,Two year,Yes,Bank transfer,103.57,2671.16,No
CUST06537,Male,0,No,No,43,Yes,DSL,No,No,No,No,No,Two year,Yes,Mailed check,100.47,4336.97,No
CUST06538,Female,1,No,No,32,Yes,No,No internet service,No internet service,No internet service,No internet service,No internet service,One year,No,Electronic check,89.67,2847.64,No
CUST06539,Male,1,No,No,3,Yes,Fiber optic,Yes,Yes,Yes,No,Yes,Two year,No,Electronic check,86.51,183.05,No
CUST06540,Male,0,Yes,No,19,No,Fiber optic,No,Yes,No,Yes,No,One year,Yes,Mailed check,47.49,1003.21,No
CUST06541,Female,0,No,Yes,22,Yes,No,No internet service,No internet service,No internet service,No internet service,No internet service,Month-to-month,No,Bank transfer,79.22,1878.06,No
CUST06542,Female,0,No,No,2,Yes,Fiber optic,Yes,Yes,No,No,No,Month-to-month,No,Bank transfer,46.88,39.97,No
CUST06543,Male,0,Yes,No,55,Yes,Fiber optic,Yes,No,Yes,No,Yes,Two year,Yes,Mailed check,99.42,5491.91,No
CUST06544,Female,1,Yes,Yes,27,Yes,Fiber optic,No,No,Yes,No,No,Month-to-month,Yes,Mailed check,81.21,2227.79,Yes
CUST06545,Male,0,No,No,57,No,Fiber optic,Yes,Yes,No,No,No,Month-to-month,No,Mailed check,102.24,5688.2,No
CUST06546,Female,1,No,No,63,Yes,DSL,No,Yes,Yes,No,Yes,Two year,Yes,Credit card,103.38,6509.44,No
CUST06547,Female,0,No,No,64,Yes,DSL,No,Yes,No,No,No,Month-to-month,No,Credit card,85.03,5302.62,No
CUST06548,Female,0,Yes,Yes,66,Yes,Fiber optic,Yes,Yes,Yes,Yes,No,Two year,No,Mailed check,57.09,3766.48,No
CUST06549,Female,0,No,No,36,Yes,DSL,No,No,Yes,Yes,No,Two year,Yes,Bank transfer,18.0,829.04,No
CUST06550,Female,1,Yes,Yes,17,Yes,No,No internet service,No internet service,No internet service,No internet service,No internet service,Month-to-month,Yes,Credit card,87.57,1372.76,Yes
CUST06551,Female,0,No,No,6,Yes,Fiber optic,Yes,Yes,No,Yes,No,Two year,No,Mailed check,69.8,568.9,No
CUST06552,Female,0,Yes,No,45,Yes,Fiber optic,No,Yes,Yes,Yes,No,Month-to-month,Yes,Mailed check,94.01,4372.56,No
CUST06553,Male,0,Yes,Yes,9,Yes,DSL,No,No,No,Yes,Yes,Two year,Yes,Bank transfer,91.46,822.69,No
CUST06554,Male,0,No,Yes,17,Yes,Fiber optic,No,No,No,Yes,No,Month-to-month,Yes,Bank transfer,88.96,1553.53,Yes
CUST06555,Male,0,No,Yes,17,Yes,Fiber optic,No,No,No,No,No,Month-to-month,No,Credit card,80.18,1340.39,Yes
CUST06556,Female,0,Yes,No,19,Yes,Fiber optic,Yes,No,Yes,Yes,No,Month-to-month,No,Electronic check,32.53,582.3,Yes
CUST06557,Male,0,Yes,No,27,Yes,DSL,No,Yes,No,Yes,No,One year,No,Credit card,105.6,2867.47,No
CUST06558,Male,0,No,Yes,24,Yes,Fiber optic,Yes,No,Yes,Yes,No,One year,Yes,Electronic check,42.58,959.94,No
CUST06559,Female,0,No,No,38,Yes,No,No internet service,No internet service,No internet service,No internet service,No internet service,One year,Yes,Mailed check,57.82,2235.01,No
CUST06560,Male,0,Yes,No,69,Yes,Fiber optic,,No,No,Yes,No,Two year,No,Mailed check,65.74,4539.38,No
CUST06561,Female,0,No,Yes,47,Yes,Fiber optic,Yes,No,No,No,Yes,One year,Yes,Bank transfer,74.46,3414.23,No
CUST06562,Female,1,Yes,No,49,Yes,Fiber optic,Yes,Yes,Yes,Yes,Yes,Two year,No,Bank transfer,66.02,3291.74,No
CUST06563,Male,0,No,No,11,Yes,Fiber optic,Yes,Yes,No,Yes,Yes,Month-to-month,Yes,Electronic check,60.11,720.07,Yes
CUST06564,Male,0,Yes,No,8,Yes,Fiber optic,No,No,Yes,Yes,No,Two year,Yes,Credit card,94.06,842.32,Yes
CUST06565,Male,0,Yes,No,13,Yes,Fiber optic,Yes,No,No,Yes,No,Two year,Yes,Credit card,40.71,,No
CUST06566,Male,0,No,Yes,61,Yes,DSL,No,No,Yes,Yes,Yes,Two year,No,Electronic check,63.64,3964.36,No
CUST06567,Male,0,Yes,Yes,12,Yes,DSL,Yes,No,No,No,No,Month-to-month,No,Bank transfer,21.58,432.3,Yes
CUST06568,Male,0,No,Yes,71,Yes,Fiber optic,Yes,Yes,Yes,Yes,Yes,Two year,No,Credit card,48.23,3426.7,No
CUST06569,Male,0,Yes,Yes,55,No,No,No internet service,No internet service,No internet service,No internet service,No internet service,Month-to-month,No,Electronic check,34.92,1930.09,Yes
CUST06570,Male,0,Yes,No,60,Yes,Fiber optic,Yes,No,Yes,Yes,Yes,Month-to-month,No,Mailed check,92.35,5595.29,No
CUST06571,Female,0,No,No,22,Yes,Fiber optic,No,No,Yes,No,No,Month-to-month,Yes,Mailed check,78.67,1557.49,Yes
CUST06572,Female,0,No,No,11,Yes,No,No internet service,No internet service,No internet service,No internet service,No internet service,Two year,No,Credit card,53.78,482.29,No
CUST06573,Male,1,Yes,No,12,Yes,Fiber optic,No,Yes,Yes,No,Yes,Two year,No,Bank transfer,18.0,171.94,No
CUST06574,Female,0,No,No,62,Yes,DSL,Yes,Yes,No,Yes,No,Month-to-month,Yes,Electronic check,35.85,2195.42,No
CUST06575,Male,0,Yes,Yes,31,Yes,DSL,No,No,Yes,No,Yes,One year,Yes,Bank transfer,46.52,1451.1,No
CUST06576,Male,1,No,No,29,Yes,No,No internet service,No internet service,No internet service,No internet service,No internet service,Month-to-month,No,Bank transfer,64.99,1906.09,No
CUST06577,Male,0,Yes,Yes,18,Yes,Fiber optic,No,Yes,Yes,No,Yes,Month-to-month,Yes,Bank transfer,92.95,1563.26,Yes
CUST06578,Male,0,No,Yes,26,Yes,Fiber optic,No,Yes,No,No,No,One year,No,Credit card,38.03,1080.96,No
CUST06579,Male,1,Yes,No,26,No,Fiber optic,No,Yes,No,Yes,Yes,Month-to-month,Yes,Electronic check,40.23,1072.63,No
CUST06580,Male,0,No,No,54,Yes,Fiber optic,No,Yes,No,No,Yes,One year,Yes,Mailed check,32.1,1738.18,No
CUST06581,Male,1,No,No,60,Yes,Fiber optic,No,No,No,Yes,Yes,Month-to-month,Yes,Electronic check,74.07,4483.44,No
CUST06582,Male,0,No,Yes,34,Yes,Fiber optic,No,No,Yes,Yes,No,Month-to-month,Yes,Credit card,19.77,622.95,Yes
CUST06583,Female,0,Yes,No,24,No,DSL,No,No,Yes,Yes,Yes,One year,Yes,Credit card,29.87,697.8,No
CUST06584,Female,0,Yes,Yes,32,Yes,DSL,Yes,No,No,Yes,No,Month-to-month,No,Credit card,85.78,2658.35,No
CUST06585,Female,0,Yes,No,12,Yes,Fiber optic,Yes,Yes,Yes,No,Yes,Two year,Yes,Mailed check,112.1,1168.88,Yes
CUST06586,Female,1,No,No,5,Yes,DSL,Yes,No,No,No,Yes,One year,Yes,Mailed check,75.59,359.04,No
CUST06587,Female,1,Yes,No,16,Yes,No,No internet service,No internet service,No internet service,No internet service,No internet service,Month-to-month,Yes,Mailed check,66.15,1196.37,No
CUST06588,Male,0,No,No,1,Yes,DSL,Yes,No,Yes,No,Yes,Two year,Yes,Electronic check,128.45,82.96,Yes
CUST06589,Male,0,Yes,No,2,Yes,Fiber optic,Yes,Yes,Yes,Yes,Yes,Month-to-month,Yes,Credit card,60.96,0.0,Yes
CUST06590,Male,0,No,No,17,Yes,Fiber optic,No,Yes,Yes,No,No,One year,No,Electronic check,61.04,1082.86,No
CUST06591,Male,0,No,Yes,65,Yes,Fiber optic,Yes,Yes,No,No,No,Month-to-month,No,Bank transfer,60.59,3900.05,No
CUST06592,Female,1,No,Yes,13,Yes,DSL,No,No,Yes,No,No,Month-to-month,Yes,Electronic check,111.52,1484.75,Yes
CUST06593,Male,0,No,No,50,Yes,No,No internet service,No internet service,No internet service,No internet service,No internet service,Month-to-month,Yes,Electronic check,87.47,4426.37,Yes
CUST06594,Female,0,No,No,10,Yes,Fiber optic,No,Yes,Yes,No,Yes,Two year,Yes,Bank transfer,87.21,831.58,No
CUST06595,Female,1,No,No,33,Yes,DSL,Yes,Yes,No,No,Yes,Month-to-month,No,Electronic check,82.16,2744.46,Yes
CUST06596,Male,0,No,Yes,44,No,DSL,Yes,Yes,No,No,Yes,Two year,Yes,Electronic check,62.58,2750.68,No
CUST06597,Female,0,No,Yes,40,Yes,No,No internet service,No internet service,No internet service,No internet service,No internet service,One year,No,Electronic check,65.92,2479.37,No
CUST06598,Male,0,Yes,No,58,Yes,Fiber optic,Yes,Yes,Yes,Yes,Yes,Month-to-month,No,Mailed check,49.89,2851.65,No
CUST06599,Male,0,Yes,No,18,Yes,Fiber optic,No,No,No,Yes,Yes,One year,No,Electronic check,64.1,1087.42,No
CUST06600,Male,0,No,No,54,Yes,DSL,Yes,Yes,Yes,Yes,Yes,One year,No,Electronic check,81.06,4256.59,No
CUST06601,Male,0,No,Yes,29,Yes,Fiber optic,No,Yes,Yes,No,No,Month-to-month,No,Electronic check,69.11,1936.41,Yes
CUST06602,Female,0,Yes,Yes,32,Yes,DSL,No,Yes,No,Yes,No,Month-to-month,Yes,Credit card,94.23,3069.06,Yes
CUST06603,Male,0,Yes,No,23,No,DSL,Yes,Yes,No,Yes,Yes,Two year,Yes,Credit card,80.56,1854.0,No
CUST06604,Male,0,No,No,72,No,Fiber optic,No,Yes,No,No,Yes,Two year,Yes,Mailed check,78.75,5521.54,No
CUST06605,Male,0,Yes,Yes,60,Yes,No,No internet service,No internet service,No internet service,No internet service,No internet service,Two year,No,Bank transfer,52.3,3049.13,No
CUST06606,Male,1,No,No,33,Yes,Fiber optic,No,Yes,Yes,Yes,Yes,One year,Yes,Bank transfer,43.34,1431.43,Yes
CUST06607,Female,0,No,No,54,Yes,DSL,No,No,Yes,No,Yes,Month-to-month,Yes,Electronic check,45.84,2475.12,No
CUST06608,Female,0,Yes,Yes,66,Yes,Fiber optic,No,Yes,No,No,Yes,Month-to-month,Yes,Bank transfer,101.2,6653.57,Yes
CUST06609,Male,1,Yes,No,20,Yes,No,No internet service,No internet service,No internet service,No internet service,No internet service,One year,Yes,Electronic check,30.82,676.67,Yes
CUST06610,Female,0,Yes,No,23,No,Fiber optic,Yes,No,Yes,Yes,Yes,Month-to-month,Yes,Mailed check,78.75,1840.77,Yes
CUST06611,Male,0,Yes,Yes,55,Yes,DSL,Yes,No,No,Yes,No,One year,Yes,Bank transfer,78.76,4286.09,No
CUST06612,Male,1,No,No,20,Yes,Fiber optic,No,Yes,Yes,Yes,No,Month-to-month,Yes,Credit card,56.89,1083.78,No
CUST06613,Female,0,No,Yes,6,Yes,Fiber optic,Yes,No,No,No,Yes,Two year,Yes,Mailed check,73.1,422.48,No
CUST06614,Male,0,No,No,43,Yes,DSL,No,Yes,No,No,Yes,Month-to-month,No,Electronic check,78.28,3199.36,Yes
CUST06615,Male,0,Yes,No,14,Yes,No,,No internet service,No internet service,No internet service,No internet service,Two year,Yes,Bank transfer,45.12,655.05,No
CUST06616,Male,0,No,No,42,Yes,DSL,Yes,Yes,Yes,Yes,Yes,Month-to-month,Yes,Bank transfer,54.26,2178.4,No
CUST06617,Male,0,Yes,No,7,Yes,Fiber optic,No,Yes,Yes,Yes,No,Two year,No,Electronic check,70.65,591.31,No
CUST06618,Female,0,No,No,34,Yes,Fiber optic,No,No,No,Yes,No,One year,No,Electronic check,71.42,2291.32,No
CUST06619,Male,0,Yes,No,17,Yes,Fiber optic,Yes,Yes,No,No,No,Month-to-month,Yes,Mailed check,38.45,683.22,Yes
CUST06620,Male,0,No,No,38,Yes,DSL,No,No,No,No,Yes,Month-to-month,No,Electronic check,74.08,2655.74,Yes
CUST06621,Male,0,No,Yes,16,No,Fiber optic,Yes,Yes,No,Yes,No,One year,Yes,Credit card,75.03,1148.83,No
CUST06622,Female,0,Yes,No,18,Yes,Fiber optic,Yes,No,No,Yes,Yes,Month-to-month,No,Credit card,96.89,1775.66,No
CUST06623,Female,0,No,Yes,65,Yes,No,No internet service,No internet service,No internet service,No internet service,No internet service,Two year,No,Credit card,71.37,4712.44,No
CUST06624,Female,1,Yes,No,71,Yes,DSL,No,No,No,Yes,No,Two year,Yes,Electronic check,61.83,4459.29,No
CUST06625,Female,0,Yes,No,23,Yes,DSL,Yes,Yes,No,No,No,One year,Yes,Mailed check,91.09,2150.05,No
CUST06626,Female,0,No,No,47,Yes,No,No internet service,No internet service,No internet service,No internet service,No internet service,Month-to-month,Yes,Mailed check,99.75,4752.11,No
CUST06627,Female,0,No,No,25,Yes,Fiber optic,No,Yes,No,No,Yes,Month-to-month,Yes,Mailed check,37.28,1002.62,Yes
CUST06628,Female,0,Yes,No,12,Yes,Fiber optic,Yes,Yes,No,No,No,Month-to-month,Yes,Electronic check,58.77,659.96,No
CUST06629,Male,0,Yes,No,7,Yes,Fiber optic,No,No,Yes,No,No,Month-to-month,No,Electronic check,18.99,101.87,Yes
CUST06630,Male,1,Yes,No,65,Yes,DSL,No,Yes,Yes,No,No,One year,Yes,Bank transfer,47.79,3159.92,No
CUST06631,Male,0,No,No,4,Yes,No,No internet service,No internet service,No internet service,No internet service,No internet service,Month-to-month,Yes,Bank transfer,108.92,522.65,No
CUST06632,Male,0,No,Yes,35,Yes,Fiber optic,Yes,No,No,No,No,Month-to-month,Yes,Credit card,44.93,1559.02,No
CUST06633,Male,0,Yes,No,16,Yes,No,No internet service,No internet service,No internet service,No internet service,No internet service,Month-to-month,No,Mailed check,83.4,1289.85,No
CUST06634,Female,0,Yes,Yes,55,No,Fiber optic,No,Yes,No,Yes,No,Month-to-month,Yes,Electronic check,81.99,4462.22,No
CUST06635,Female,0,No,Yes,9,Yes,No,No internet service,No internet service,No internet service,No internet service,No internet service,Two year,No,Credit card,57.14,446.04,No
CUST06636,Male,0,No,Yes,42,Yes,DSL,Yes,No,No,No,No,Month-to-month,Yes,Bank transfer,60.37,2571.07,Yes
CUST06637,Male,0,Yes,No,25,Yes,DSL,No,Yes,Yes,Yes,No,Month-to-month,Yes,Credit card,106.53,2751.85,Yes
CUST06638,Male,0,No,No,38,Yes,Fiber optic,No,No,No,Yes,Yes,Month-to-month,No,Credit card,95.31,3658.52,Yes
CUST06639,Female,0,Yes,No,13,Yes,No,No internet service,No internet service,No internet service,No internet service,No internet service,Month-to-month,No,Electronic check,127.65,1655.93,No
CUST06640,Male,0,Yes,No,8,Yes,Fiber optic,No,Yes,Yes,Yes,No,One year,No,Credit card,18.0,295.36,Yes
CUST06641,Male,0,No,No,13,Yes,Fiber optic,No,Yes,Yes,Yes,Yes,Two year,No,Bank transfer,85.07,1104.41,No
CUST06642,Male,0,No,Yes,42,Yes,DSL,Yes,Yes,Yes,No,Yes,One year,No,Credit card,18.0,865.55,No
CUST06643,Female,0,Yes,No,47,Yes,Fiber optic,Yes,No,Yes,Yes,No,Two year,No,Bank transfer,70.68,3234.11,No
CUST06644,Male,1,No,No,66,Yes,Fiber optic,No,Yes,No,No,Yes,Month-to-month,Yes,Electronic check,66.08,4377.98,Yes
CUST06645,Female,1,No,No,68,Yes,Fiber optic,Yes,No,Yes,No,No,Month-to-month,Yes,Electronic check,42.94,2840.78,Yes
CUST06646,Female,0,No,No,54,Yes,Fiber optic,No,No,Yes,No,Yes,Month-to-month,No,Mailed check,56.46,2974.66,No
CUST06647,Male,1,No,No,0,Yes,DSL,No,Yes,Yes,Yes,Yes,One year,Yes,Electronic check,64.09,0.0,Yes
CUST06648,Female,0,No,No,51,Yes,Fiber optic,No,No,No,No,No,Month-to-month,Yes,Bank transfer,82.5,4212.39,No
CUST06649,Female,0,No,No,51,Yes,DSL,No,Yes,Yes,Yes,Yes,Month-to-month,Yes,Credit card,42.9,2150.77,No
CUST06650,Female,0,Yes,No,51,Yes,DSL,No,No,No,No,Yes,Month-to-month,No,Bank transfer,53.12,2543.44,No
CUST06651,Male,1,No,Yes,48,Yes,DSL,Yes,Yes,No,No,No,Two year,No,Mailed check,84.54,4023.04,No
CUST06652,Female,0,Yes,Yes,50,Yes,No,No internet service,No internet service,No internet service,No internet service,No internet service,Month-to-month,Yes,Credit card,89.53,4426.43,No
CUST06653,Female,0,No,No,42,Yes,DSL,Yes,No,No,No,Yes,Month-to-month,Yes,Mailed check,137.29,5626.26,Yes
CUST06654,Male,0,Yes,No,45,Yes,DSL,No,Yes,No,Yes,Yes,Month-to-month,Yes,Credit card,75.73,3444.07,No
CUST06655,Male,0,Yes,No,50,Yes,Fiber optic,Yes,No,No,No,No,Month-to-month,No,Mailed check,87.36,4421.21,No
CUST06656,Female,0,No,No,3,Yes,Fiber optic,No,No,Yes,Yes,No,One year,Yes,Bank transfer,65.91,247.07,Yes
CUST06657,Female,0,Yes,No,37,Yes,No,No internet service,No internet service,No internet service,No internet service,No internet service,One year,No,Electronic check,106.58,4079.72,No
CUST06658,Female,0,Yes,No,9,Yes,Fiber optic,Yes,No,Yes,Yes,Yes,Two year,Yes,Mailed check,48.2,344.04,No
CUST06659,Female,1,Yes,No,67,Yes,Fiber optic,No,Yes,No,Yes,Yes,Two year,No,Mailed check,69.84,4591.49,Yes
CUST06660,Male,0,No,No,72,Yes,DSL,Yes,Yes,No,Yes,No,Month-to-month,No,Bank transfer,77.79,5598.13,No
CUST06661,Male,0,Yes,No,11,Yes,DSL,Yes,Yes,No,Yes,No,Two year,Yes,Credit card,83.73,911.51,No
CUST06662,Female,0,Yes,No,65,Yes,DSL,No,No,Yes,No,Yes,One year,Yes,Electronic check,94.92,6180.49,No
CUST06663,Male,0,No,No,34,Yes,Fiber optic,No,No,Yes,No,Yes,Two year,No,Mailed check,66.43,2325.5,No
CUST06664,Male,0,No,Yes,49,Yes,DSL,Yes,No,Yes,Yes,Yes,Month-to-month,Yes,Mailed check,93.83,4577.2,No
CUST06665,Female,0,No,Yes,47,Yes,No,No internet service,No internet service,No internet service,No internet service,No internet service,Month-to-month,Yes,Bank transfer,36.15,1781.68,No
CUST06666,Male,0,Yes,No,8,Yes,No,No internet service,No internet service,No internet service,No internet service,No internet service,One year,No,Electronic check,77.81,560.77,No
CUST06667,Male,0,No,No,66,Yes,Fiber optic,No,Yes,No,Yes,Yes,Two year,No,Bank transfer,24.32,1564.56,No
CUST06668,Male,0,No,No,46,No,Fiber optic,No,No,Yes,Yes,Yes,Two year,Yes,Bank transfer,65.86,2940.67,No
CUST06669,Male,1,No,No,35,Yes,No,No internet service,No internet service,No internet service,No internet service,No internet service,Month-to-month,Yes,Bank transfer,134.02,4417.78,Yes
CUST06670,Male,0,No,No,44,Yes,DSL,Yes,No,No,No,No,Month-to-month,No,Credit card,78.16,3299.03,No
CUST06671,Male,0,Yes,No,71,Yes,No,No internet service,No internet service,No internet service,No internet service,No internet service,Two year,Yes,Bank transfer,59.58,4301.78,No
CUST06672,Male,0,No,Yes,47,Yes,Fiber optic,No,Yes,No,Yes,No,Month-to-month,No,Credit card,84.37,4053.59,No
CUST06673,Male,0,No,Yes,47,Yes,Fiber optic,Yes,Yes,Yes,No,Yes,Month-to-month,Yes,Electronic check,70.32,3202.71,Yes
CUST06674,Female,1,Yes,No,63,Yes,DSL,Yes,No,No,Yes,Yes,Two year,Yes,Mailed check,43.38,2807.46,No
CUST06675,Female,0,Yes,No,51,Yes,Fiber optic,No,Yes,No,Yes,No,Month-to-month,Yes,Bank transfer,25.39,1100.62,Yes
CUST06676,Female,0,Yes,Yes,10,Yes,DSL,No,No,No,Yes,Yes,Month-to-month,Yes,Electronic check,71.19,629.38,Yes
CUST06677,Female,0,No,Yes,59,Yes,DSL,Yes,Yes,Yes,No,Yes,Month-to-month,Yes,Bank transfer,66.64,3894.35,No
CUST06678,Male,0,Yes,No,65,Yes,Fiber optic,No,Yes,Yes,Yes,No,Month-to-month,No,Electronic check,65.16,4319.7,No
CUST06679,Female,0,No,No,53,Yes,DSL,Yes,Yes,No,No,No,Month-to-month,Yes,Bank transfer,92.6,5052.31,No
CUST06680,Female,0,No,No,11,Yes,DSL,No,Yes,No,Yes,No,Two year,No,Credit card,106.3,1132.25,No
CUST06681,Male,0,Yes,No,38,Yes,No,No internet service,No internet service,No internet service,No internet service,No internet service,Two year,Yes,Electronic check,90.12,3419.09,No
CUST06682,Male,0,Yes,Yes,3,Yes,DSL,Yes,No,No,No,No,Month-to-month,Yes,Electronic check,63.61,274.09,Yes
CUST06683,Female,0,Yes,No,56,Yes,Fiber optic,Yes,No,No,Yes,Yes,Two year,No,Bank transfer,75.36,4399.98,Yes
CUST06684,Female,0,Yes,Yes,69,No,DSL,Yes,No,Yes,No,Yes,Month-to-month,Yes,Mailed check,99.82,6982.62,Yes
CUST06685,Male,0,No,Yes,2,Yes,Fiber optic,Yes,No,Yes,No,No,Month-to-month,No,Credit card,94.29,91.77,Yes
CUST06686,Male,0,No,No,7,Yes,No,No internet service,No internet service,No internet service,No internet service,No internet service,Month-to-month,Yes,Electronic check,86.73,677.18,No
CUST06687,Male,0,No,No,68,Yes,Fiber optic,No,Yes,No,Yes,No,Month-to-month,No,Credit card,60.22,4043.28,No
CUST06688,Male,0,No,No,58,Yes,No,No internet service,No internet service,No internet service,No internet service,No internet service,Month-to-month,Yes,Credit card,99.93,5908.02,No
CUST06689,Female,0,Yes,No,60,Yes,Fiber optic,Yes,Yes,No,No,Yes,Month-to-month,Yes,Bank transfer,107.63,6508.44,Yes
CUST06690,Female,0,No,No,15,No,Fiber optic,No,No,No,Yes,Yes,Two year,No,Mailed check,94.5,1335.67,No
CUST06691,Male,0,Yes,Yes,46,Yes,DSL,Yes,No,Yes,No,No,One year,Yes,Bank transfer,147.58,6877.09,No
CUST06692,Female,0,No,No,60,Yes,No,No internet service,No internet service,No internet service,No internet service,No internet service,Month-to-month,No,Mailed check,92.72,5605.52,No
CUST06693,Female,0,Yes,No,5,Yes,No,No internet service,No internet service,No internet service,No internet service,No internet service,Two year,Yes,Mailed check,102.68,545.27,Yes
CUST06694,Female,0,Yes,Yes,20,Yes,DSL,Yes,No,No,No,Yes,Month-to-month,Yes,Bank transfer,90.02,1802.8,No
CUST06695,Male,0,No,No,21,Yes,DSL,No,No,No,No,Yes,Month-to-month,Yes,Credit card,70.76,1444.07,No
CUST06696,Female,0,No,Yes,39,Yes,Fiber optic,No,No,No,No,Yes,Month-to-month,Yes,Bank transfer,44.6,1788.78,Yes
CUST06697,Female,0,Yes,Yes,18,Yes,DSL,No,Yes,No,Yes,Yes,Month-to-month,No,Credit card,54.77,1161.99,No
CUST06698,Female,0,Yes,Yes,24,Yes,DSL,Yes,No,No,Yes,Yes,Month-to-month,Yes,Bank transfer,55.03,1473.38,No
CUST06699,Male,0,No,Yes,18,Yes,No,No internet service,No internet service,No internet service,No internet service,No internet service,Month-to-month,No,Credit card,43.78,773.29,No
CUST06700,Male,0,No,No,4,Yes,No,No internet service,No internet service,No internet service,No internet service,No internet service,Month-to-month,Yes,Electronic check,66.83,99.01,Yes
CUST06701,Female,0,No,No,49,Yes,Fiber optic,No,No,No,Yes,Yes,Month-to-month,No,Electronic check,74.08,3586.11,No
CUST06702,Male,0,Yes,No,46,Yes,DSL,Yes,Yes,Yes,Yes,Yes,Month-to-month,Yes,Electronic check,103.78,4785.57,No
CUST06703,Female,0,Yes,No,63,Yes,Fiber optic,Yes,No,No,No,Yes,One year,Yes,Mailed check,43.87,2786.63,No
CUST06704,Male,0,No,No,42,Yes,No,No internet service,No internet service,No internet service,No internet service,No internet service,Month-to-month,Yes,Mailed check,96.3,4116.48,Yes
CUST06705,Female,0,No,No,49,Yes,No,No internet service,No internet service,No internet service,No internet service,No internet service,One year,Yes,Bank transfer,80.7,4012.39,No
CUST06706,Male,0,Yes,No,26,Yes,No,No internet service,No internet service,No internet service,No internet service,No internet service,Month-to-month,Yes,Credit card,83.41,2227.93,No
CUST06707,Male,0,Yes,No,28,Yes,Fiber optic,,No,No,Yes,No,One year,No,Electronic check,71.6,1954.13,No
CUST06708,Male,0,Yes,No,30,Yes,Fiber optic,No,Yes,Yes,No,No,Two year,Yes,Electronic check,126.3,3747.16,No
CUST06709,Male,0,No,No,70,Yes,DSL,No,Yes,Yes,Yes,No,Month-to-month,Yes,Credit card,54.34,3717.28,No
CUST06710,Male,0,Yes,Yes,34,Yes,No,No internet service,No internet service,No internet service,No internet service,No internet service,One year,No,Mailed check,60.04,2062.16,Yes
CUST06711,Male,0,No,No,62,Yes,Fiber optic,Yes,Yes,No,No,No,Two year,Yes,Bank transfer,76.94,4839.49,No
CUST06712,Male,0,No,Yes,23,Yes,Fiber optic,Yes,No,No,No,Yes,Month-to-month,Yes,Electronic check,83.89,2014.99,Yes
CUST06713,Female,0,Yes,Yes,50,Yes,Fiber optic,Yes,No,Yes,No,No,Month-to-month,No,Credit card,79.62,3780.34,Yes
CUST06714,Female,0,Yes,No,20,Yes,DSL,No,Yes,Yes,Yes,No,Month-to-month,Yes,Mailed check,72.75,1492.64,No
CUST06715,Female,0,Yes,No,29,Yes,DSL,Yes,No,No,Yes,Yes,One year,Yes,Credit card,87.16,2444.28,No
CUST06716,Male,0,Yes,Yes,62,Yes,No,No internet service,No internet service,No internet service,No internet service,No internet service,Month-to-month,No,Electronic check,89.04,5567.7,No
CUST06717,Female,0,No,No,49,No,Fiber optic,Yes,No,Yes,No,No,Two year,Yes,Bank transfer,73.03,3494.58,No
CUST06718,Female,0,No,No,35,Yes,DSL,No,Yes,No,Yes,No,Month-to-month,No,Credit card,119.92,4255.96,No
CUST06719,Male,0,Yes,Yes,29,Yes,Fiber optic,Yes,No,No,No,Yes,Month-to-month,Yes,Electronic check,85.04,2414.37,Yes
CUST06720,Female,0,No,No,58,Yes,DSL,No,No,Yes,No,Yes,Month-to-month,No,Credit card,67.11,3842.28,No
CUST06721,Female,0,Yes,No,11,Yes,Fiber optic,Yes,No,No,No,No,Month-to-month,Yes,Credit card,105.09,1220.27,Yes
CUST06722,Male,0,No,No,61,Yes,Fiber optic,Yes,Yes,No,Yes,No,One year,Yes,Mailed check,23.27,1375.34,Yes
CUST06723,Male,0,No,Yes,45,Yes,Fiber optic,Yes,Yes,No,Yes,Yes,Month-to-month,Yes,Credit card,45.87,2140.85,No
CUST06724,Male,0,Yes,No,24,Yes,No,No internet service,No internet service,No internet service,No internet service,No internet service,One year,Yes,Credit card,68.9,1712.95,Yes
CUST06725,Male,0,No,No,50,Yes,DSL,No,No,Yes,No,No,Two year,Yes,Electronic check,44.55,2218.6,No
CUST06726,Female,0,No,Yes,72,Yes,No,No internet service,No internet service,No internet service,No internet service,No internet service,Two year,Yes,Electronic check,94.08,6737.48,No
CUST06727,Female,0,Yes,No,25,Yes,Fiber optic,Yes,No,Yes,Yes,Yes,Two year,No,Electronic check,93.23,2432.85,No
CUST06728,Female,1,No,No,28,Yes,No,No internet service,No internet service,No internet service,No internet service,No internet service,Month-to-month,Yes,Mailed check,114.78,3280.24,No
CUST06729,Male,0,Yes,Yes,67,Yes,No,No internet service,No internet service,No internet service,No internet service,No internet service,Two year,Yes,Bank transfer,59.56,4121.92,No
CUST06730,Male,1,Yes,No,25,Yes,DSL,No,Yes,Yes,No,No,Month-to-month,Yes,Electronic check,88.19,2065.33,No
CUST06731,Female,1,No,No,62,Yes,Fiber optic,No,No,Yes,No,No,Month-to-month,No,Mailed check,105.99,6548.25,Yes
CUST06732,Male,0,Yes,No,65,Yes,DSL,No,No,No,No,No,Two year,No,Mailed check,78.06,5037.47,No
CUST06733,Female,0,Yes,No,42,Yes,Fiber optic,Yes,Yes,No,No,Yes,Month-to-month,No,Bank transfer,98.65,4184.27,No
CUST06734,Female,0,Yes,Yes,5,Yes,DSL,No,Yes,No,No,Yes,Month-to-month,No,Mailed check,71.5,281.57,No
CUST06735,Male,1,Yes,No,4,Yes,DSL,,Yes,Yes,No,Yes,Month-to-month,No,Mailed check,106.87,362.83,Yes
CUST06736,Female,0,Yes,No,20,Yes,No,No internet service,No internet service,No internet service,No internet service,No internet service,Month-to-month,Yes,Bank transfer,54.97,1102.68,No
CUST06737,Male,0,Yes,Yes,1,Yes,No,No internet service,No internet service,No internet service,No internet service,No internet service,One year,No,Bank transfer,35.21,0.0,No
CUST06738,Male,1,No,No,55,Yes,Fiber optic,No,No,Yes,No,No,One year,Yes,Credit card,64.53,3388.22,No
CUST06739,Male,0,Yes,No,46,Yes,Fiber optic,Yes,Yes,Yes,No,Yes,Month-to-month,No,Credit card,71.8,3293.59,Yes
CUST06740,Male,1,No,No,33,Yes,No,No internet service,No internet service,No internet service,No internet service,No internet service,Month-to-month,No,Credit card,84.94,3015.35,No
CUST06741,Male,0,No,Yes,59,Yes,No,No internet service,No internet service,No internet service,No internet service,No internet service,Month-to-month,Yes,Credit card,85.28,5040.6,No
CUST06742,Female,0,Yes,No,9,Yes,DSL,Yes,Yes,No,No,No,Month-to-month,Yes,Mailed check,56.26,476.22,Yes
CUST06743,Female,0,No,No,36,Yes,DSL,Yes,No,Yes,Yes,No,Month-to-month,Yes,Bank transfer,49.04,1799.95,Yes
CUST06744,Male,0,No,No,24,Yes,No,No internet service,No internet service,No internet service,No internet service,No internet service,Month-to-month,No,Bank transfer,114.66,2798.11,No
CUST06745,Female,0,No,No,1,Yes,DSL,Yes,Yes,No,No,Yes,Two year,Yes,Bank transfer,70.56,60.3,No
CUST06746,Female,0,No,No,34,Yes,Fiber optic,No,No,Yes,No,Yes,Two year,Yes,Credit card,62.11,2057.65,No
CUST06747,Male,0,Yes,No,10,Yes,Fiber optic,Yes,Yes,No,Yes,Yes,Month-to-month,Yes,Credit card,81.97,694.23,No
CUST06748,Male,0,Yes,Yes,3,Yes,Fiber optic,Yes,Yes,Yes,Yes,Yes,Month-to-month,No,Mailed check,49.76,221.33,Yes
CUST06749,Male,0,No,No,15,Yes,DSL,Yes,No,Yes,Yes,Yes,Two year,No,Electronic check,56.13,804.29,No
CUST06750,Female,1,No,No,14,Yes,Fiber optic,No,Yes,Yes,No,Yes,One year,No,Bank transfer,93.8,1351.14,No
CUST06751,Female,0,No,No,45,Yes,Fiber optic,No,Yes,Yes,Yes,Yes,Two year,No,Bank transfer,48.64,2273.33,No
CUST06752,Male,0,No,Yes,57,Yes,No,No internet service,No internet service,No internet service,No internet service,No internet service,Two year,Yes,Bank transfer,40.77,2299.34,No
CUST06753,Female,0,Yes,No,35,Yes,Fiber optic,No,No,Yes,No,No,Month-to-month,Yes,Electronic check,65.11,2161.62,Yes
CUST06754,Male,0,Yes,No,46,Yes,No,No internet service,No internet service,No internet service,No internet service,No internet service,Month-to-month,No,Electronic check,80.48,3683.96,No
CUST06755,Female,0,No,No,7,Yes,DSL,Yes,Yes,Yes,Yes,No,Month-to-month,Yes,Bank transfer,108.37,746.15,No
CUST06756,Female,0,Yes,Yes,57,Yes,DSL,Yes,Yes,No,Yes,No,One year,No,Bank transfer,82.51,4742.68,No
CUST06757,Female,0,No,No,36,Yes,No,No internet service,No internet service,No internet service,No internet service,No internet service,Two year,No,Bank transfer,86.9,3082.65,No
CUST06758,Male,1,No,Yes,31,Yes,DSL,Yes,Yes,Yes,Yes,No,Month-to-month,Yes,Bank transfer,48.43,1451.49,No
CUST06759,Male,0,Yes,Yes,63,Yes,DSL,No,No,Yes,No,No,Two year,Yes,Credit card,78.67,4925.37,No
CUST06760,Female,1,Yes,No,22,Yes,DSL,Yes,Yes,Yes,No,Yes,One year,No,Mailed check,46.02,1042.19,No
CUST06761,Male,0,No,No,32,Yes,Fiber optic,No,No,Yes,Yes,Yes,One year,Yes,Bank transfer,96.89,3172.48,No
CUST06762,Male,1,No,No,67,Yes,No,No internet service,No internet service,No internet service,No internet service,No internet service,One year,Yes,Credit card,76.84,5334.95,No
CUST06763,Male,0,No,Yes,10,Yes,No,No internet service,No internet service,No internet service,No internet service,No internet service,Month-to-month,Yes,Credit card,72.7,881.31,No
CUST06764,Female,0,Yes,Yes,38,Yes,DSL,Yes,Yes,Yes,Yes,Yes,One year,Yes,Electronic check,86.64,3281.63,Yes
CUST06765,Male,1,Yes,No,42,No,DSL,Yes,Yes,Yes,Yes,Yes,Two year,Yes,Electronic check,61.73,2535.15,Yes
CUST06766,Female,1,Yes,Yes,51,Yes,DSL,No,Yes,Yes,Yes,No,One year,Yes,Credit card,61.87,3105.5,No
CUST06767,Female,0,Yes,No,67,Yes,No,No internet service,No internet service,No internet service,No internet service,No internet service,Month-to-month,Yes,Bank transfer,50.23,3260.4,No
CUST06768,Female,0,Yes,Yes,25,Yes,Fiber optic,Yes,No,Yes,No,Yes,Month-to-month,Yes,Bank transfer,118.53,2973.19,Yes
CUST06769,Female,0,No,Yes,8,Yes,DSL,No,Yes,Yes,No,No,One year,No,Electronic check,68.3,467.17,No
CUST06770,Male,0,Yes,No,29,Yes,DSL,No,Yes,No,No,No,Two year,Yes,Electronic check,66.1,1828.34,No
CUST06771,Female,1,No,Yes,11,Yes,DSL,No,Yes,No,Yes,Yes,Month-to-month,No,Bank transfer,91.34,921.46,Yes
CUST06772,Female,0,No,No,53,Yes,Fiber optic,No,Yes,Yes,No,No,Month-to-month,No,Electronic check,74.29,4008.45,Yes
CUST06773,Female,0,No,No,41,No,Fiber optic,Yes,Yes,No,Yes,Yes,Month-to-month,Yes,Credit card,18.0,731.39,Yes
CUST06774,Female,0,No,Yes,55,Yes,Fiber optic,No,No,No,Yes,Yes,Two year,Yes,Credit card,124.57,6742.33,No
CUST06775,Female,0,Yes,No,24,Yes,Fiber optic,No,Yes,Yes,Yes,Yes,Month-to-month,No,Credit card,62.01,1558.73,No
CUST06776,Female,0,No,No,69,Yes,DSL,No,No,No,Yes,Yes,Month-to-month,Yes,Electronic check,53.01,3752.99,No
CUST06777,Female,0,Yes,No,65,Yes,Fiber optic,No,Yes,Yes,No,No,One year,Yes,Mailed check,69.93,4508.67,No
CUST06778,Male,1,Yes,Yes,66,Yes,Fiber optic,Yes,No,No,Yes,Yes,Month-to-month,Yes,Electronic check,61.1,3969.92,No
CUST06779,Male,0,No,No,52,Yes,DSL,Yes,No,No,No,Yes,One year,Yes,Bank transfer,61.58,3132.37,No
CUST06780,Male,0,Yes,No,13,Yes,Fiber optic,No,No,Yes,No,No,Month-to-month,Yes,Bank transfer,76.91,1021.05,No
CUST06781,Female,0,Yes,Yes,10,Yes,No,No internet service,No internet service,No internet service,No internet service,No internet service,One year,No,Electronic check,27.5,347.93,Yes
CUST06782,Male,0,No,Yes,69,Yes,Fiber optic,No,No,No,No,No,Month-to-month,No,Credit card,92.37,6387.01,No
CUST06783,Male,1,Yes,Yes,63,Yes,Fiber optic,Yes,Yes,No,No,Yes,Month-to-month,Yes,Bank transfer,97.85,6056.9,Yes
CUST06784,Female,0,Yes,Yes,64,Yes,Fiber optic,Yes,Yes,No,Yes,No,One year,Yes,Mailed check,31.76,2117.77,Yes
CUST06785,Male,0,Yes,Yes,46,Yes,DSL,Yes,No,Yes,No,Yes,Month-to-month,Yes,Credit card,85.39,3923.6,No
CUST06786,Female,0,Yes,No,62,Yes,DSL,No,No,No,No,Yes,Month-to-month,Yes,Mailed check,52.6,3245.12,No
CUST06787,Female,0,No,No,36,Yes,Fiber optic,Yes,No,No,Yes,No,Month-to-month,No,Bank transfer,63.05,2304.28,Yes
CUST06788,Male,0,No,No,11,Yes,DSL,Yes,Yes,Yes,No,No,One year,Yes,Credit card,82.79,994.16,No
CUST06789,Male,0,Yes,Yes,18,Yes,Fiber optic,Yes,No,No,No,Yes,Two year,No,Credit card,,1630.79,No
CUST06790,Female,0,No,Yes,62,No,Fiber optic,Yes,No,Yes,No,No,Two year,Yes,Bank transfer,82.28,4994.04,No
CUST06791,Female,0,No,No,47,Yes,DSL,No,No,No,Yes,No,Month-to-month,Yes,Mailed check,39.27,1841.85,Yes
CUST06792,Female,1,No,No,72,Yes,No,No internet service,No internet service,No internet service,No internet service,No internet service,Month-to-month,Yes,Mailed check,75.6,5440.31,No
CUST06793,Female,0,No,No,65,Yes,No,No internet service,No internet service,No internet service,No internet service,No internet service,Two year,No,Credit card,86.24,5677.79,No
CUST06794,Male,1,No,Yes,55,Yes,DSL,No,Yes,No,Yes,No,Month-to-month,Yes,Bank transfer,54.68,3108.83,Yes
CUST06795,Female,0,No,Yes,2,No,Fiber optic,Yes,No,Yes,Yes,No,Two year,No,Bank transfer,52.85,65.46,No
CUST06796,Male,0,No,No,13,Yes,DSL,No,Yes,No,No,Yes,Month-to-month,No,Mailed check,72.21,965.0,No
CUST06797,Male,1,Yes,No,27,Yes,No,No internet service,No internet service,No internet service,No internet service,No internet service,Month-to-month,Yes,Bank transfer,88.34,2421.93,Yes
CUST06798,Female,0,Yes,Yes,2,Yes,Fiber optic,Yes,No,Yes,Yes,Yes,One year,No,Electronic check,59.83,164.2,Yes
CUST06799,Male,0,Yes,No,68,No,Fiber optic,No,No,Yes,No,Yes,Month-to-month,No,Bank transfer,80.01,5310.99,Yes
CUST06800,Female,0,No,Yes,16,No,No,No internet service,No internet service,No internet service,No internet service,No internet service,One year,Yes,Electronic check,42.49,721.58,Yes
CUST06801,Female,0,Yes,No,27,Yes,Fiber optic,No,Yes,Yes,Yes,No,Month-to-month,Yes,Bank transfer,80.76,2114.0,Yes
CUST06802,Male,0,No,No,49,Yes,No,No internet service,No internet service,No internet service,No internet service,No internet service,Month-to-month,No,Bank transfer,28.46,1440.29,Yes
CUST06803,Female,0,Yes,No,2,Yes,DSL,No,No,No,Yes,Yes,One year,Yes,Credit card,81.75,70.96,Yes
CUST06804,Female,0,No,No,46,Yes,DSL,No,No,Yes,Yes,No,Two year,No,Electronic check,96.03,4422.07,No
CUST06805,Male,0,Yes,No,7,Yes,Fiber optic,Yes,Yes,No,Yes,Yes,Month-to-month,Yes,Credit card,69.83,464.04,Yes
CUST06806,Female,0,Yes,No,65,Yes,No,No internet service,No internet service,No internet service,No internet service,No internet service,Month-to-month,Yes,Credit card,87.93,5885.82,No
CUST06807,Male,0,Yes,No,50,Yes,DSL,Yes,Yes,No,Yes,No,Two year,Yes,Credit card,80.13,3934.75,No
CUST06808,Female,1,No,No,24,Yes,Fiber optic,Yes,No,No,No,No,Month-to-month,Yes,Mailed check,39.57,871.92,No
CUST06809,Male,0,No,No,51,Yes,No,No internet service,No internet service,No internet service,No internet service,No internet service,Month-to-month,No,Credit card,44.47,2385.09,No
CUST06810,Female,1,Yes,Yes,22,Yes,DSL,No,No,Yes,Yes,No,Month-to-month,Yes,Electronic check,64.95,1496.7,Yes
CUST06811,Female,0,No,No,8,No,Fiber optic,No,No,No,No,No,Two year,No,Mailed check,70.29,581.32,No
CUST06812,Female,0,No,No,0,Yes,DSL,Yes,Yes,No,No,Yes,Month-to-month,No,Credit card,54.44,0.0,No
CUST06813,Male,0,No,No,16,Yes,DSL,Yes,No,Yes,No,Yes,Month-to-month,Yes,Bank transfer,43.49,600.42,No
CUST06814,Female,1,No,No,51,Yes,DSL,No,Yes,Yes,No,Yes,Month-to-month,Yes,Credit card,18.0,880.08,No
CUST06815,Male,0,No,No,41,Yes,No,No internet service,No internet service,No internet service,No internet service,No internet service,Month-to-month,No,Bank transfer,115.84,4703.07,No
CUST06816,Male,1,No,No,19,Yes,DSL,No,Yes,No,Yes,Yes,Month-to-month,Yes,Bank transfer,116.62,2156.15,No
CUST06817,Female,0,No,Yes,50,Yes,Fiber optic,Yes,Yes,No,Yes,No,Month-to-month,Yes,Bank transfer,52.88,2599.46,Yes
CUST06818,Female,0,No,No,28,No,Fiber optic,Yes,Yes,No,No,No,Month-to-month,Yes,Bank transfer,37.99,1015.45,Yes
CUST06819,Female,0,No,Yes,11,Yes,Fiber optic,Yes,Yes,Yes,Yes,Yes,Month-to-month,No,Mailed check,110.37,1287.7,No
CUST06820,Male,1,Yes,No,49,Yes,Fiber optic,No,Yes,No,Yes,Yes,Month-to-month,No,Bank transfer,21.01,914.61,Yes
CUST06821,Female,0,Yes,No,33,Yes,Fiber optic,No,Yes,Yes,No,Yes,Month-to-month,No,Mailed check,99.7,3318.19,Yes
CUST06822,Female,1,No,No,48,Yes,No,No internet service,No internet service,No internet service,No internet service,No internet service,Month-to-month,Yes,Electronic check,89.92,4334.28,Yes
CUST06823,Female,0,No,No,41,Yes,No,No internet service,No internet service,No internet service,No internet service,No internet service,One year,No,Electronic check,65.26,2667.08,No
CUST06824,Male,0,No,Yes,7,Yes,DSL,No,Yes,No,No,Yes,One year,Yes,Bank transfer,108.83,811.89,Yes
CUST06825,Female,0,No,No,3,Yes,Fiber optic,Yes,No,No,No,Yes,Month-to-month,No,Bank transfer,57.51,203.6,No
CUST06826,Female,0,No,Yes,7,Yes,Fiber optic,Yes,Yes,No,No,Yes,Month-to-month,No,Electronic check,95.01,669.89,No
CUST06827,Female,0,Yes,Yes,16,Yes,Fiber optic,Yes,Yes,No,No,Yes,Month-to-month,Yes,Mailed check,67.76,1169.2,Yes
CUST06828,Male,0,No,No,16,Yes,Fiber optic,Yes,No,No,No,Yes,Two year,No,Credit card,43.58,497.59,No
CUST06829,Male,0,Yes,No,67,Yes,No,No internet service,No internet service,No internet service,No internet service,No internet service,Two year,Yes,Credit card,125.07,8551.78,No
CUST06830,Male,0,No,Yes,57,Yes,Fiber optic,Yes,Yes,Yes,No,Yes,Month-to-month,No,Mailed check,56.29,3299.24,No
CUST06831,Female,0,No,No,64,Yes,Fiber optic,Yes,Yes,No,No,Yes,Two year,Yes,Bank transfer,63.27,4184.24,No
CUST06832,Male,0,Yes,Yes,34,Yes,DSL,Yes,Yes,No,No,Yes,Month-to-month,Yes,Bank transfer,94.33,3134.33,Yes
CUST06833,Male,0,No,No,23,Yes,Fiber optic,Yes,No,No,Yes,No,One year,No,Bank transfer,105.01,2418.29,No
CUST06834,Female,0,No,Yes,29,Yes,Fiber optic,No,Yes,No,Yes,Yes,One year,Yes,Electronic check,41.03,1212.28,No
CUST06835,Male,0,Yes,Yes,63,No,Fiber optic,No,Yes,No,No,Yes,Month-to-month,Yes,Mailed check,110.02,6899.15,Yes
CUST06836,Female,0,No,No,25,Yes,No,No internet service,No internet service,No internet service,No internet service,No internet service,One year,Yes,Mailed check,73.84,1858.04,No
CUST06837,Female,0,No,No,46,Yes,No,No internet service,No internet service,No internet service,No internet service,No internet service,Month-to-month,No,Credit card,71.8,3321.58,No
CUST06838,Male,0,No,No,10,Yes,No,No internet service,No internet service,No internet service,No internet service,No internet service,Two year,No,Electronic check,69.81,599.96,No
CUST06839,Male,0,Yes,No,71,Yes,Fiber optic,No,Yes,Yes,No,No,Month-to-month,Yes,Bank transfer,73.58,5281.39,No
CUST06840,Female,0,Yes,No,46,Yes,Fiber optic,Yes,No,Yes,Yes,Yes,Month-to-month,Yes,Mailed check,35.02,1661.53,Yes
CUST06841,Male,0,No,No,70,Yes,DSL,No,No,Yes,Yes,No,Month-to-month,Yes,Mailed check,84.16,5834.98,No
CUST06842,Female,0,Yes,No,21,Yes,No,No internet service,No internet service,No internet service,No internet service,No internet service,Month-to-month,Yes,Bank transfer,79.11,1555.37,No
CUST06843,Male,0,Yes,No,45,Yes,Fiber optic,No,Yes,Yes,No,No,Month-to-month,Yes,Electronic check,64.82,2925.25,Yes
CUST06844,Male,0,No,No,20,Yes,DSL,No,No,Yes,No,No,Month-to-month,No,Bank transfer,79.14,1515.26,No
CUST06845,Male,0,No,Yes,34,Yes,DSL,No,No,Yes,Yes,No,Month-to-month,Yes,Mailed check,68.87,2363.09,Yes
CUST06846,Female,0,No,Yes,23,Yes,No,No internet service,No internet service,No internet service,No internet service,No internet service,One year,Yes,Mailed check,72.15,1595.98,No
CUST06847,Male,0,No,No,10,Yes,DSL,No,No,No,Yes,Yes,One year,Yes,Electronic check,84.44,964.2,Yes
CUST06848,Male,1,Yes,No,32,Yes,Fiber optic,No,Yes,No,Yes,No,Month-to-month,No,Electronic check,68.35,2132.2,No
CUST06849,Male,0,Yes,No,38,Yes,Fiber optic,No,No,No,No,Yes,Month-to-month,Yes,Electronic check,54.57,2002.15,No
CUST06850,Male,0,No,No,11,Yes,DSL,Yes,No,Yes,No,No,Month-to-month,No,Bank transfer,92.97,1024.59,No
CUST06851,Male,0,Yes,No,29,Yes,No,No internet service,No internet service,No internet service,No internet service,No internet service,Month-to-month,Yes,Mailed check,47.12,1238.59,No
CUST06852,Female,0,Yes,No,6,Yes,No,No internet service,No internet service,No internet service,No internet service,No internet service,Month-to-month,Yes,Electronic check,100.29,532.47,Yes
CUST06853,Female,0,No,No,47,Yes,DSL,Yes,No,No,Yes,No,Month-to-month,No,Credit card,65.41,2941.78,No
CUST06854,Male,0,Yes,Yes,22,Yes,DSL,No,Yes,Yes,Yes,Yes,Month-to-month,Yes,Credit card,95.89,2126.56,Yes
CUST06855,Female,0,No,No,6,No,Fiber optic,Yes,No,No,No,No,Month-to-month,Yes,Bank transfer,109.95,733.91,No
CUST06856,Female,0,No,Yes,37,No,DSL,No,Yes,Yes,No,No,Two year,Yes,Bank transfer,72.52,2648.87,No
CUST06857,Female,0,No,Yes,60,Yes,DSL,No,No,No,Yes,No,One year,No,Bank transfer,95.8,5848.35,No
CUST06858,Female,0,Yes,No,72,Yes,No,No internet service,No internet service,No internet service,No internet service,No internet service,Two year,No,Credit card,89.76,6394.7,No
CUST06859,Male,0,Yes,Yes,70,Yes,DSL,Yes,No,Yes,No,No,One year,No,Credit card,78.57,,No
CUST06860,Female,0,No,No,12,Yes,Fiber optic,No,No,Yes,Yes,Yes,Month-to-month,Yes,Credit card,89.07,1140.43,No
CUST06861,Female,0,No,No,15,Yes,DSL,Yes,Yes,Yes,Yes,Yes,One year,No,Mailed check,67.0,1062.29,No
CUST06862,Female,0,No,No,65,Yes,Fiber optic,No,Yes,No,No,No,Two year,Yes,Mailed check,115.05,7514.76,No
CUST06863,Male,0,Yes,Yes,46,No,Fiber optic,No,Yes,Yes,No,Yes,Two year,Yes,Electronic check,76.11,3589.86,No
CUST06864,Female,0,No,No,39,Yes,DSL,Yes,Yes,No,Yes,Yes,One year,Yes,Bank transfer,55.74,2169.74,No
CUST06865,Female,0,Yes,No,58,Yes,Fiber optic,No,Yes,Yes,No,No,Month-to-month,Yes,Mailed check,63.15,3686.94,Yes
CUST06866,Female,0,Yes,No,4,Yes,No,No internet service,No internet service,No internet service,No internet service,No internet service,One year,Yes,Bank transfer,96.19,330.27,No
CUST06867,Male,0,Yes,No,40,Yes,Fiber optic,No,Yes,Yes,Yes,Yes,Month-to-month,No,Bank transfer,50.99,2193.68,No
CUST06868,Male,0,Yes,No,41,Yes,No,No internet service,No internet service,No internet service,No internet service,No internet service,Month-to-month,No,Bank transfer,121.3,4937.29,No
CUST06869,Female,0,Yes,No,68,Yes,DSL,No,Yes,No,No,No,Month-to-month,No,Electronic check,106.64,7234.48,No
CUST06870,Male,1,Yes,No,34,Yes,Fiber optic,Yes,Yes,No,Yes,No,Month-to-month,Yes,Bank transfer,43.22,1486.25,No
CUST06871,Male,0,No,No,37,No,No,No internet service,No internet service,No internet service,No internet service,No internet service,Month-to-month,Yes,Electronic check,93.33,3506.58,Yes
CUST06872,Female,0,No,No,58,Yes,Fiber optic,Yes,Yes,Yes,No,Yes,Two year,Yes,Credit card,49.81,2941.53,No
CUST06873,Female,0,Yes,No,19,Yes,No,No internet service,No internet service,No internet service,No internet service,No internet service,One year,No,Electronic check,53.16,793.31,No
CUST06874,Male,0,Yes,No,5,No,Fiber optic,No,No,No,Yes,No,One year,Yes,Mailed check,62.28,452.76,No
CUST06875,Male,0,No,Yes,34,Yes,No,No internet service,No internet service,No internet service,No internet service,No internet service,Two year,Yes,Mailed check,55.44,2013.75,No
CUST06876,Male,0,Yes,No,44,Yes,DSL,Yes,Yes,Yes,Yes,Yes,Month-to-month,No,Credit card,92.14,4154.35,Yes
CUST06877,Male,1,Yes,No,35,No,DSL,Yes,Yes,No,Yes,No,One year,Yes,Electronic check,80.34,2823.62,No
CUST06878,Male,0,No,No,51,Yes,Fiber optic,Yes,Yes,No,No,Yes,One year,No,Bank transfer,84.57,4412.89,No
CUST06879,Female,1,No,No,18,Yes,No,No internet service,No internet service,No internet service,No internet service,No internet service,Month-to-month,Yes,Credit card,74.08,1354.41,Yes
CUST06880,Female,0,No,No,1,Yes,DSL,Yes,Yes,Yes,No,Yes,Month-to-month,Yes,Credit card,60.8,80.77,No
CUST06881,Male,0,Yes,No,57,Yes,DSL,Yes,No,No,No,No,One year,No,Mailed check,60.98,3531.71,No
CUST06882,Male,0,Yes,Yes,62,Yes,No,No internet service,No internet service,No internet service,No internet service,No internet service,Two year,Yes,Mailed check,101.64,6345.15,No
CUST06883,Female,0,Yes,No,45,Yes,Fiber optic,Yes,Yes,No,No,No,Month-to-month,Yes,Electronic check,65.28,3019.52,No
CUST06884,Male,0,No,Yes,22,Yes,Fiber optic,Yes,No,Yes,No,Yes,One year,Yes,Mailed check,108.89,2223.44,No
CUST06885,Male,0,Yes,No,27,Yes,DSL,No,Yes,Yes,No,Yes,One year,Yes,Mailed check,58.11,1561.87,No
CUST06886,Male,0,Yes,No,35,Yes,Fiber optic,Yes,Yes,Yes,No,Yes,Two year,Yes,Credit card,75.15,2532.58,No
CUST06887,Female,0,Yes,No,30,Yes,No,No internet service,No internet service,No internet service,No internet service,No internet service,Two year,Yes,Credit card,81.73,2526.38,No
CUST06888,Male,0,No,No,16,Yes,Fiber optic,No,No,Yes,No,No,Month-to-month,Yes,Credit card,103.55,1583.82,Yes
CUST06889,Male,0,Yes,Yes,27,Yes,DSL,No,No,Yes,No,No,One year,Yes,Mailed check,98.23,2629.58,No
CUST06890,Female,0,Yes,Yes,21,Yes,Fiber optic,Yes,Yes,No,Yes,No,Two year,No,Bank transfer,81.68,1790.18,No
CUST06891,Male,0,No,No,32,Yes,Fiber optic,Yes,Yes,Yes,No,No,Month-to-month,Yes,Bank transfer,75.87,2532.5,No
CUST06892,Male,0,No,Yes,27,No,No,No internet service,No internet service,No internet service,No internet service,No internet service,Two year,No,Mailed check,51.28,1455.19,No
CUST06893,Male,0,No,No,38,Yes,Fiber optic,Yes,No,Yes,Yes,Yes,Month-to-month,Yes,Electronic check,69.19,,Yes
CUST06894,Female,1,No,No,58,Yes,No,No internet service,No internet service,No internet service,No internet service,No internet service,Month-to-month,Yes,Mailed check,130.57,7478.08,No
CUST06895,Female,0,Yes,No,24,Yes,Fiber optic,Yes,Yes,No,Yes,No,One year,Yes,Bank transfer,50.04,1119.59,No
CUST06896,Female,0,No,No,4,Yes,DSL,Yes,No,Yes,No,Yes,Month-to-month,Yes,Electronic check,59.94,132.53,Yes
CUST06897,Male,0,Yes,No,59,Yes,Fiber optic,No,No,No,No,No,Month-to-month,No,Electronic check,39.45,2243.07,No
CUST06898,Male,0,No,No,13,Yes,Fiber optic,Yes,Yes,Yes,Yes,No,Two year,Yes,Electronic check,55.32,731.81,No
CUST06899,Female,0,Yes,No,67,Yes,DSL,Yes,Yes,Yes,No,Yes,Month-to-month,Yes,Credit card,44.42,3056.58,No
CUST06900,Female,0,No,Yes,38,No,Fiber optic,No,No,Yes,No,Yes,Two year,Yes,Credit card,43.35,1727.46,No
CUST06901,Male,0,No,No,38,Yes,DSL,No,No,No,Yes,Yes,Month-to-month,No,Electronic check,82.07,2970.54,Yes
CUST06902,Female,0,Yes,No,29,Yes,Fiber optic,No,No,Yes,Yes,Yes,Two year,No,Mailed check,92.26,2672.63,No
CUST06903,Female,0,Yes,No,51,Yes,Fiber optic,No,Yes,Yes,Yes,No,Month-to-month,Yes,Credit card,82.82,4201.9,Yes
CUST06904,Female,0,No,No,47,Yes,DSL,No,Yes,Yes,Yes,No,Two year,No,Mailed check,48.46,2092.24,No
CUST06905,Female,0,Yes,No,67,Yes,Fiber optic,No,Yes,Yes,Yes,No,Two year,Yes,Electronic check,31.9,,No
CUST06906,Male,0,No,No,1,Yes,Fiber optic,No,Yes,No,Yes,Yes,Two year,Yes,Bank transfer,22.88,87.04,No
CUST06907,Male,0,Yes,No,14,Yes,Fiber optic,No,No,Yes,Yes,Yes,One year,No,Bank transfer,43.53,560.8,No
CUST06908,Male,0,No,No,20,Yes,No,No internet service,No internet service,No internet service,No internet service,No internet service,Month-to-month,No,Bank transfer,48.35,942.24,Yes
CUST06909,Male,0,No,No,13,Yes,No,No internet service,No internet service,No internet service,No internet service,No internet service,Two year,Yes,Mailed check,62.53,824.53,No
CUST06910,Female,0,Yes,No,69,Yes,Fiber optic,Yes,Yes,No,Yes,No,Month-to-month,Yes,Credit card,80.56,5591.74,Yes
CUST06911,Female,0,No,No,5,Yes,Fiber optic,Yes,Yes,No,No,Yes,Month-to-month,Yes,Electronic check,64.33,269.75,Yes
CUST06912,Female,0,No,No,8,Yes,Fiber optic,Yes,Yes,No,No,Yes,Month-to-month,Yes,Mailed check,113.61,840.16,Yes
CUST06913,Male,0,No,Yes,32,Yes,No,No internet service,No internet service,No internet service,No internet service,No internet service,One year,No,Credit card,131.67,4126.57,No
CUST06914,Female,1,No,No,19,Yes,DSL,Yes,Yes,No,Yes,No,Two year,No,Mailed check,71.34,1474.57,No
CUST06915,Male,0,No,No,24,Yes,Fiber optic,No,Yes,Yes,Yes,No,Two year,Yes,Electronic check,26.15,725.17,Yes
CUST06916,Female,1,Yes,No,44,Yes,DSL,Yes,No,Yes,Yes,No,One year,No,Bank transfer,60.58,2578.13,No
CUST06917,Male,1,Yes,No,40,Yes,No,No internet service,No internet service,No internet service,No internet service,No internet service,One year,No,Bank transfer,67.33,2621.54,No
CUST06918,Male,0,Yes,No,63,Yes,No,No internet service,No internet service,No internet service,No internet service,No internet service,Two year,Yes,Bank transfer,91.15,5657.6,No
CUST06919,Male,0,No,Yes,32,Yes,DSL,Yes,Yes,No,No,No,One year,Yes,Mailed check,40.6,1180.4,No
CUST06920,Female,0,No,No,68,Yes,Fiber optic,No,No,Yes,No,No,Month-to-month,Yes,Credit card,33.42,2428.64,No
CUST06921,Male,1,Yes,No,13,Yes,Fiber optic,No,Yes,No,Yes,Yes,Two year,No,Bank transfer,80.55,988.4,No
CUST06922,Male,0,No,No,14,Yes,DSL,Yes,No,Yes,No,No,Two year,Yes,Bank transfer,60.33,905.38,Yes
CUST06923,Male,0,Yes,No,28,Yes,DSL,Yes,No,Yes,Yes,No,One year,Yes,Bank transfer,59.93,1650.95,No
CUST06924,Female,0,No,No,8,Yes,No,No internet service,No internet service,No internet service,No internet service,No internet service,One year,No,Credit card,52.01,398.52,No
CUST06925,Male,1,No,No,2,Yes,DSL,Yes,Yes,No,Yes,No,Two year,Yes,Bank transfer,63.91,104.7,No
CUST06926,Male,0,No,No,27,Yes,Fiber optic,No,Yes,Yes,No,Yes,Two year,No,Credit card,78.98,2161.86,No
CUST06927,Male,0,No,No,39,Yes,No,No internet service,No internet service,No internet service,No internet service,No internet service,Month-to-month,No,Mailed check,18.0,687.21,Yes
CUST06928,Male,0,No,Yes,20,Yes,DSL,No,Yes,No,Yes,No,Two year,Yes,Electronic check,74.41,1547.83,No
CUST06929,Female,0,Yes,No,19,Yes,Fiber optic,Yes,No,No,No,Yes,One year,No,Bank transfer,91.19,1825.05,No
CUST06930,Female,1,No,No,7,Yes,No,No internet service,No internet service,No internet service,No internet service,No internet service,One year,No,Mailed check,85.18,546.63,No
CUST06931,Male,0,Yes,No,8,Yes,No,No internet service,No internet service,No internet service,No internet service,No internet service,Month-to-month,Yes,Credit card,126.68,1029.78,Yes
CUST06932,Female,0,No,No,64,Yes,DSL,Yes,Yes,Yes,Yes,No,Month-to-month,No,Electronic check,63.06,3905.15,No
CUST06933,Male,0,No,Yes,4,Yes,DSL,No,Yes,No,No,No,Month-to-month,Yes,Credit card,71.68,244.96,No
CUST06934,Female,0,Yes,No,51,Yes,Fiber optic,Yes,No,No,Yes,No,Month-to-month,No,Credit card,105.84,5399.3,Yes
CUST06935,Male,0,Yes,No,52,Yes,DSL,No,No,Yes,Yes,Yes,Month-to-month,No,Credit card,75.35,3902.28,No
CUST06936,Male,0,Yes,No,14,Yes,Fiber optic,Yes,No,Yes,Yes,Yes,One year,No,Mailed check,111.64,1554.25,Yes
CUST06937,Male,0,No,No,18,Yes,DSL,Yes,No,Yes,No,Yes,Month-to-month,No,Credit card,94.42,1740.89,No
CUST06938,Male,0,Yes,No,26,Yes,No,No internet service,No internet service,No internet service,No internet service,No internet service,Month-to-month,No,Bank transfer,77.6,2075.63,No
CUST06939,Female,1,No,Yes,48,Yes,Fiber optic,No,Yes,No,No,Yes,Month-to-month,Yes,Electronic check,73.71,3368.0,No
CUST06940,Female,0,Yes,Yes,2,Yes,Fiber optic,Yes,Yes,No,No,No,Two year,Yes,Mailed check,68.13,150.9,No
CUST06941,Female,0,No,No,59,Yes,No,No internet service,No internet service,No internet service,No internet service,No internet service,Two year,Yes,Bank transfer,73.13,4289.49,Yes
CUST06942,Male,0,No,No,24,Yes,DSL,Yes,No,Yes,No,Yes,Month-to-month,Yes,Credit card,52.86,1230.1,Yes
CUST06943,Female,0,Yes,Yes,36,Yes,Fiber optic,Yes,No,No,No,Yes,Month-to-month,No,Mailed check,90.94,3385.52,Yes
CUST06944,Male,1,No,Yes,66,No,No,No internet service,No internet service,No internet service,No internet service,No internet service,Month-to-month,Yes,Mailed check,121.86,7902.22,No
CUST06945,Female,0,Yes,No,9,Yes,Fiber optic,Yes,Yes,Yes,Yes,No,One year,Yes,Bank transfer,28.7,254.05,Yes
CUST06946,Female,0,No,Yes,69,Yes,DSL,No,No,Yes,No,Yes,Two year,Yes,Electronic check,103.47,7254.55,No
CUST06947,Male,0,Yes,No,44,Yes,No,No internet service,No internet service,No internet service,No internet service,No internet service,Two year,No,Credit card,80.05,3527.96,No
CUST06948,Male,0,No,No,31,Yes,DSL,No,No,Yes,No,No,Two year,Yes,Mailed check,100.11,3027.42,Yes
CUST06949,Male,0,Yes,Yes,5,Yes,Fiber optic,Yes,Yes,Yes,Yes,No,One year,No,Bank transfer,59.32,279.29,No
CUST06950,Female,0,No,Yes,4,No,DSL,No,Yes,Yes,No,Yes,Month-to-month,Yes,Mailed check,69.47,419.57,No
CUST06951,Female,0,Yes,No,59,Yes,Fiber optic,Yes,No,No,Yes,Yes,Month-to-month,Yes,Mailed check,105.64,6326.51,No
CUST06952,Male,0,No,Yes,29,Yes,DSL,No,Yes,Yes,No,Yes,Month-to-month,Yes,Mailed check,72.77,2068.89,No
CUST06953,Female,0,Yes,No,55,Yes,DSL,,No,Yes,No,Yes,Month-to-month,No,Credit card,94.62,5326.89,No
CUST06954,Female,0,Yes,Yes,60,Yes,Fiber optic,No,No,Yes,Yes,No,Month-to-month,Yes,Mailed check,59.29,3608.38,Yes
CUST06955,Male,0,No,No,29,Yes,DSL,No,Yes,No,Yes,No,Month-to-month,Yes,Credit card,69.04,1798.77,No
CUST06956,Female,0,Yes,No,23,Yes,No,No internet service,No internet service,No internet service,No internet service,No internet service,Month-to-month,Yes,Electronic check,,1986.3,Yes
CUST06957,Male,0,No,No,19,Yes,Fiber optic,No,Yes,Yes,Yes,No,Month-to-month,Yes,Mailed check,84.12,1744.3,Yes
CUST06958,Female,1,No,Yes,46,Yes,Fiber optic,No,Yes,No,No,Yes,Two year,Yes,Electronic check,94.67,4342.28,No
CUST06959,Male,1,Yes,No,51,Yes,DSL,No,Yes,Yes,Yes,Yes,Month-to-month,Yes,Mailed check,65.48,3461.13,No
CUST06960,Female,0,No,No,25,Yes,No,No internet service,No internet service,No internet service,No internet service,No internet service,Month-to-month,Yes,Credit card,74.0,1735.24,No
CUST06961,Male,0,Yes,Yes,41,Yes,Fiber optic,No,Yes,No,No,No,Month-to-month,No,Bank transfer,98.23,3922.72,Yes
CUST06962,Male,0,No,No,39,Yes,Fiber optic,No,No,Yes,No,No,One year,Yes,Electronic check,110.07,4383.34,No
CUST06963,Male,0,No,No,10,Yes,DSL,Yes,No,Yes,No,Yes,Two year,Yes,Bank transfer,53.02,598.37,No
CUST06964,Female,0,Yes,Yes,38,Yes,No,No internet service,No internet service,No internet service,No internet service,No internet service,Month-to-month,No,Mailed check,103.7,3938.51,No
CUST06965,Male,0,Yes,No,55,Yes,Fiber optic,No,No,No,No,Yes,Two year,No,Electronic check,54.78,3082.41,No
CUST06966,Female,0,No,No,70,Yes,DSL,No,Yes,Yes,Yes,No,Two year,No,Electronic check,79.19,5495.89,No
CUST06967,Female,1,No,Yes,24,Yes,DSL,No,No,No,Yes,Yes,Two year,Yes,Mailed check,81.05,1855.09,No
CUST06968,Female,0,Yes,Yes,17,Yes,Fiber optic,No,Yes,No,Yes,No,One year,Yes,Electronic check,61.82,1081.88,Yes
CUST06969,Female,0,Yes,No,65,Yes,DSL,Yes,Yes,Yes,No,No,Month-to-month,Yes,Bank transfer,69.56,4498.45,No
CUST06970,Female,0,Yes,No,67,Yes,Fiber optic,Yes,Yes,No,No,Yes,Month-to-month,Yes,Bank transfer,29.77,2027.92,No
CUST06971,Male,1,No,Yes,60,No,DSL,No,Yes,Yes,Yes,No,One year,Yes,Credit card,92.12,5543.71,No
CUST06972,Female,0,No,No,24,Yes,Fiber optic,No,Yes,Yes,Yes,No,Two year,Yes,Credit card,67.06,1582.63,No
CUST06973,Male,1,Yes,No,20,Yes,No,,No internet service,No internet service,No internet service,No internet service,One year,Yes,Credit card,72.95,1609.74,No
CUST06974,Female,1,No,Yes,45,Yes,Fiber optic,No,Yes,Yes,No,Yes,Month-to-month,Yes,Mailed check,59.69,2603.03,Yes
CUST06975,Male,0,No,No,18,Yes,DSL,No,No,No,No,Yes,Month-to-month,Yes,Mailed check,92.2,,Yes
CUST06976,Female,0,No,No,56,Yes,Fiber optic,Yes,Yes,No,No,Yes,Month-to-month,Yes,Bank transfer,78.63,4395.82,No
CUST06977,Female,0,Yes,No,29,Yes,No,No internet service,No internet service,No internet service,No internet service,No internet service,Two year,Yes,Mailed check,45.27,1337.42,No
CUST06978,Male,0,Yes,No,23,Yes,No,No internet service,No internet service,No internet service,No internet service,No internet service,Month-to-month,Yes,Credit card,71.19,1641.1,Yes
CUST06979,Female,0,Yes,Yes,58,Yes,Fiber optic,Yes,No,Yes,Yes,Yes,Month-to-month,Yes,Credit card,48.12,2877.34,Yes
CUST06980,Male,0,No,Yes,25,Yes,No,No internet service,No internet service,No internet service,No internet service,No internet service,One year,No,Bank transfer,74.51,1887.76,No
CUST06981,Male,0,Yes,Yes,9,Yes,DSL,Yes,No,Yes,Yes,Yes,Month-to-month,Yes,Mailed check,91.07,767.58,Yes
CUST06982,Female,0,Yes,No,58,Yes,DSL,No,Yes,No,Yes,No,Month-to-month,Yes,Credit card,78.82,4489.41,No
CUST06983,Female,0,No,No,23,Yes,DSL,Yes,No,Yes,No,No,Month-to-month,Yes,Bank transfer,84.86,1890.23,No
CUST06984,Male,0,No,Yes,47,Yes,DSL,No,Yes,No,Yes,No,Month-to-month,No,Electronic check,100.43,4655.15,No
CUST06985,Female,0,Yes,No,48,Yes,No,No internet service,No internet service,No internet service,No internet service,No internet service,Month-to-month,Yes,Electronic check,53.53,2623.73,No
CUST06986,Female,0,Yes,No,6,Yes,DSL,Yes,Yes,Yes,Yes,No,Month-to-month,Yes,Electronic check,63.03,371.57,Yes
CUST06987,Female,0,Yes,No,2,Yes,Fiber optic,No,Yes,No,No,Yes,Month-to-month,Yes,Electronic check,29.0,89.64,Yes
CUST06988,Female,0,Yes,No,59,No,DSL,Yes,No,Yes,Yes,Yes,One year,No,Mailed check,64.51,3695.88,No
CUST06989,Male,0,Yes,No,4,Yes,No,No internet service,No internet service,No internet service,No internet service,No internet service,One year,Yes,Bank transfer,58.67,209.41,No
CUST06990,Male,0,Yes,No,24,Yes,No,No internet service,No internet service,No internet service,No internet service,No internet service,One year,Yes,Bank transfer,90.35,2207.05,No
CUST06991,Female,0,Yes,No,55,Yes,Fiber optic,No,No,No,Yes,No,One year,No,Mailed check,85.53,4787.35,No
CUST06992,Female,0,No,No,12,Yes,Fiber optic,No,No,No,No,No,Two year,Yes,Mailed check,111.52,1219.41,No
CUST06993,Male,1,No,No,38,Yes,No,No internet service,No internet service,No internet service,No internet service,No internet service,Month-to-month,Yes,Bank transfer,61.46,2460.91,No
CUST06994,Female,0,Yes,Yes,8,Yes,No,No internet service,No internet service,No internet service,No internet service,No internet service,Month-to-month,No,Credit card,83.92,786.64,Yes
CUST06995,Female,0,No,No,40,Yes,Fiber optic,No,Yes,Yes,Yes,No,One year,No,Bank transfer,92.51,3781.82,No
CUST06996,Female,0,Yes,No,52,Yes,Fiber optic,No,Yes,Yes,No,No,Month-to-month,Yes,Electronic check,131.28,6927.79,Yes
CUST06997,Male,0,No,Yes,18,Yes,DSL,Yes,Yes,No,No,No,Month-to-month,No,Mailed check,84.89,1497.75,No
CUST06998,Male,1,No,Yes,20,Yes,Fiber optic,No,No,No,Yes,Yes,Month-to-month,Yes,Credit card,72.8,1392.19,Yes
CUST06999,Male,1,No,No,38,Yes,No,No internet service,No internet service,No internet service,No internet service,No internet service,Two year,No,Credit card,77.14,2938.11,No
CUST07000,Female,0,No,Yes,57,Yes,DSL,No,No,No,No,No,Two year,No,Mailed check,85.63,4904.99,No
CUST07001,Female,0,Yes,No,39,No,DSL,No,No,No,Yes,Yes,Month-to-month,No,Mailed check,108.33,4174.86,Yes
CUST07002,Male,0,Yes,Yes,51,Yes,DSL,Yes,Yes,No,No,No,Month-to-month,Yes,Credit card,63.36,3278.5,No
CUST07003,Female,1,No,Yes,30,Yes,No,No internet service,No internet service,No internet service,No internet service,No internet service,Month-to-month,Yes,Credit card,56.23,1799.66,No
CUST07004,Female,0,Yes,No,9,Yes,Fiber optic,No,No,Yes,No,No,Month-to-month,No,Mailed check,139.55,1327.58,No
CUST07005,Male,1,No,Yes,70,Yes,No,No internet service,No internet service,No internet service,No internet service,No internet service,Month-to-month,Yes,Electronic check,45.83,3211.88,No
CUST07006,Male,0,Yes,Yes,58,Yes,Fiber optic,Yes,Yes,No,No,Yes,Month-to-month,No,Bank transfer,95.39,5337.38,Yes
CUST07007,Female,0,Yes,No,3,Yes,DSL,Yes,No,No,Yes,Yes,One year,Yes,Bank transfer,84.41,130.36,No
CUST07008,Female,0,No,No,20,Yes,Fiber optic,Yes,Yes,No,No,Yes,Two year,No,Bank transfer,82.05,1633.48,No
CUST07009,Female,0,No,No,30,Yes,DSL,No,Yes,No,Yes,Yes,Month-to-month,Yes,Credit card,43.31,1350.67,No
CUST07010,Female,0,No,No,5,No,Fiber optic,No,No,Yes,Yes,No,Month-to-month,Yes,Mailed check,141.73,594.88,Yes
CUST07011,Male,0,No,Yes,62,Yes,Fiber optic,No,Yes,No,No,Yes,One year,No,Credit card,78.41,4869.09,Yes
CUST07012,Female,0,No,No,12,Yes,Fiber optic,No,No,No,Yes,No,Month-to-month,Yes,Credit card,61.12,790.35,Yes
CUST07013,Female,0,Yes,No,15,No,Fiber optic,No,Yes,No,No,No,Month-to-month,Yes,Electronic check,40.76,606.21,Yes
CUST07014,Male,0,No,Yes,23,Yes,Fiber optic,Yes,Yes,No,Yes,No,Month-to-month,Yes,Bank transfer,23.73,496.09,Yes
CUST07015,Male,0,Yes,Yes,68,Yes,No,No internet service,No internet service,No internet service,No internet service,No internet service,One year,Yes,Electronic check,91.6,6110.19,No
CUST07016,Female,0,Yes,No,16,Yes,DSL,Yes,Yes,No,No,No,Month-to-month,No,Electronic check,53.06,910.76,No
CUST07017,Female,0,No,Yes,31,Yes,No,No internet service,No internet service,No internet service,No internet service,No internet service,Month-to-month,No,Electronic check,67.3,2033.94,Yes
CUST07018,Female,1,Yes,Yes,49,Yes,Fiber optic,Yes,No,Yes,No,Yes,One year,No,Credit card,58.94,3019.77,No
CUST07019,Male,1,Yes,No,11,Yes,Fiber optic,Yes,No,No,Yes,No,Month-to-month,Yes,Credit card,87.45,976.12,No
CUST07020,Male,0,Yes,No,6,Yes,DSL,Yes,No,Yes,Yes,No,Two year,Yes,Mailed check,83.74,531.98,No
CUST07021,Female,0,No,No,6,Yes,DSL,Yes,No,Yes,No,Yes,Month-to-month,No,Credit card,92.8,623.41,Yes
CUST07022,Female,0,No,Yes,13,Yes,Fiber optic,No,No,No,No,No,Month-to-month,Yes,Bank transfer,93.76,1189.73,No
CUST07023,Female,0,Yes,No,23,Yes,No,No internet service,No internet service,No internet service,No internet service,No internet service,Month-to-month,Yes,Electronic check,56.1,1327.89,Yes
CUST07024,Female,1,No,No,68,Yes,Fiber optic,No,No,No,Yes,No,Two year,Yes,Mailed check,40.33,2690.8,No
CUST07025,Male,0,Yes,No,67,Yes,DSL,No,No,Yes,No,No,Month-to-month,No,Bank transfer,70.29,4645.38,No
CUST07026,Female,0,No,No,41,Yes,No,No internet service,No internet service,No internet service,No internet service,No internet service,Month-to-month,Yes,Bank transfer,86.93,3491.22,No
CUST07027,Male,0,No,No,68,No,No,No internet service,No internet service,No internet service,No internet service,No internet service,Month-to-month,Yes,Bank transfer,76.71,5177.14,No
CUST07028,Female,0,Yes,Yes,2,Yes,Fiber optic,Yes,No,No,Yes,No,Two year,No,Bank transfer,27.27,219.22,No
CUST07029,Male,1,No,No,41,Yes,DSL,Yes,No,Yes,Yes,Yes,Two year,Yes,Bank transfer,75.44,3020.74,No
CUST07030,Female,0,No,No,32,Yes,Fiber optic,Yes,No,No,Yes,Yes,One year,Yes,Credit card,48.99,1616.78,No
CUST07031,Female,1,Yes,No,8,Yes,No,No internet service,No internet service,No internet service,No internet service,No internet service,Month-to-month,Yes,Bank transfer,74.55,578.24,Yes
CUST07032,Female,0,Yes,No,40,Yes,DSL,Yes,No,Yes,No,No,Month-to-month,Yes,Mailed check,98.11,3833.52,Yes
CUST07033,Female,0,No,No,33,Yes,DSL,No,No,No,No,No,Month-to-month,No,Electronic check,18.0,657.32,No
CUST07034,Female,1,Yes,No,55,Yes,Fiber optic,Yes,Yes,No,No,No,Month-to-month,Yes,Electronic check,111.68,6102.13,Yes
CUST07035,Female,0,Yes,Yes,30,Yes,Fiber optic,No,Yes,Yes,Yes,Yes,Two year,Yes,Mailed check,47.85,1399.8,No
CUST07036,Male,0,No,No,31,Yes,DSL,No,No,No,Yes,No,One year,Yes,Mailed check,98.9,3152.54,No
CUST07037,Male,0,Yes,No,16,Yes,Fiber optic,No,Yes,No,Yes,Yes,Month-to-month,Yes,Electronic check,95.03,1499.51,Yes
CUST07038,Female,1,Yes,No,34,Yes,No,No internet service,No internet service,No internet service,No internet service,No internet service,Two year,Yes,Bank transfer,66.47,2277.89,No
CUST07039,Female,0,Yes,Yes,5,Yes,No,No internet service,No internet service,No internet service,No internet service,No internet service,Month-to-month,Yes,Mailed check,85.36,424.58,Yes
CUST07040,Female,0,Yes,No,41,Yes,DSL,No,No,No,No,No,Month-to-month,Yes,Mailed check,56.46,2307.34,No
CUST07041,Female,0,No,No,27,Yes,No,No internet service,No internet service,No internet service,No internet service,No internet service,Month-to-month,Yes,Bank transfer,30.85,,No
CUST07042,Female,0,No,No,19,Yes,Fiber optic,Yes,Yes,Yes,Yes,Yes,Month-to-month,Yes,Credit card,102.44,2014.99,No
CUST07043,Female,0,Yes,No,27,Yes,DSL,Yes,Yes,No,No,Yes,Month-to-month,Yes,Bank transfer,56.92,1554.6,No
